year_month,Actor1CountryCode,Actor2CountryCode,total_events,geo_unrest_score,total_gov_gov_events,total_ngov_gov_events,total_gov_ngov_events,pol_involve_score,suri_score,avg_goldstein,total_mentions,total_sources,total_articles,avg_tone,ingested_at
2025-01-01,SYR,PAK,1,0,0,0,0,0.0,0.0,1.9,2,1,2,-6.08365019011407,2026-02-25T01:53:14.770Z
2025-01-01,USA,GBR,253,8,19,1,1,0.08300395256916997,0.6640316205533597,1.4699604743083021,747,265,740,-0.5487844915411096,2026-02-25T01:53:14.770Z
2025-01-01,CHN,IRN,4,0,0,0,0,0.0,0.0,7.4,7,4,7,-1.0731678634181399,2026-02-25T01:53:14.770Z
2025-01-01,RUS,PAK,2,0,0,0,0,0.0,0.0,0.0,18,2,18,-0.42016806722689,2026-02-25T01:53:14.770Z
2025-01-01,RUS,SYR,62,2,0,0,0,0.0,0.0,2.4838709677419355,162,64,162,-2.503278754163069,2026-02-25T01:53:14.770Z
2025-01-01,IRN,RUS,37,0,0,0,0,0.0,0.0,0.8459459459459459,96,37,96,-2.450924264725608,2026-02-25T01:53:14.770Z
2025-01-01,FRA,RUS,19,1,0,0,0,0.0,0.0,2.5842105263157897,80,19,80,-2.559886156986969,2026-02-25T01:53:14.770Z
2025-01-01,IND,CHN,4,0,0,0,0,0.0,0.0,3.6,13,4,13,-1.24428302394404,2026-02-25T01:53:14.770Z
2025-01-01,PAK,USA,36,0,2,0,0,0.05555555555555555,0.0,-0.30555555555555564,124,36,123,-2.978500848655559,2026-02-25T01:53:14.770Z
2025-01-01,TUR,IRN,14,0,0,0,0,0.0,0.0,2.0571428571428574,40,14,40,-2.3221149163416053,2026-02-25T01:53:14.770Z
2025-01-01,KOR,UKR,15,0,0,0,0,0.0,0.0,-3.9,42,17,42,-1.493274559314334,2026-02-25T01:53:14.770Z
2025-01-01,MEX,ISR,11,0,0,0,0,0.0,0.0,2.209090909090909,26,11,26,-1.5402615535863782,2026-02-25T01:53:14.770Z
2025-01-01,ISR,PSE,953,26,0,0,20,0.02098635886673662,0.5456453305351521,-0.08268625393494222,3211,1114,3191,-5.3720807465877165,2026-02-25T01:53:14.770Z
2025-01-01,ISR,FRA,27,0,0,0,0,0.0,0.0,-2.9481481481481477,61,27,61,-5.010960961624617,2026-02-25T01:53:14.770Z
2025-01-01,EGY,IRN,4,2,0,0,0,0.0,0.0,-2.0,15,4,15,-5.864668730132175,2026-02-25T01:53:14.770Z
2025-01-01,USA,ARG,11,0,0,0,0,0.0,0.0,1.2181818181818183,45,11,41,1.0125318475452354,2026-02-25T01:53:14.770Z
2025-01-01,RUS,ISR,10,6,0,0,0,0.0,0.0,-1.55,22,10,22,-3.157425645566779,2026-02-25T01:53:14.770Z
2025-01-01,SYR,SYR,67,3,5,0,0,0.07462686567164178,0.22388059701492535,-0.14776119402985097,250,67,242,-2.0703461808052395,2026-02-25T01:53:14.770Z
2025-01-01,CHN,KOR,14,0,0,0,0,0.0,0.0,3.3428571428571416,44,14,44,1.5200934808882427,2026-02-25T01:53:14.770Z
2025-01-01,UKR,GBR,46,2,1,0,0,0.021739130434782608,0.043478260869565216,3.6847826086956528,179,46,177,-1.0228863901664267,2026-02-25T01:53:14.770Z
2025-01-01,UKR,SYR,9,0,0,0,0,0.0,0.0,-0.46666666666666656,14,9,14,-2.8000664311019556,2026-02-25T01:53:14.770Z
2025-01-01,PAK,FRA,1,0,0,0,0,0.0,0.0,-5.0,8,1,8,-3.80848748639826,2026-02-25T01:53:14.770Z
2025-01-01,EGY,ETH,2,0,0,0,0,0.0,0.0,1.0,10,2,10,-4.31654676258993,2026-02-25T01:53:14.770Z
2025-01-01,USA,RWA,5,0,0,0,0,0.0,0.0,-0.8,22,5,18,-1.8787107587049143,2026-02-25T01:53:14.770Z
2025-01-01,ISR,ARG,1,0,0,0,0,0.0,0.0,1.9,1,1,1,-5.76441102756892,2026-02-25T01:53:14.770Z
2025-01-01,FRA,GBR,50,0,0,0,0,0.0,0.0,3.78,172,52,170,-0.7257707351194278,2026-02-25T01:53:14.770Z
2025-01-01,GBR,EGY,5,2,0,0,0,0.0,0.0,-0.8,12,5,12,-7.19225449515906,2026-02-25T01:53:14.770Z
2025-01-01,PSE,EGY,79,1,0,1,0,0.012658227848101266,0.012658227848101266,0.18354430379746836,212,79,212,-3.788944189751687,2026-02-25T01:53:14.770Z
2025-01-01,PRK,GBR,2,0,0,0,0,0.0,0.0,2.8,10,2,10,-0.80645161290322,2026-02-25T01:53:14.770Z
2025-01-01,IND,IND,122,6,3,5,3,0.09016393442622951,0.5409836065573771,0.19344262295081954,442,123,442,-2.61091219456265,2026-02-25T01:53:14.770Z
2025-01-01,USA,VEN,131,5,1,0,0,0.007633587786259542,0.03816793893129771,-0.11984732824427491,382,149,381,-3.055597867608111,2026-02-25T01:53:14.770Z
2025-01-01,UKR,TUR,2,0,0,0,0,0.0,0.0,0.0,8,2,8,-2.09605749186264,2026-02-25T01:53:14.770Z
2025-01-01,PRK,CHN,3,0,0,0,0,0.0,0.0,4.166666666666667,4,3,4,-2.43690165361184,2026-02-25T01:53:14.770Z
2025-01-01,ARG,GBR,2,0,0,0,0,0.0,0.0,3.0,11,2,8,0.25062656641604,2026-02-25T01:53:14.770Z
2025-01-01,EGY,ISR,77,7,0,0,0,0.0,0.0,0.4999999999999999,195,77,195,-4.170470739342647,2026-02-25T01:53:14.770Z
2025-01-01,RWA,GBR,1,0,0,0,0,0.0,0.0,0.0,2,1,2,-4.34782608695653,2026-02-25T01:53:14.770Z
2025-01-01,BRA,CHN,5,0,0,0,0,0.0,0.0,5.4399999999999995,11,5,11,-2.077691068995413,2026-02-25T01:53:14.770Z
2025-01-01,CHN,ETH,1,0,0,0,0,0.0,0.0,7.4,2,1,2,-0.46816479400749,2026-02-25T01:53:14.770Z
2025-01-01,MEX,RUS,2,0,0,0,0,0.0,0.0,-2.0,8,2,8,-4.71303686811098,2026-02-25T01:53:14.770Z
2025-01-01,BRA,BRA,47,0,3,0,0,0.06382978723404255,0.0,0.9617021276595741,152,47,152,-3.460678537075481,2026-02-25T01:53:14.770Z
2025-01-01,GBR,ARG,4,0,0,0,0,0.0,0.0,0.75,9,4,9,-0.6009847102964525,2026-02-25T01:53:14.770Z
2025-01-01,RUS,KOR,9,0,0,0,0,0.0,0.0,2.0444444444444443,14,9,14,-1.4699062350341643,2026-02-25T01:53:14.770Z
2025-01-01,UKR,ISR,5,0,0,0,0,0.0,0.0,2.96,9,5,9,0.5313595624263441,2026-02-25T01:53:14.770Z
2025-01-01,RWA,COD,94,6,0,0,0,0.0,0.0,-1.2478723404255316,386,99,376,-5.2852862796045645,2026-02-25T01:53:14.770Z
2025-01-01,GBR,RUS,45,0,3,0,5,0.17777777777777778,0.0,-0.4177777777777778,94,51,94,-4.897324195558746,2026-02-25T01:53:14.770Z
2025-01-01,VEN,ISR,4,0,0,0,0,0.0,0.0,3.4,12,4,11,3.9906103286385,2026-02-25T01:53:14.770Z
2025-01-01,DEU,PSE,13,2,0,0,0,0.0,0.0,-5.076923076923077,27,13,27,-6.555658686399391,2026-02-25T01:53:14.770Z
2025-01-01,FRA,IRN,13,0,0,0,0,0.0,0.0,2.8615384615384616,44,13,44,-4.900137277871525,2026-02-25T01:53:14.770Z
2025-01-01,CHN,ARG,1,0,0,0,0,0.0,0.0,2.8,2,1,2,2.32558139534884,2026-02-25T01:53:14.770Z
2025-01-01,ISR,MEX,21,0,0,0,0,0.0,0.0,-4.104761904761905,44,22,44,-2.932816018101502,2026-02-25T01:53:14.770Z
2025-01-01,ISR,IND,9,0,0,0,0,0.0,0.0,2.3666666666666667,18,9,18,3.888796639668396,2026-02-25T01:53:14.770Z
2025-01-01,VEN,IRN,3,0,0,0,0,0.0,0.0,6.400000000000001,6,3,6,-2.41134751773049,2026-02-25T01:53:14.770Z
2025-01-01,ISR,GBR,33,2,0,0,0,0.0,0.0,1.5303030303030296,110,39,108,-3.6014058525304407,2026-02-25T01:53:14.770Z
2025-01-01,SYR,PSE,11,0,0,0,0,0.0,0.0,1.0727272727272725,33,11,33,-2.224618764666419,2026-02-25T01:53:14.770Z
2025-01-01,FRA,EGY,3,0,0,0,0,0.0,0.0,4.0,8,3,8,0.99700897308075,2026-02-25T01:53:14.770Z
2025-01-01,DEU,MEX,2,0,0,0,0,0.0,0.0,3.4,10,2,10,-0.323624595469253,2026-02-25T01:53:14.770Z
2025-01-01,USA,EGY,40,0,0,0,0,0.0,0.0,2.005,104,40,104,-2.565913103184074,2026-02-25T01:53:14.770Z
2025-01-01,KOR,PRK,29,0,0,0,0,0.0,0.0,0.9655172413793103,75,29,75,-1.186812949832184,2026-02-25T01:53:14.770Z
2025-01-01,CHN,UKR,7,0,0,0,0,0.0,0.0,2.457142857142857,36,13,36,-1.669095161792067,2026-02-25T01:53:14.770Z
2025-01-01,USA,MEX,273,2,6,0,0,0.02197802197802198,0.04395604395604396,1.0487179487179499,875,290,863,-2.5089908913345877,2026-02-25T01:53:14.770Z
2025-01-01,ETH,ETH,27,0,0,0,0,0.0,0.0,4.955555555555556,50,27,50,2.441386110771407,2026-02-25T01:53:14.770Z
2025-01-01,ETH,TUR,2,0,0,0,0,0.0,0.0,3.4,10,2,10,12.3919308357349,2026-02-25T01:53:14.770Z
2025-01-01,ISR,ETH,1,0,0,0,0,0.0,0.0,1.9,5,1,5,-1.79041600842549,2026-02-25T01:53:14.770Z
2025-01-01,ISR,USA,379,15,17,0,2,0.05013192612137203,0.7519788918205804,1.0641160949868076,1009,404,1001,-3.4232915154350083,2026-02-25T01:53:14.770Z
2025-01-01,GBR,IND,11,0,0,0,0,0.0,0.0,0.43636363636363645,28,11,28,0.2681772842541472,2026-02-25T01:53:14.770Z
2025-01-01,SYR,UKR,8,0,0,0,0,0.0,0.0,1.9500000000000002,16,8,16,-3.0081031250484154,2026-02-25T01:53:14.770Z
2025-01-01,RUS,FRA,10,0,0,0,0,0.0,0.0,3.78,42,10,42,-3.480625493658844,2026-02-25T01:53:14.770Z
2025-01-01,PSE,SYR,19,0,0,0,0,0.0,0.0,-3.9210526315789473,46,20,46,-3.5097530558302084,2026-02-25T01:53:14.770Z
2025-01-01,FRA,ISR,41,1,0,0,0,0.0,0.0,-1.0219512195121951,127,44,125,-5.192363587861693,2026-02-25T01:53:14.770Z
2025-01-01,IND,BRA,2,0,0,0,0,0.0,0.0,1.9,5,2,5,-5.38172715894869,2026-02-25T01:53:14.770Z
2025-01-01,ETH,EGY,2,0,0,0,0,0.0,0.0,1.0,10,2,10,-4.31654676258993,2026-02-25T01:53:14.770Z
2025-01-01,CHN,ISR,3,0,0,0,0,0.0,0.0,2.0,8,3,7,-1.50627615062762,2026-02-25T01:53:14.770Z
2025-01-01,CHN,USA,333,15,10,0,3,0.03903903903903904,0.5855855855855856,0.40360360360360387,1240,362,1236,-1.520434672175881,2026-02-25T01:53:14.770Z
2025-01-01,GBR,RWA,8,2,0,0,0,0.0,0.0,0.75,44,8,44,-4.987615851660486,2026-02-25T01:53:14.770Z
2025-01-01,VEN,GBR,2,0,0,0,0,0.0,0.0,0.0,4,2,4,-1.02685624012639,2026-02-25T01:53:14.770Z
2025-01-01,RUS,PSE,2,0,0,0,0,0.0,0.0,2.8,3,2,3,2.04081632653061,2026-02-25T01:53:14.770Z
2025-01-01,GBR,KOR,2,0,0,0,0,0.0,0.0,3.7,14,2,14,-0.9306893897162252,2026-02-25T01:53:14.770Z
2025-01-01,KOR,KOR,69,0,3,3,1,0.10144927536231885,0.0,-0.14057971014492757,182,71,172,-2.8802123136585265,2026-02-25T01:53:14.770Z
2025-01-01,VEN,MEX,8,0,0,0,0,0.0,0.0,1.5625,24,8,24,-4.37969654478122,2026-02-25T01:53:14.770Z
2025-01-01,DEU,UKR,30,0,1,0,0,0.03333333333333333,0.0,3.286666666666667,83,30,83,-2.357358317159735,2026-02-25T01:53:14.770Z
2025-01-01,PSE,IND,1,0,0,0,0,0.0,0.0,7.0,10,1,10,-5.4421768707483,2026-02-25T01:53:14.770Z
2025-01-01,VEN,USA,108,4,1,0,0,0.009259259259259259,0.037037037037037035,0.3796296296296293,318,115,299,-3.364030168206345,2026-02-25T01:53:14.770Z
2025-01-01,KOR,CHN,31,0,0,0,0,0.0,0.0,3.100000000000002,99,31,99,0.07492075212547025,2026-02-25T01:53:14.770Z
2025-01-01,PAK,CHN,14,0,0,0,0,0.0,0.0,1.8571428571428572,40,14,40,6.38467897308377,2026-02-25T01:53:14.770Z
2025-01-01,BRA,MEX,8,0,0,0,0,0.0,0.0,-0.375,24,8,24,-5.040879372133955,2026-02-25T01:53:14.770Z
2025-01-01,EGY,PSE,120,8,0,0,0,0.0,0.0,0.10749999999999969,315,122,315,-4.728500274986348,2026-02-25T01:53:14.770Z
2025-01-01,RUS,RUS,154,13,5,1,1,0.045454545454545456,0.5909090909090909,-0.46298701298701295,469,159,451,-3.479524952818244,2026-02-25T01:53:14.770Z
2025-01-01,UKR,KOR,8,0,0,0,0,0.0,0.0,2.8625000000000007,19,8,19,0.27888310338441247,2026-02-25T01:53:14.770Z
2025-01-01,IRN,FRA,23,0,0,0,0,0.0,0.0,3.6608695652173906,81,23,81,-3.433728430366319,2026-02-25T01:53:14.770Z
2025-01-01,KOR,MEX,2,0,0,0,0,0.0,0.0,5.2,10,2,10,0.23310023310023,2026-02-25T01:53:14.770Z
2025-01-01,TUR,SYR,57,5,0,0,0,0.0,0.0,1.5,202,59,202,-2.123749219394219,2026-02-25T01:53:14.770Z
2025-01-01,DEU,ISR,43,0,1,0,0,0.023255813953488372,0.0,-0.5255813953488372,138,46,138,-5.585466201926324,2026-02-25T01:53:14.770Z
2025-01-01,USA,PSE,128,0,0,0,4,0.03125,0.0,2.3398437500000018,433,137,427,-3.95298072659685,2026-02-25T01:53:14.770Z
2025-01-01,CHN,FRA,4,0,0,0,0,0.0,0.0,10.0,4,4,4,-2.54545454545455,2026-02-25T01:53:14.770Z
2025-01-01,COD,SYR,2,0,0,0,0,0.0,0.0,7.0,10,2,10,0.48192771084337,2026-02-25T01:53:14.770Z
2025-01-01,USA,PRK,23,5,0,0,0,0.0,0.0,-1.3695652173913044,75,23,75,-2.3305073639237723,2026-02-25T01:53:14.770Z
2025-01-01,PSE,MEX,6,0,0,0,0,0.0,0.0,-7.366666666666667,21,8,21,-4.205932781123885,2026-02-25T01:53:14.770Z
2025-01-01,ETH,USA,5,0,0,0,0,0.0,0.0,-3.3200000000000003,13,5,13,-4.1349610963066725,2026-02-25T01:53:14.770Z
2025-01-01,EGY,ERI,4,0,0,0,0,0.0,0.0,2.3499999999999996,20,4,20,-1.72228202368137,2026-02-25T01:53:14.770Z
2025-01-01,RWA,USA,10,0,0,0,0,0.0,0.0,0.29999999999999993,32,10,28,-4.276019203311589,2026-02-25T01:53:14.770Z
2025-01-01,IRN,PSE,31,0,0,0,6,0.1935483870967742,0.0,3.9677419354838714,74,32,74,-2.2250558921522576,2026-02-25T01:53:14.770Z
2025-01-01,IND,PAK,12,0,0,0,0,0.0,0.0,-3.966666666666667,34,12,34,-5.965465992387844,2026-02-25T01:53:14.770Z
2025-01-01,RWA,FRA,14,0,2,0,0,0.14285714285714285,0.0,3.485714285714285,42,14,42,-3.4564345036948203,2026-02-25T01:53:14.770Z
2025-01-01,UKR,DEU,34,0,0,0,0,0.0,0.0,3.3647058823529417,102,34,102,-2.0524770712367384,2026-02-25T01:53:14.770Z
2025-01-01,ETH,ISR,1,0,0,0,0,0.0,0.0,2.8,5,1,5,-1.79041600842549,2026-02-25T01:53:14.770Z
2025-01-01,IRN,EGY,2,0,0,0,0,0.0,0.0,1.0,10,2,10,-4.31654676258993,2026-02-25T01:53:14.770Z
2025-01-01,KOR,IND,4,0,0,0,0,0.0,0.0,1.4249999999999998,14,4,14,7.174603174603175,2026-02-25T01:53:14.770Z
2025-01-01,FRA,PAK,2,0,0,0,0,0.0,0.0,1.0,10,2,10,6.88073394495413,2026-02-25T01:53:14.770Z
2025-01-01,GBR,UKR,57,0,2,0,0,0.03508771929824561,0.0,3.1578947368421053,214,57,214,-1.5292909004903132,2026-02-25T01:53:14.770Z
2025-01-01,DEU,RUS,9,0,0,0,0,0.0,0.0,0.2888888888888888,42,9,42,-4.334211075499615,2026-02-25T01:53:14.770Z
2025-01-01,COD,RWA,78,5,0,0,0,0.0,0.0,-1.3974358974358974,297,80,297,-5.941868528331787,2026-02-25T01:53:14.770Z
2025-01-01,BRA,IND,2,0,0,0,0,0.0,0.0,2.8,5,2,5,-5.38172715894869,2026-02-25T01:53:14.770Z
2025-01-01,CHN,MEX,28,5,0,0,0,0.0,0.0,2.5785714285714287,73,30,73,-0.4860949481043241,2026-02-25T01:53:14.770Z
2025-01-01,ISR,RUS,9,0,0,0,0,0.0,0.0,3.3,17,9,17,0.7003836272128924,2026-02-25T01:53:14.770Z
2025-01-01,BRA,DEU,1,0,0,0,0,0.0,0.0,7.0,10,1,10,2.80612244897959,2026-02-25T01:53:14.770Z
2025-01-01,TWN,KOR,2,0,0,0,0,0.0,0.0,1.9,2,2,2,-1.9611505416511,2026-02-25T01:53:14.770Z
2025-01-01,TUR,ISR,10,0,0,0,0,0.0,0.0,2.52,32,10,32,-7.099399282177546,2026-02-25T01:53:14.770Z
2025-01-01,RWA,TUR,2,0,0,0,0,0.0,0.0,1.9,8,2,8,0.71301247771836,2026-02-25T01:53:14.770Z
2025-01-01,FRA,PSE,12,2,0,0,0,0.0,0.0,2.75,41,12,39,-5.950450657983299,2026-02-25T01:53:14.770Z
2025-01-01,PAK,ISR,4,0,0,0,0,0.0,0.0,0.25,16,4,16,-2.8886738211272776,2026-02-25T01:53:14.770Z
2025-01-01,PSE,RUS,7,0,0,0,0,0.0,0.0,5.542857142857143,10,7,10,2.04081632653061,2026-02-25T01:53:14.770Z
2025-01-01,KOR,RUS,21,0,0,0,0,0.0,0.0,2.8190476190476192,34,21,34,-1.6425101850563952,2026-02-25T01:53:14.770Z
2025-01-01,USA,PAK,24,0,0,0,0,0.0,0.0,0.22500000000000006,88,24,87,-2.6109277286264847,2026-02-25T01:53:14.770Z
2025-01-01,IRN,IRN,66,4,2,4,1,0.10606060606060606,0.42424242424242425,0.5863636363636363,158,66,158,-3.894419085121225,2026-02-25T01:53:14.770Z
2025-01-01,FRA,DEU,38,0,0,0,0,0.0,0.0,3.4894736842105263,135,38,135,-1.2787475524643257,2026-02-25T01:53:14.770Z
2025-01-01,DEU,EGY,3,0,0,0,0,0.0,0.0,7.0,6,3,6,0.6607627089554834,2026-02-25T01:53:14.770Z
2025-01-01,FRA,RWA,25,0,4,0,0,0.16,0.0,2.4079999999999995,99,26,99,-3.1729597254105677,2026-02-25T01:53:14.770Z
2025-01-01,IRN,USA,67,0,0,1,0,0.014925373134328358,0.0,1.5820895522388063,154,67,154,-4.405700977940371,2026-02-25T01:53:14.770Z
2025-01-01,IND,IRN,3,0,0,0,0,0.0,0.0,1.8999999999999997,12,3,12,-3.052871712292001,2026-02-25T01:53:14.770Z
2025-01-01,IRN,UKR,2,1,0,0,0,0.0,0.0,-0.7000000000000002,8,2,8,-2.670670037926675,2026-02-25T01:53:14.770Z
2025-01-01,USA,ISR,386,9,13,0,1,0.03626943005181347,0.32642487046632124,1.9067357512953362,1235,453,1221,-3.5507343165859173,2026-02-25T01:53:14.770Z
2025-01-01,GBR,BRA,2,0,0,0,0,0.0,0.0,3.0,5,2,5,1.0989010989011,2026-02-25T01:53:14.770Z
2025-01-01,GBR,USA,227,4,20,0,0,0.0881057268722467,0.3524229074889868,1.3533039647577105,684,227,680,-0.6295325604823986,2026-02-25T01:53:14.770Z
2025-01-01,PAK,RUS,3,0,0,0,0,0.0,0.0,4.0,10,3,10,-0.8447561364360899,2026-02-25T01:53:14.770Z
2025-01-01,SYR,DEU,3,0,0,0,0,0.0,0.0,1.5999999999999999,5,3,5,-2.72462912002151,2026-02-25T01:53:14.770Z
2025-01-01,ISR,ISR,484,24,6,12,4,0.045454545454545456,1.0909090909090908,-0.3768595041322309,1360,499,1350,-4.920617620981715,2026-02-25T01:53:14.770Z
2025-01-01,ARG,ISR,2,0,0,0,0,0.0,0.0,-3.1,2,2,2,-5.76441102756892,2026-02-25T01:53:14.770Z
2025-01-01,USA,UKR,87,3,5,0,0,0.05747126436781609,0.1724137931034483,2.9206896551724153,247,87,223,-2.32080363708904,2026-02-25T01:53:14.770Z
2025-01-01,EGY,RUS,2,0,0,0,0,0.0,0.0,2.8,7,2,7,-7.46268656716418,2026-02-25T01:53:14.770Z
2025-01-01,MEX,MEX,88,8,0,0,1,0.011363636363636364,0.09090909090909091,-0.06818181818181818,273,94,273,-2.9791220693579366,2026-02-25T01:53:14.770Z
2025-01-01,TWN,USA,15,0,0,0,4,0.26666666666666666,0.0,1.1,45,15,45,-1.1869148172843358,2026-02-25T01:53:14.770Z
2025-01-01,CHN,BRA,7,0,0,0,0,0.0,0.0,1.0,20,7,20,-3.664559269811663,2026-02-25T01:53:14.770Z
2025-01-01,PRK,KOR,30,0,0,0,0,0.0,0.0,0.16999999999999968,71,32,71,-2.702770457000622,2026-02-25T01:53:14.770Z
2025-01-01,FRA,USA,105,0,0,0,0,0.0,0.0,0.48952380952380936,316,111,315,-2.403773122954299,2026-02-25T01:53:14.770Z
2025-01-01,VEN,ARG,2,0,0,0,0,0.0,0.0,-4.0,10,2,10,-4.20974889217134,2026-02-25T01:53:14.770Z
2025-01-01,FRA,FRA,102,4,0,0,0,0.0,0.0,1.173529411764706,352,102,352,-2.957731040744774,2026-02-25T01:53:14.770Z
2025-01-01,GBR,SYR,4,0,0,0,0,0.0,0.0,-9.75,13,4,13,-5.324071550931488,2026-02-25T01:53:14.770Z
2025-01-01,ISR,DEU,21,2,0,0,0,0.0,0.0,-0.5,43,21,43,-5.426141497657394,2026-02-25T01:53:14.770Z
2025-01-01,COD,DEU,1,0,0,0,0,0.0,0.0,0.0,7,1,7,-0.711743772242,2026-02-25T01:53:14.770Z
2025-01-01,DEU,USA,77,2,0,1,0,0.012987012987012988,0.025974025974025976,0.4025974025974026,267,77,257,-3.112375034806497,2026-02-25T01:53:14.770Z
2025-01-01,IND,USA,30,0,0,0,0,0.0,0.0,1.9166666666666667,110,32,110,-2.2574894175405205,2026-02-25T01:53:14.770Z
2025-01-01,DEU,SYR,4,0,0,0,0,0.0,0.0,-4.0,14,4,14,-2.631899246656075,2026-02-25T01:53:14.770Z
2025-01-01,GBR,COD,8,2,0,0,0,0.0,0.0,-1.625,60,8,60,-4.138707711939234,2026-02-25T01:53:14.770Z
2025-01-01,GBR,CHN,58,1,0,0,0,0.0,0.0,2.1827586206896554,214,58,182,0.5539296799272153,2026-02-25T01:53:14.770Z
2025-01-01,RWA,RWA,61,2,5,4,0,0.14754098360655737,0.29508196721311475,-0.16393442622950818,181,63,175,-4.852473347428314,2026-02-25T01:53:14.770Z
2025-01-01,ARG,DEU,2,0,0,0,0,0.0,0.0,2.5,2,2,2,-3.36426914153132,2026-02-25T01:53:14.770Z
2025-01-01,PRK,RUS,100,0,0,0,0,0.0,0.0,1.0139999999999998,419,107,405,-3.3981390217924514,2026-02-25T01:53:14.770Z
2025-01-01,GBR,FRA,45,1,0,0,0,0.0,0.0,1.7266666666666663,166,47,164,-1.645230250853526,2026-02-25T01:53:14.770Z
2025-01-01,IRN,GBR,8,0,0,0,0,0.0,0.0,2.25,21,8,19,-3.6350541794587077,2026-02-25T01:53:14.770Z
2025-01-01,COD,TUR,3,0,0,0,0,0.0,0.0,-0.3,6,3,6,-10.899062504060765,2026-02-25T01:53:14.770Z
2025-01-01,CHN,PAK,11,0,0,0,0,0.0,0.0,3.036363636363636,30,11,30,2.639064905877949,2026-02-25T01:53:14.770Z
2025-01-01,ISR,CHN,3,0,0,0,0,0.0,0.0,2.0,8,3,7,-1.50627615062762,2026-02-25T01:53:14.770Z
2025-01-01,ETH,BRA,1,0,0,0,0,0.0,0.0,0.0,10,1,10,6.34920634920635,2026-02-25T01:53:14.770Z
2025-01-01,RUS,IRN,13,0,0,0,0,0.0,0.0,2.715384615384615,36,13,36,-0.23372334585078466,2026-02-25T01:53:14.770Z
2025-01-01,GBR,ISR,58,8,0,0,0,0.0,0.0,-0.3224137931034482,243,65,235,-4.669578779472377,2026-02-25T01:53:14.770Z
2025-01-01,PAK,PAK,131,9,3,0,1,0.030534351145038167,0.2748091603053435,-0.8160305343511448,446,133,445,-3.1161545599230807,2026-02-25T01:53:14.770Z
2025-01-01,PSE,DEU,10,3,0,0,0,0.0,0.0,-4.819999999999999,30,10,30,-7.11820407610273,2026-02-25T01:53:14.770Z
2025-01-01,EGY,TUR,14,0,0,0,0,0.0,0.0,2.5214285714285714,44,14,38,1.5983890804533163,2026-02-25T01:53:14.770Z
2025-01-01,ISR,PAK,3,0,0,0,0,0.0,0.0,1.0,6,3,6,-3.56997971602434,2026-02-25T01:53:14.770Z
2025-01-01,IND,GBR,6,0,0,0,0,0.0,0.0,-2.066666666666667,26,6,26,0.35923829762331166,2026-02-25T01:53:14.770Z
2025-01-01,FRA,UKR,21,0,0,0,0,0.0,0.0,5.038095238095239,60,21,60,-2.1791863658043966,2026-02-25T01:53:14.770Z
2025-01-01,EGY,PAK,2,0,0,0,0,0.0,0.0,1.0,7,2,7,-1.01663585951941,2026-02-25T01:53:14.770Z
2025-01-01,UKR,PRK,45,0,0,0,0,0.0,0.0,-2.3533333333333326,155,48,155,-3.5246977288255046,2026-02-25T01:53:14.770Z
2025-01-01,TUR,TUR,51,1,1,0,0,0.0196078431372549,0.0196078431372549,0.8764705882352939,175,58,157,-1.4690790143693342,2026-02-25T01:53:14.770Z
2025-01-01,USA,USA,5020,156,103,54,78,0.046812749003984064,7.302788844621514,0.46631474103586074,16431,5287,16174,-2.547051993087714,2026-02-25T01:53:14.770Z
2025-01-01,RUS,CHN,57,3,0,0,0,0.0,0.0,1.0280701754385964,240,60,156,-0.5871487629441774,2026-02-25T01:53:14.770Z
2025-01-01,KOR,RWA,2,0,0,0,0,0.0,0.0,-5.0,8,2,8,-7.75862068965516,2026-02-25T01:53:14.770Z
2025-01-01,SYR,USA,47,5,0,0,1,0.02127659574468085,0.10638297872340426,0.16170212765957456,89,49,89,-3.1680887667507855,2026-02-25T01:53:14.770Z
2025-01-01,DEU,ARG,1,0,0,0,0,0.0,0.0,0.0,1,1,1,-3.36426914153132,2026-02-25T01:53:14.770Z
2025-01-01,PAK,IRN,6,0,0,0,0,0.0,0.0,4.0,31,6,31,5.642687680054227,2026-02-25T01:53:14.770Z
2025-01-01,IRN,IND,2,0,0,0,0,0.0,0.0,2.8,12,2,12,-4.34782608695652,2026-02-25T01:53:14.770Z
2025-01-01,VEN,VEN,51,3,2,0,1,0.058823529411764705,0.1764705882352941,1.8019607843137255,134,55,134,-3.4226020946416056,2026-02-25T01:53:14.770Z
2025-01-01,TWN,TWN,9,1,0,0,0,0.0,0.0,2.511111111111111,33,9,33,-2.420889349459789,2026-02-25T01:53:14.770Z
2025-01-01,CHN,RUS,70,7,0,0,0,0.0,0.0,1.3742857142857137,346,70,196,-0.2814286668213477,2026-02-25T01:53:14.770Z
2025-01-01,FRA,CHN,2,0,0,0,0,0.0,0.0,5.4,4,2,4,2.23968658548098,2026-02-25T01:53:14.770Z
2025-01-01,GBR,GBR,326,5,6,1,0,0.02147239263803681,0.10736196319018405,0.6312883435582828,1257,357,1237,-1.9296757894813894,2026-02-25T01:53:14.770Z
2025-01-01,USA,DEU,80,2,0,0,0,0.0,0.0,0.22749999999999998,237,80,237,-2.4297273286895553,2026-02-25T01:53:14.770Z
2025-01-01,IND,KOR,5,0,0,0,2,0.4,0.0,3.6399999999999997,14,5,14,1.88919610855095,2026-02-25T01:53:14.770Z
2025-01-01,USA,TWN,8,0,0,0,0,0.0,0.0,4.5375,44,9,44,-0.33617269835566377,2026-02-25T01:53:14.770Z
2025-01-01,RUS,UKR,335,25,1,0,0,0.0029850746268656717,0.0746268656716418,-3.311940298507464,1309,345,1288,-4.84826250908349,2026-02-25T01:53:14.770Z
2025-01-01,EGY,USA,32,1,0,0,0,0.0,0.0,3.0156249999999996,73,32,73,-2.516895585562141,2026-02-25T01:53:14.770Z
2025-01-01,KOR,TWN,2,0,0,0,0,0.0,0.0,2.8,2,2,2,-1.9611505416511,2026-02-25T01:53:14.770Z
2025-01-01,PAK,DEU,2,0,0,0,0,0.0,0.0,7.0,4,2,4,-6.5825562260011,2026-02-25T01:53:14.770Z
2025-01-01,ISR,UKR,6,0,0,0,0,0.0,0.0,5.0,20,6,20,-3.99113082039912,2026-02-25T01:53:14.770Z
2025-01-01,USA,KOR,43,0,0,0,4,0.09302325581395349,0.0,0.22093023255813954,174,43,162,0.6023337709077279,2026-02-25T01:53:14.770Z
2025-01-01,ETH,IRN,2,0,0,0,0,0.0,0.0,1.0,10,2,10,-4.31654676258993,2026-02-25T01:53:14.770Z
2025-01-01,DEU,FRA,27,1,0,0,0,0.0,0.0,3.096296296296296,114,27,114,-1.2409261629852257,2026-02-25T01:53:14.770Z
2025-01-01,UKR,CHN,8,0,0,0,0,0.0,0.0,1.2000000000000002,47,14,47,-1.2086204211527414,2026-02-25T01:53:14.770Z
2025-01-01,ETH,COD,1,1,0,0,0,0.0,0.0,-4.4,10,1,10,-9.77995110024445,2026-02-25T01:53:14.770Z
2025-01-01,RUS,USA,226,8,6,0,1,0.030973451327433628,0.24778761061946902,0.47566371681416,726,280,726,-2.677739773934763,2026-02-25T01:53:14.770Z
2025-01-01,PAK,SYR,1,0,0,0,0,0.0,0.0,2.8,2,1,2,-6.08365019011407,2026-02-25T01:53:14.770Z
2025-01-01,FRA,TUR,2,0,0,0,0,0.0,0.0,3.0999999999999996,12,2,12,0.829875518672201,2026-02-25T01:53:14.770Z
2025-01-01,SYR,IRN,8,0,0,0,0,0.0,0.0,-0.6875,23,8,23,-1.5958396841729239,2026-02-25T01:53:14.770Z
2025-01-01,RUS,BRA,2,0,0,0,0,0.0,0.0,0.0,4,2,4,-2.66159695817491,2026-02-25T01:53:14.770Z
2025-01-01,TUR,RUS,3,0,0,0,0,0.0,0.0,1.3,11,3,11,-0.13635124079629,2026-02-25T01:53:14.770Z
2025-01-01,RUS,TUR,5,0,0,0,0,0.0,0.0,2.3600000000000003,15,5,15,-2.3864339331688305,2026-02-25T01:53:14.770Z
2025-01-01,IRN,TUR,18,0,0,0,0,0.0,0.0,2.3666666666666663,46,18,46,-1.7617884454114205,2026-02-25T01:53:14.770Z
2025-01-01,PRK,PRK,27,0,0,0,0,0.0,0.0,0.6666666666666663,78,27,75,-1.2835632158346317,2026-02-25T01:53:14.770Z
2025-01-01,CHN,RWA,3,0,0,0,0,0.0,0.0,-0.3,10,3,10,-2.41116751269035,2026-02-25T01:53:14.770Z
2025-01-01,ISR,EGY,81,0,0,0,0,0.0,0.0,0.7333333333333341,195,81,195,-3.395919823538676,2026-02-25T01:53:14.770Z
2025-01-01,CHN,IND,9,0,0,0,0,0.0,0.0,0.9333333333333333,34,9,33,1.265125673016253,2026-02-25T01:53:14.770Z
2025-01-01,SYR,RUS,66,4,0,0,0,0.0,0.0,1.2045454545454544,152,70,152,-2.9170701368464336,2026-02-25T01:53:14.770Z
2025-01-01,DEU,CHN,12,0,2,0,0,0.16666666666666666,0.0,1.575,58,12,58,5.300598302235152,2026-02-25T01:53:14.770Z
2025-01-01,RUS,DEU,7,0,0,0,0,0.0,0.0,-1.1999999999999997,29,7,25,-3.6468658534172436,2026-02-25T01:53:14.770Z
2025-01-01,DEU,PAK,1,0,0,0,0,0.0,0.0,7.4,4,1,4,-1.54639175257732,2026-02-25T01:53:14.770Z
2025-01-01,GBR,PAK,7,0,0,0,0,0.0,0.0,-6.1571428571428575,32,7,32,-3.545028545028546,2026-02-25T01:53:14.770Z
2025-01-01,GBR,PSE,25,1,0,0,0,0.0,0.0,2.0439999999999996,70,25,70,-3.108856823989754,2026-02-25T01:53:14.770Z
2025-01-01,PSE,GBR,22,3,0,0,0,0.0,0.0,0.4636363636363636,85,24,78,-4.228632362394831,2026-02-25T01:53:14.770Z
2025-01-01,USA,SYR,118,6,0,0,0,0.0,0.0,-0.6127118644067796,307,119,307,-3.9570550232625843,2026-02-25T01:53:14.770Z
2025-01-01,USA,FRA,108,1,0,0,0,0.0,0.0,3.1203703703703716,311,112,310,-0.7784772416601996,2026-02-25T01:53:14.770Z
2025-01-01,KOR,USA,41,0,1,0,0,0.024390243902439025,0.0,1.275609756097561,150,41,144,-0.3869079507975682,2026-02-25T01:53:14.770Z
2025-01-01,IND,PSE,1,0,0,0,0,0.0,0.0,7.0,10,1,10,-5.4421768707483,2026-02-25T01:53:14.770Z
2025-01-01,IRN,SYR,11,0,0,0,0,0.0,0.0,2.227272727272727,29,11,29,-2.7455593667942804,2026-02-25T01:53:14.770Z
2025-01-01,VEN,CHN,3,0,0,0,0,0.0,0.0,6.400000000000001,11,4,11,-1.881160822578589,2026-02-25T01:53:14.770Z
2025-01-01,SYR,COD,2,0,0,0,0,0.0,0.0,7.0,10,2,10,0.48192771084337,2026-02-25T01:53:14.770Z
2025-01-01,FRA,MEX,6,0,0,0,0,0.0,0.0,-0.5666666666666668,16,6,16,-3.0493945383089436,2026-02-25T01:53:14.770Z
2025-01-01,IND,FRA,5,0,0,0,0,0.0,0.0,3.4799999999999995,11,5,11,4.6321230693038675,2026-02-25T01:53:14.770Z
2025-01-01,DEU,GBR,51,0,0,0,0,0.0,0.0,2.7411764705882353,197,53,197,0.24042396904620142,2026-02-25T01:53:14.770Z
2025-01-01,PSE,IRN,15,0,0,4,0,0.26666666666666666,0.0,3.78,58,15,58,-1.852986052089028,2026-02-25T01:53:14.770Z
2025-01-01,USA,IND,21,1,0,0,0,0.0,0.0,1.919047619047619,59,21,59,-1.8309817959316643,2026-02-25T01:53:14.770Z
2025-01-01,GBR,IRN,8,0,0,0,0,0.0,0.0,4.875,22,8,22,-5.277782932853663,2026-02-25T01:53:14.770Z
2025-01-01,USA,COD,4,0,0,0,0,0.0,0.0,1.125,17,4,17,-1.0231353236893401,2026-02-25T01:53:14.770Z
2025-01-01,KOR,COD,1,0,0,0,0,0.0,0.0,-5.0,2,1,2,-7.75862068965516,2026-02-25T01:53:14.770Z
2025-01-01,RUS,EGY,1,0,0,0,0,0.0,0.0,1.9,8,1,8,-7.46268656716418,2026-02-25T01:53:14.770Z
2025-01-01,USA,RUS,243,5,5,1,0,0.024691358024691357,0.12345679012345678,-0.2769547325102882,827,275,822,-2.544943329586869,2026-02-25T01:53:14.770Z
2025-01-01,ISR,IRN,32,7,0,0,0,0.0,0.0,-3.5124999999999997,103,32,95,-3.9270750594497357,2026-02-25T01:53:14.770Z
2025-01-01,GBR,VEN,2,0,0,0,0,0.0,0.0,-2.0,2,2,2,-4.20974889217134,2026-02-25T01:53:14.770Z
2025-01-01,COD,USA,8,2,0,0,0,0.0,0.0,-2.85,40,8,40,-5.4140106064071105,2026-02-25T01:53:14.770Z
2025-01-01,RUS,GBR,28,4,0,0,0,0.0,0.0,-3.8785714285714286,84,28,84,-4.655548382838638,2026-02-25T01:53:14.770Z
2025-01-01,TUR,RWA,3,0,0,0,0,0.0,0.0,2.7999999999999994,8,3,8,0.71301247771836,2026-02-25T01:53:14.770Z
2025-01-01,IND,ISR,6,0,0,0,0,0.0,0.0,2.733333333333334,16,6,16,3.0796923932659435,2026-02-25T01:53:14.770Z
2025-01-01,USA,CHN,405,35,3,1,1,0.012345679012345678,0.43209876543209874,0.17703703703703694,1558,448,1533,-1.1872001500912075,2026-02-25T01:53:14.770Z
2025-01-01,SYR,ISR,11,2,0,0,0,0.0,0.0,1.3909090909090909,26,11,26,-2.935941802156071,2026-02-25T01:53:14.770Z
2025-01-01,UKR,FRA,15,0,0,0,0,0.0,0.0,6.5600000000000005,40,15,40,-1.9200927890005626,2026-02-25T01:53:14.770Z
2025-01-01,DEU,DEU,123,4,1,2,2,0.04065040650406504,0.16260162601626016,1.1439024390243904,472,127,456,-2.4046117587588163,2026-02-25T01:53:14.770Z
2025-01-01,IRN,ETH,4,0,0,0,0,0.0,0.0,2.2,14,4,14,-0.3129306747923297,2026-02-25T01:53:14.770Z
2025-01-01,UKR,EGY,2,0,0,0,0,0.0,0.0,7.4,4,2,4,1.28314798973481,2026-02-25T01:53:14.770Z
2025-01-01,TWN,CHN,26,4,0,0,0,0.0,0.0,0.48846153846153845,81,26,81,0.6324966051969064,2026-02-25T01:53:14.770Z
2025-01-01,IRN,ISR,31,6,1,0,1,0.06451612903225806,0.3870967741935484,-2.9322580645161294,80,31,80,-3.6755922379612316,2026-02-25T01:53:14.770Z
2025-01-01,COD,COD,25,0,2,0,0,0.08,0.0,-2.7720000000000002,116,25,116,-5.615141451917642,2026-02-25T01:53:14.770Z
2025-01-01,EGY,FRA,5,0,0,0,0,0.0,0.0,6.4,10,5,10,0.701832326853634,2026-02-25T01:53:14.770Z
2025-01-01,USA,IRN,50,0,0,0,0,0.0,0.0,3.4100000000000006,122,50,122,-3.1142539517264733,2026-02-25T01:53:14.770Z
2025-01-01,SYR,GBR,3,0,0,0,0,0.0,0.0,-3.0,10,3,10,-3.45149253731344,2026-02-25T01:53:14.770Z
2025-01-01,FRA,SYR,9,0,4,0,0,0.4444444444444444,0.0,2.2666666666666666,23,9,23,-2.6114113548010898,2026-02-25T01:53:14.770Z
2025-01-01,SYR,TUR,32,0,0,0,0,0.0,0.0,3.3468749999999994,88,32,88,-1.5370147489389923,2026-02-25T01:53:14.770Z
2025-01-01,PSE,PSE,255,2,0,0,0,0.0,0.0,1.5435294117647054,617,268,609,-5.767827085243616,2026-02-25T01:53:14.770Z
2025-01-01,CHN,DEU,7,0,2,0,0,0.2857142857142857,0.0,2.5857142857142854,42,7,42,6.4443383544605926,2026-02-25T01:53:14.770Z
2025-01-01,VEN,FRA,6,0,0,0,0,0.0,0.0,1.1333333333333335,20,6,20,-0.8797101449275367,2026-02-25T01:53:14.770Z
2025-01-01,PSE,ISR,784,37,0,7,1,0.01020408163265306,0.37755102040816324,0.0964285714285714,2509,865,2491,-5.253588713693236,2026-02-25T01:53:14.770Z
2025-01-01,PRK,IRN,5,0,0,0,0,0.0,0.0,0.4,21,5,21,-3.359402633192162,2026-02-25T01:53:14.770Z
2025-01-01,MEX,USA,310,9,11,0,11,0.07096774193548387,0.6387096774193548,0.5187096774193564,955,323,946,-2.689248791299086,2026-02-25T01:53:14.770Z
2025-01-01,TUR,EGY,9,0,0,1,0,0.1111111111111111,0.0,2.9666666666666663,34,9,33,1.9021739130434798,2026-02-25T01:53:14.770Z
2025-01-01,ISR,TUR,9,0,0,0,0,0.0,0.0,-4.077777777777778,30,9,30,-7.393602781202749,2026-02-25T01:53:14.770Z
2025-01-01,USA,BRA,27,2,1,1,0,0.07407407407407407,0.14814814814814814,2.0444444444444443,74,27,74,0.4196309020093726,2026-02-25T01:53:14.770Z
2025-01-01,EGY,EGY,31,3,0,0,0,0.0,0.0,-0.5967741935483871,96,31,96,-3.1145126649389416,2026-02-25T01:53:14.770Z
2025-01-01,ARG,USA,13,0,0,0,0,0.0,0.0,1.1615384615384616,31,13,27,0.3312208758345691,2026-02-25T01:53:14.770Z
2025-01-01,MEX,VEN,14,0,0,0,0,0.0,0.0,2.0714285714285716,34,14,34,-4.621886631637694,2026-02-25T01:53:14.770Z
2025-01-01,SYR,EGY,3,0,0,0,0,0.0,0.0,4.133333333333334,19,3,19,-1.1252712632699067,2026-02-25T01:53:14.770Z
2025-01-01,CHN,TWN,52,2,0,0,0,0.0,0.0,-0.8230769230769232,174,52,174,-1.8685160561953147,2026-02-25T01:53:14.770Z
2025-01-01,FRA,VEN,3,0,0,0,0,0.0,0.0,-2.0,8,3,8,-4.2527010398496365,2026-02-25T01:53:14.770Z
2025-01-01,UKR,RUS,312,15,1,0,0,0.003205128205128205,0.04807692307692307,-2.4131410256410275,1139,319,1115,-4.259888736987234,2026-02-25T01:53:14.770Z
2025-01-01,MEX,CHN,18,5,0,0,0,0.0,0.0,2.4444444444444446,80,25,80,-3.2126549538553686,2026-02-25T01:53:14.770Z
2025-01-01,CHN,GBR,47,3,0,0,0,0.0,0.0,0.27446808510638293,133,47,133,-1.7937049738026096,2026-02-25T01:53:14.770Z
2025-01-01,PRK,USA,25,0,0,0,0,0.0,0.0,-0.12400000000000005,114,25,114,-3.7455935629883634,2026-02-25T01:53:14.770Z
2025-01-01,PRK,UKR,29,2,0,0,0,0.0,0.0,-3.841379310344828,96,32,96,-4.885738333843149,2026-02-25T01:53:14.770Z
2025-01-01,RWA,DEU,2,0,0,0,0,0.0,0.0,-5.6,5,2,5,-2.18978102189781,2026-02-25T01:53:14.770Z
2025-01-01,UKR,UKR,105,8,0,1,3,0.0380952380952381,0.3047619047619048,-1.4657142857142853,322,106,321,-3.1767424328099256,2026-02-25T01:53:14.770Z
2025-01-01,IRN,CHN,2,0,0,0,0,0.0,0.0,7.4,5,2,5,-0.18518518518518,2026-02-25T01:53:14.770Z
2025-01-01,ARG,ARG,2,0,0,1,0,0.5,0.0,0.5,4,2,4,-6.43027650686294,2026-02-25T01:53:14.770Z
2025-01-01,FRA,COD,17,0,1,0,0,0.058823529411764705,0.0,3.2705882352941176,35,17,35,-4.186696586923466,2026-02-25T01:53:14.770Z
2025-01-01,ISR,SYR,39,2,0,0,2,0.05128205128205128,0.10256410256410256,-2.9256410256410263,100,39,100,-4.5169633851594,2026-02-25T01:53:14.770Z
2025-01-01,MEX,FRA,4,2,0,0,0,0.0,0.0,-0.8000000000000003,11,4,11,-0.18027295353829514,2026-02-25T01:53:14.770Z
2025-01-01,RUS,PRK,54,0,0,0,0,0.0,0.0,1.6777777777777783,198,56,198,-3.083891535783733,2026-02-25T01:53:14.770Z
2025-01-01,CHN,PRK,6,0,2,0,0,0.3333333333333333,0.0,3.283333333333333,18,6,18,-2.777205989452613,2026-02-25T01:53:14.770Z
2025-01-01,COD,FRA,18,2,1,0,0,0.05555555555555555,0.1111111111111111,1.7666666666666666,45,18,45,-4.439244310692868,2026-02-25T01:53:14.770Z
2025-01-01,TUR,FRA,1,0,0,0,0,0.0,0.0,1.9,10,1,10,0.829875518672201,2026-02-25T01:53:14.770Z
2025-01-01,GBR,PRK,5,0,0,0,0,0.0,0.0,0.5600000000000002,30,5,30,-2.503738517410808,2026-02-25T01:53:14.770Z
2025-01-01,GBR,DEU,49,0,0,0,0,0.0,0.0,2.3857142857142857,195,53,195,-0.927285259374849,2026-02-25T01:53:14.770Z
2025-01-01,PAK,EGY,4,0,0,0,0,0.0,0.0,1.0,7,4,7,-1.01663585951941,2026-02-25T01:53:14.770Z
2025-01-01,IRN,PAK,4,0,0,0,0,0.0,0.0,5.75,15,4,15,4.285714285714285,2026-02-25T01:53:14.770Z
2025-01-01,BRA,USA,45,4,3,0,3,0.13333333333333333,0.5333333333333333,1.4688888888888885,126,45,124,-1.5698977104992449,2026-02-25T01:53:14.770Z
2025-01-01,RUS,IND,2,0,0,0,0,0.0,0.0,1.7,2,2,2,1.14285714285715,2026-02-25T01:53:14.770Z
2025-01-01,CHN,CHN,259,7,21,6,3,0.11583011583011583,0.8108108108108109,1.5536679536679545,999,274,942,-0.45783925091950833,2026-02-25T01:53:14.770Z
2025-01-01,EGY,SYR,3,0,0,0,0,0.0,0.0,3.6,9,3,9,-1.1252712632699067,2026-02-25T01:53:14.770Z
2025-01-01,TUR,USA,9,0,0,0,0,0.0,0.0,-2.688888888888889,58,9,58,-3.75049858713457,2026-02-25T01:53:14.770Z
2025-01-01,PAK,IND,11,0,0,0,0,0.0,0.0,-3.2818181818181817,48,11,48,-5.55503559656922,2026-02-25T01:53:14.770Z
2025-01-01,PSE,FRA,7,3,0,0,0,0.0,0.0,-3.028571428571429,22,7,22,-7.492751198840186,2026-02-25T01:53:14.770Z
2025-01-01,UKR,USA,54,6,3,0,0,0.05555555555555555,0.3333333333333333,-0.07407407407407401,181,54,167,-1.7572326967261784,2026-02-25T01:53:14.770Z
2025-01-01,ERI,EGY,4,0,0,0,0,0.0,0.0,1.6749999999999998,20,4,20,-1.72228202368137,2026-02-25T01:53:14.770Z
2025-01-01,ARG,CHN,1,0,0,0,0,0.0,0.0,1.9,2,1,2,2.32558139534884,2026-02-25T01:53:14.770Z
2025-01-01,PSE,USA,102,0,0,1,0,0.00980392156862745,0.0,-0.09705882352941224,394,110,380,-4.751615559693556,2026-02-25T01:53:14.770Z
2025-01-01,USA,TUR,7,0,0,0,0,0.0,0.0,-4.0,46,7,46,-6.651224670596392,2026-02-25T01:53:14.770Z
2025-01-01,IRN,DEU,5,0,0,0,0,0.0,0.0,7.0,14,5,14,-3.009508061182308,2026-02-25T01:53:14.770Z
2025-01-01,TUR,PAK,2,0,0,0,0,0.0,0.0,3.4,2,2,2,-2.20183486238532,2026-02-25T01:53:14.770Z
2025-01-01,MEX,BRA,6,0,0,0,0,0.0,0.0,2.8000000000000003,20,6,20,-5.90551181102363,2026-02-25T01:53:14.770Z
2025-01-01,DEU,IRN,5,0,0,0,0,0.0,0.0,7.0,14,5,14,-3.0095080611823084,2026-02-25T01:53:14.770Z
2025-01-01,MEX,PSE,2,0,0,0,0,0.0,0.0,4.65,12,2,12,-3.40375586854461,2026-02-25T01:53:14.770Z
2025-01-01,BRA,ISR,3,0,0,0,0,0.0,0.0,-5.0,8,3,8,-7.75510204081633,2026-02-25T01:53:14.770Z
2025-01-01,FRA,KOR,2,0,0,0,0,0.0,0.0,2.8,5,2,5,3.11614730878187,2026-02-25T01:53:14.770Z
2025-01-01,KOR,FRA,2,0,0,0,0,0.0,0.0,1.9,5,2,5,3.11614730878187,2026-02-25T01:53:14.770Z
2025-01-01,IRN,PRK,2,0,0,0,0,0.0,0.0,1.0,20,2,20,-3.3776570473587446,2026-02-25T01:53:14.770Z
2025-01-01,SYR,FRA,3,0,0,0,0,0.0,0.0,1.8999999999999997,7,3,7,-0.17793594306049,2026-02-25T01:53:14.770Z
2025-01-01,PAK,TUR,3,0,0,0,0,0.0,0.0,-2.0,4,3,4,-0.19011406844105996,2026-02-25T01:53:14.770Z
2025-01-01,PAK,GBR,2,0,0,0,0,0.0,0.0,2.8,10,2,10,-1.70940170940171,2026-02-25T01:53:14.770Z
2025-02-01,GBR,TWN,2,0,0,0,0,0.0,0.0,7.0,6,2,5,0.14005602240896,2026-02-25T02:05:57.978Z
2025-02-01,DEU,CHN,12,0,0,0,0,0.0,0.0,4.95,38,12,38,-3.240165479638557,2026-02-25T02:05:57.978Z
2025-02-01,UKR,PRK,13,0,0,0,0,0.0,0.0,0.7846153846153847,30,13,30,-3.8276988610326224,2026-02-25T02:05:57.978Z
2025-02-01,UKR,RUS,962,70,17,0,0,0.017671517671517672,1.2370062370062371,0.5350311850311851,2742,1049,2729,-1.766566731548003,2026-02-25T02:05:57.978Z
2025-02-01,GBR,CHN,38,2,0,0,0,0.0,0.0,2.8078947368421048,134,38,134,-1.2255325491591915,2026-02-25T02:05:57.978Z
2025-02-01,IND,CHN,6,0,1,0,0,0.16666666666666666,0.0,1.6666666666666667,17,6,17,-2.2100330636064887,2026-02-25T02:05:57.978Z
2025-02-01,PRK,IRN,8,0,0,0,0,0.0,0.0,2.625,22,8,22,-3.7487709275790753,2026-02-25T02:05:57.978Z
2025-02-01,CHN,IRN,17,0,0,0,0,0.0,0.0,2.6529411764705877,46,17,46,-3.5146767843386,2026-02-25T02:05:57.978Z
2025-02-01,PSE,RUS,4,0,0,0,0,0.0,0.0,4.9,4,4,4,-6.97167755991285,2026-02-25T02:05:57.978Z
2025-02-01,UKR,USA,1373,41,107,8,8,0.08958485069191552,3.672978878368536,1.6750182083029923,3983,1569,3950,-0.9712743940514884,2026-02-25T02:05:57.978Z
2025-02-01,TUR,DEU,5,0,0,0,0,0.0,0.0,4.12,18,5,18,3.6706195869420433,2026-02-25T02:05:57.978Z
2025-02-01,DEU,SYR,8,0,0,0,0,0.0,0.0,-3.1,35,8,35,-8.822720971702593,2026-02-25T02:05:57.978Z
2025-02-01,KOR,RUS,57,1,0,1,0,0.017543859649122806,0.017543859649122806,1.1719298245614034,195,57,195,-1.6417666217035096,2026-02-25T02:05:57.978Z
2025-02-01,USA,PRK,29,1,0,0,0,0.0,0.0,0.43448275862068947,108,33,107,-3.0430291964378386,2026-02-25T02:05:57.978Z
2025-02-01,RUS,VEN,2,0,0,0,0,0.0,0.0,7.0,2,2,2,-2.56880733944954,2026-02-25T02:05:57.978Z
2025-02-01,FRA,GBR,159,1,5,0,0,0.031446540880503145,0.031446540880503145,1.9962264150943405,528,190,518,-1.362591887949997,2026-02-25T02:05:57.978Z
2025-02-01,FRA,DEU,46,2,0,0,0,0.0,0.0,2.6195652173913038,125,48,125,-0.9857839538083384,2026-02-25T02:05:57.978Z
2025-02-01,RWA,COD,25,0,0,0,3,0.12,0.0,-1.48,105,25,103,-7.126334566905473,2026-02-25T02:05:57.978Z
2025-02-01,TUR,ISR,23,0,0,0,0,0.0,0.0,2.6782608695652166,53,23,52,-1.1113553981321338,2026-02-25T02:05:57.978Z
2025-02-01,MEX,DEU,2,0,0,0,0,0.0,0.0,1.0,10,2,10,3.40909090909091,2026-02-25T02:05:57.978Z
2025-02-01,USA,DEU,165,8,0,1,0,0.006060606060606061,0.048484848484848485,0.6157575757575756,512,173,512,-1.7299464322478584,2026-02-25T02:05:57.978Z
2025-02-01,COD,COD,14,3,0,0,0,0.0,0.0,-2.5928571428571425,38,14,38,-5.546852735116238,2026-02-25T02:05:57.978Z
2025-02-01,IRN,UKR,8,0,0,0,0,0.0,0.0,-0.2874999999999999,25,8,25,-4.93388105583846,2026-02-25T02:05:57.978Z
2025-02-01,MEX,GBR,21,0,0,0,0,0.0,0.0,0.7523809523809524,56,21,56,-0.47155095084725185,2026-02-25T02:05:57.978Z
2025-02-01,GBR,BRA,9,0,0,0,0,0.0,0.0,0.7333333333333333,26,9,26,1.9655351211384458,2026-02-25T02:05:57.978Z
2025-02-01,IRN,EGY,5,0,0,0,0,0.0,0.0,1.2,19,5,19,-4.266622503926974,2026-02-25T02:05:57.978Z
2025-02-01,USA,FRA,291,2,19,2,0,0.07216494845360824,0.14432989690721648,2.154982817869416,798,305,790,-0.6114018797624087,2026-02-25T02:05:57.978Z
2025-02-01,RWA,USA,1,0,0,0,0,0.0,0.0,0.4,6,1,6,-10.7246376811594,2026-02-25T02:05:57.978Z
2025-02-01,DEU,USA,145,4,0,0,0,0.0,0.0,1.9372413793103458,430,174,430,-1.2854356511730747,2026-02-25T02:05:57.978Z
2025-02-01,ARG,ARG,12,2,0,0,0,0.0,0.0,0.5499999999999999,27,12,25,0.746983959462019,2026-02-25T02:05:57.978Z
2025-02-01,RUS,PRK,34,2,2,0,0,0.058823529411764705,0.11764705882352941,2.6441176470588235,146,36,139,-2.6386122450352207,2026-02-25T02:05:57.978Z
2025-02-01,IND,KOR,3,0,0,0,0,0.0,0.0,8.0,8,3,8,3.3333333333333406,2026-02-25T02:05:57.978Z
2025-02-01,FRA,BRA,2,0,0,0,0,0.0,0.0,0.95,20,2,20,2.45901639344262,2026-02-25T02:05:57.978Z
2025-02-01,RUS,KOR,15,1,0,0,0,0.0,0.0,3.893333333333333,48,15,48,0.5569601429564693,2026-02-25T02:05:57.978Z
2025-02-01,ISR,DEU,8,0,0,0,0,0.0,0.0,2.175,11,8,11,-4.325928152871043,2026-02-25T02:05:57.978Z
2025-02-01,GBR,FRA,145,0,3,0,0,0.020689655172413793,0.0,2.477241379310345,434,183,424,-1.1835416219201174,2026-02-25T02:05:57.978Z
2025-02-01,DEU,MEX,2,0,0,0,0,0.0,0.0,1.0,10,2,10,3.40909090909091,2026-02-25T02:05:57.978Z
2025-02-01,CHN,TUR,2,0,0,0,0,0.0,0.0,2.8,5,2,5,-10.8256880733945,2026-02-25T02:05:57.978Z
2025-02-01,ISR,SYR,61,9,0,0,1,0.01639344262295082,0.14754098360655737,-3.073770491803279,197,61,195,-4.3764102467458565,2026-02-25T02:05:57.978Z
2025-02-01,CHN,FRA,11,0,0,0,0,0.0,0.0,4.636363636363637,25,11,25,-0.9419151245395764,2026-02-25T02:05:57.978Z
2025-02-01,KOR,USA,56,2,0,0,0,0.0,0.0,0.9464285714285712,202,59,202,-0.3327897626409325,2026-02-25T02:05:57.978Z
2025-02-01,RUS,PAK,10,0,0,0,0,0.0,0.0,2.3,34,10,34,4.352380952380955,2026-02-25T02:05:57.978Z
2025-02-01,SYR,TUR,64,8,3,0,0,0.046875,0.375,-1.1671875,185,64,185,-1.980016802688237,2026-02-25T02:05:57.978Z
2025-02-01,USA,BRA,15,0,0,0,0,0.0,0.0,2.82,65,19,51,-0.49437676464486674,2026-02-25T02:05:57.978Z
2025-02-01,MEX,TUR,6,0,0,0,0,0.0,0.0,0.0,14,6,14,0.09469216284876662,2026-02-25T02:05:57.978Z
2025-02-01,RUS,FRA,37,0,0,0,1,0.02702702702702703,0.0,0.7648648648648649,100,37,100,-1.9712346907549239,2026-02-25T02:05:57.978Z
2025-02-01,DEU,GBR,57,0,0,0,0,0.0,0.0,-1.012280701754386,207,57,207,-1.3857179673443314,2026-02-25T02:05:57.978Z
2025-02-01,IRN,PRK,6,0,0,0,0,0.0,0.0,3.5,20,6,20,-3.82060171883181,2026-02-25T02:05:57.978Z
2025-02-01,FRA,TUR,9,0,0,0,0,0.0,0.0,-1.3333333333333333,30,9,30,-2.75247782069911,2026-02-25T02:05:57.978Z
2025-02-01,FRA,EGY,5,0,0,0,0,0.0,0.0,4.84,14,5,14,2.2767295597484423,2026-02-25T02:05:57.978Z
2025-02-01,UKR,DEU,80,0,2,0,2,0.05,0.0,2.09,206,82,206,-1.3206894521580517,2026-02-25T02:05:57.978Z
2025-02-01,PAK,USA,25,0,1,0,1,0.08,0.0,-0.47199999999999975,94,25,84,-3.2832285448385816,2026-02-25T02:05:57.978Z
2025-02-01,PRK,CHN,13,0,0,0,0,0.0,0.0,3.446153846153846,71,13,61,-3.0027050880581543,2026-02-25T02:05:57.978Z
2025-02-01,SYR,GBR,10,0,0,0,0,0.0,0.0,-4.279999999999999,24,10,23,-3.047102333982443,2026-02-25T02:05:57.978Z
2025-02-01,CHN,KOR,17,0,0,0,0,0.0,0.0,2.458823529411765,55,17,55,1.4381871327894604,2026-02-25T02:05:57.978Z
2025-02-01,USA,ISR,274,15,12,1,0,0.04744525547445255,0.7116788321167883,0.36094890510948896,809,300,806,-3.9397103980622847,2026-02-25T02:05:57.978Z
2025-02-01,FRA,PSE,10,0,0,0,0,0.0,0.0,-3.8600000000000003,17,10,17,-5.971540716927256,2026-02-25T02:05:57.978Z
2025-02-01,IRN,TUR,13,0,0,0,0,0.0,0.0,-0.9615384615384616,37,13,37,-2.980346115067241,2026-02-25T02:05:57.978Z
2025-02-01,IND,IRN,2,0,0,0,0,0.0,0.0,2.8,2,2,2,-3.08582449373192,2026-02-25T02:05:57.978Z
2025-02-01,IND,USA,52,3,10,0,4,0.2692307692307692,0.8076923076923077,2.2865384615384614,167,52,163,-2.3079732342885966,2026-02-25T02:05:57.978Z
2025-02-01,GBR,DEU,38,2,0,0,0,0.0,0.0,1.5052631578947366,110,38,110,-0.7917645753514134,2026-02-25T02:05:57.978Z
2025-02-01,GBR,RWA,14,0,2,0,0,0.14285714285714285,0.0,1.4285714285714286,53,14,53,-3.5344225770436237,2026-02-25T02:05:57.978Z
2025-02-01,TUR,UKR,32,0,1,0,0,0.03125,0.0,3.01875,82,34,82,0.25420866254467245,2026-02-25T02:05:57.978Z
2025-02-01,CHN,COD,1,0,0,0,0,0.0,0.0,6.4,5,1,5,-0.36445192038128,2026-02-25T02:05:57.978Z
2025-02-01,ETH,ETH,31,0,0,0,0,0.0,0.0,0.5806451612903226,62,31,62,-4.567021743069457,2026-02-25T02:05:57.978Z
2025-02-01,MEX,UKR,1,0,0,0,0,0.0,0.0,-5.0,5,1,5,-2.33160621761658,2026-02-25T02:05:57.978Z
2025-02-01,TUR,CHN,3,0,0,0,0,0.0,0.0,3.733333333333333,15,3,15,-10.517455415266292,2026-02-25T02:05:57.978Z
2025-02-01,PRK,KOR,25,0,0,0,3,0.12,0.0,1.6119999999999999,95,31,95,-2.898647841307374,2026-02-25T02:05:57.978Z
2025-02-01,COD,RWA,23,7,0,0,0,0.0,0.0,-3.082608695652174,82,23,82,-4.873094322228221,2026-02-25T02:05:57.978Z
2025-02-01,CHN,PSE,5,0,0,0,0,0.0,0.0,1.1600000000000001,12,5,12,-2.461337414240766,2026-02-25T02:05:57.978Z
2025-02-01,VEN,MEX,5,0,0,0,0,0.0,0.0,7.0,30,5,30,-3.16634327754871,2026-02-25T02:05:57.978Z
2025-02-01,CHN,CHN,326,16,12,1,5,0.05521472392638037,0.8834355828220859,1.09079754601227,1136,342,1116,-1.3851073060175314,2026-02-25T02:05:57.978Z
2025-02-01,RUS,IND,4,0,0,0,0,0.0,0.0,2.0,15,4,15,1.41648145811699,2026-02-25T02:05:57.978Z
2025-02-01,TWN,KOR,2,0,0,0,0,0.0,0.0,2.8,10,2,10,0.68376068376069,2026-02-25T02:05:57.978Z
2025-02-01,USA,SYR,21,0,0,0,1,0.047619047619047616,0.0,1.0095238095238097,72,21,72,-2.0975773339935055,2026-02-25T02:05:57.978Z
2025-02-01,IRN,GBR,11,2,0,0,0,0.0,0.0,-1.8545454545454545,46,11,46,-1.571528312150152,2026-02-25T02:05:57.978Z
2025-02-01,EGY,ETH,3,0,0,0,0,0.0,0.0,3.0,20,3,20,-2.53972054881994,2026-02-25T02:05:57.978Z
2025-02-01,CHN,GBR,47,2,0,0,0,0.0,0.0,2.140425531914893,137,47,137,-1.5437181247340734,2026-02-25T02:05:57.978Z
2025-02-01,VEN,USA,27,0,0,0,0,0.0,0.0,-0.237037037037037,110,32,110,-3.9164259007534445,2026-02-25T02:05:57.978Z
2025-02-01,FRA,UKR,197,0,4,0,0,0.02030456852791878,0.0,2.6040609137055832,554,220,545,-0.4419070753090409,2026-02-25T02:05:57.978Z
2025-02-01,USA,PAK,39,2,2,0,0,0.05128205128205128,0.10256410256410256,1.2384615384615383,156,43,156,-2.964941500210063,2026-02-25T02:05:57.978Z
2025-02-01,TUR,GBR,5,0,0,0,0,0.0,0.0,-4.2,16,5,16,-6.8135074762399395,2026-02-25T02:05:57.978Z
2025-02-01,UKR,ISR,24,2,0,0,0,0.0,0.0,1.0416666666666667,64,24,64,-4.537393811720086,2026-02-25T02:05:57.978Z
2025-02-01,TUR,ETH,9,0,0,0,0,0.0,0.0,5.444444444444445,24,9,24,3.8776088562203075,2026-02-25T02:05:57.978Z
2025-02-01,IRN,FRA,3,0,0,0,0,0.0,0.0,5.0,7,3,7,-5.10948905109489,2026-02-25T02:05:57.978Z
2025-02-01,UKR,TUR,20,0,1,0,0,0.05,0.0,4.8100000000000005,44,20,44,0.44531927524995646,2026-02-25T02:05:57.978Z
2025-02-01,RUS,ISR,10,0,0,0,0,0.0,0.0,-2.12,24,10,24,-3.6333206689794144,2026-02-25T02:05:57.978Z
2025-02-01,IRN,IRN,50,3,0,0,1,0.02,0.06,0.79,130,50,130,-4.8146955739388115,2026-02-25T02:05:57.978Z
2025-02-01,EGY,FRA,5,0,0,0,0,0.0,0.0,-3.62,7,5,7,-1.410872788005022,2026-02-25T02:05:57.978Z
2025-02-01,PSE,IRN,8,0,0,0,0,0.0,0.0,-5.5,13,8,13,-3.7257807487853083,2026-02-25T02:05:57.978Z
2025-02-01,KOR,PRK,54,0,0,4,2,0.1111111111111111,0.0,-0.9037037037037037,196,67,196,-1.681152977174945,2026-02-25T02:05:57.978Z
2025-02-01,PSE,DEU,2,0,0,0,0,0.0,0.0,4.0,10,2,10,-1.99652777777777,2026-02-25T02:05:57.978Z
2025-02-01,MEX,USA,376,33,7,2,0,0.023936170212765957,0.7898936170212766,-0.3518617021276593,1276,390,1230,-4.008123594111204,2026-02-25T02:05:57.978Z
2025-02-01,ARG,USA,10,0,0,0,0,0.0,0.0,2.43,27,10,27,-1.0820559326151227,2026-02-25T02:05:57.978Z
2025-02-01,CHN,PAK,41,2,0,0,0,0.0,0.0,4.380487804878049,191,41,180,3.1159854747284164,2026-02-25T02:05:57.978Z
2025-02-01,SYR,ISR,19,4,0,0,0,0.0,0.0,0.5210526315789474,45,19,45,-3.9567106222757666,2026-02-25T02:05:57.978Z
2025-02-01,EGY,SYR,10,0,0,0,0,0.0,0.0,-2.66,24,10,24,-5.782816905421477,2026-02-25T02:05:57.978Z
2025-02-01,UKR,UKR,550,10,5,3,3,0.02,0.2,1.105272727272727,1423,610,1421,-1.5104544340803077,2026-02-25T02:05:57.978Z
2025-02-01,PSE,GBR,15,0,0,0,0,0.0,0.0,-1.5066666666666668,48,15,48,-3.857148266782178,2026-02-25T02:05:57.978Z
2025-02-01,UKR,MEX,1,0,0,0,0,0.0,0.0,3.2,1,1,1,-4.91159135559922,2026-02-25T02:05:57.978Z
2025-02-01,RUS,USA,656,19,20,2,2,0.036585365853658534,0.6951219512195121,2.2199695121951213,2148,727,2142,-1.2283934898262228,2026-02-25T02:05:57.978Z
2025-02-01,UKR,IRN,2,0,0,0,0,0.0,0.0,-3.25,6,2,6,-5.18376656327762,2026-02-25T02:05:57.978Z
2025-02-01,VEN,RUS,2,0,0,0,0,0.0,0.0,7.0,2,2,2,-2.56880733944954,2026-02-25T02:05:57.978Z
2025-02-01,PRK,RUS,73,1,2,0,0,0.0273972602739726,0.0273972602739726,1.717808219178082,275,75,273,-2.4882560960910967,2026-02-25T02:05:57.978Z
2025-02-01,GBR,ISR,82,2,4,0,0,0.04878048780487805,0.0975609756097561,1.8207317073170732,213,82,212,-4.2710160742282515,2026-02-25T02:05:57.978Z
2025-02-01,MEX,MEX,224,2,5,3,6,0.0625,0.125,-0.6959821428571427,665,230,653,-4.922737909673714,2026-02-25T02:05:57.978Z
2025-02-01,SYR,DEU,12,0,0,0,0,0.0,0.0,-2.208333333333334,35,12,35,-7.275015091157022,2026-02-25T02:05:57.978Z
2025-02-01,USA,TWN,42,0,1,0,0,0.023809523809523808,0.0,1.6095238095238094,190,42,181,-1.1982878104422514,2026-02-25T02:05:57.978Z
2025-02-01,USA,UKR,1593,69,81,9,5,0.05963590709353421,4.114877589453861,1.6794099183929747,4806,1872,4771,-1.168496625923831,2026-02-25T02:05:57.978Z
2025-02-01,RUS,RUS,489,15,66,4,3,0.1492842535787321,2.2392638036809815,1.72842535787321,1610,553,1558,-1.7206640794811718,2026-02-25T02:05:57.978Z
2025-02-01,FRA,SYR,2,0,0,0,0,0.0,0.0,2.95,8,2,8,-1.63553535646559,2026-02-25T02:05:57.978Z
2025-02-01,ISR,UKR,9,0,0,0,0,0.0,0.0,1.7333333333333334,30,9,30,-3.869048519369813,2026-02-25T02:05:57.978Z
2025-02-01,TUR,USA,44,0,0,0,0,0.0,0.0,2.977272727272727,165,67,165,-1.4081585524141114,2026-02-25T02:05:57.978Z
2025-02-01,PAK,IND,18,6,0,0,0,0.0,0.0,-4.866666666666667,60,18,54,-4.869766038401977,2026-02-25T02:05:57.978Z
2025-02-01,SYR,PSE,4,1,0,0,0,0.0,0.0,4.0,13,4,13,-3.5863112577884975,2026-02-25T02:05:57.978Z
2025-02-01,RUS,TUR,120,0,3,0,2,0.041666666666666664,0.0,2.479999999999998,408,126,408,-0.8310540363833847,2026-02-25T02:05:57.978Z
2025-02-01,DEU,PSE,2,0,0,0,0,0.0,0.0,0.0,2,2,2,-5.05050505050506,2026-02-25T02:05:57.978Z
2025-02-01,RUS,DEU,38,2,0,0,0,0.0,0.0,2.7815789473684207,104,42,104,-0.5609680120278268,2026-02-25T02:05:57.978Z
2025-02-01,USA,MEX,433,22,4,0,3,0.016166281755196306,0.35565819861431874,0.007159353348729812,1285,444,1261,-3.684186288916111,2026-02-25T02:05:57.978Z
2025-02-01,IRN,USA,52,1,0,0,0,0.0,0.0,1.5096153846153846,169,53,169,-4.097749339783776,2026-02-25T02:05:57.978Z
2025-02-01,DEU,FRA,36,0,0,0,0,0.0,0.0,3.163888888888889,94,38,94,-2.5053425824099294,2026-02-25T02:05:57.978Z
2025-02-01,ISR,TUR,36,0,0,0,0,0.0,0.0,0.9722222222222224,122,36,119,-2.876421374955108,2026-02-25T02:05:57.978Z
2025-02-01,GBR,GBR,586,21,35,4,6,0.07679180887372014,1.612627986348123,1.2802047781569945,2079,680,2050,-1.0858918899554997,2026-02-25T02:05:57.978Z
2025-02-01,CHN,ISR,5,0,0,0,0,0.0,0.0,3.3200000000000003,6,5,6,1.207111783620194,2026-02-25T02:05:57.978Z
2025-02-01,PSE,SYR,10,2,0,0,0,0.0,0.0,-5.88,27,10,27,-4.904469438691238,2026-02-25T02:05:57.978Z
2025-02-01,MEX,CHN,25,0,0,0,0,0.0,0.0,3.5240000000000005,94,25,94,-2.6162850544400853,2026-02-25T02:05:57.978Z
2025-02-01,UKR,GBR,192,2,1,0,0,0.005208333333333333,0.010416666666666666,3.032291666666667,577,251,577,-0.33146831299125495,2026-02-25T02:05:57.978Z
2025-02-01,USA,IND,64,0,0,6,0,0.09375,0.0,1.1828124999999998,192,64,192,-2.6406639509485372,2026-02-25T02:05:57.978Z
2025-02-01,ISR,RUS,9,0,0,0,0,0.0,0.0,3.0444444444444443,32,9,32,-2.792569200518968,2026-02-25T02:05:57.978Z
2025-02-01,GBR,USA,811,11,52,3,2,0.07028360049321825,0.7731196054254007,1.807891491985204,2423,954,2403,-0.8553724636559751,2026-02-25T02:05:57.978Z
2025-02-01,USA,PSE,128,7,0,0,0,0.0,0.0,-2.092187499999999,359,147,355,-5.569557014218872,2026-02-25T02:05:57.978Z
2025-02-01,KOR,CHN,18,2,0,0,0,0.0,0.0,3.261111111111111,71,18,71,1.3292397290341955,2026-02-25T02:05:57.978Z
2025-02-01,SYR,EGY,9,1,0,0,0,0.0,0.0,-0.05555555555555555,17,9,17,0.4346994183994268,2026-02-25T02:05:57.978Z
2025-02-01,CHN,RUS,131,4,11,0,2,0.09923664122137404,0.3969465648854962,2.426717557251909,438,140,438,0.5780250360292694,2026-02-25T02:05:57.978Z
2025-02-01,PSE,ISR,508,32,0,6,1,0.013779527559055118,0.4409448818897638,-1.441535433070869,1760,537,1689,-5.503743844761501,2026-02-25T02:05:57.978Z
2025-02-01,ETH,USA,10,0,0,0,0,0.0,0.0,5.3999999999999995,40,10,40,-1.725005172865338,2026-02-25T02:05:57.978Z
2025-02-01,IRN,CHN,23,2,0,0,0,0.0,0.0,2.2478260869565214,72,23,72,-4.156063606018247,2026-02-25T02:05:57.978Z
2025-02-01,USA,KOR,39,1,0,2,0,0.05128205128205128,0.05128205128205128,1.8974358974358971,149,42,149,-0.3460775830581112,2026-02-25T02:05:57.978Z
2025-02-01,FRA,ARG,2,0,0,0,0,0.0,0.0,3.0,2,2,2,-3.01837270341207,2026-02-25T02:05:57.978Z
2025-02-01,DEU,RWA,6,0,0,0,0,0.0,0.0,-2.0,16,6,16,-0.7484540412929199,2026-02-25T02:05:57.978Z
2025-02-01,USA,IRN,57,5,0,0,0,0.0,0.0,-0.12982456140350887,168,58,168,-4.41210431792203,2026-02-25T02:05:57.978Z
2025-02-01,IRN,ISR,86,10,3,0,0,0.03488372093023256,0.3488372093023256,-1.7162790697674422,273,86,271,-4.755370559282353,2026-02-25T02:05:57.978Z
2025-02-01,PRK,PRK,7,0,0,0,0,0.0,0.0,1.1285714285714286,20,7,20,-4.43431610408524,2026-02-25T02:05:57.978Z
2025-02-01,VEN,UKR,2,0,0,0,0,0.0,0.0,3.0,2,2,2,-2.56880733944954,2026-02-25T02:05:57.978Z
2025-02-01,PAK,PRK,3,0,0,0,0,0.0,0.0,1.8999999999999997,10,3,10,0.28571428571428,2026-02-25T02:05:57.978Z
2025-02-01,PRK,ARG,2,0,0,0,0,0.0,0.0,2.45,20,2,20,-1.78571428571428,2026-02-25T02:05:57.978Z
2025-02-01,BRA,RUS,3,0,0,0,0,0.0,0.0,0.6666666666666666,13,3,13,1.3322809031764233,2026-02-25T02:05:57.978Z
2025-02-01,ISR,ISR,401,16,3,1,4,0.0199501246882793,0.3192019950124688,-0.4411471321695756,1339,424,1310,-5.186062145130306,2026-02-25T02:05:57.978Z
2025-02-01,BRA,BRA,18,6,0,0,0,0.0,0.0,-2.711111111111111,95,21,93,-2.269802412215694,2026-02-25T02:05:57.978Z
2025-02-01,ETH,ERI,15,1,0,0,0,0.0,0.0,3.24,29,15,29,-5.3203634925341525,2026-02-25T02:05:57.978Z
2025-02-01,EGY,EGY,25,3,0,0,0,0.0,0.0,-0.9599999999999999,49,28,49,-1.3677458567581886,2026-02-25T02:05:57.978Z
2025-02-01,ISR,EGY,134,0,1,0,0,0.007462686567164179,0.0,2.216417910447762,337,144,336,-4.621314882698763,2026-02-25T02:05:57.978Z
2025-02-01,PSE,EGY,27,0,0,0,0,0.0,0.0,3.52962962962963,55,27,55,-4.69058519071578,2026-02-25T02:05:57.978Z
2025-02-01,CHN,USA,273,22,5,0,7,0.04395604395604396,0.9670329670329672,0.8153846153846157,990,282,956,-2.555241565471872,2026-02-25T02:05:57.978Z
2025-02-01,TUR,SYR,88,17,3,0,0,0.03409090909090909,0.5795454545454545,-1.2795454545454545,250,88,250,-3.1696799171929544,2026-02-25T02:05:57.978Z
2025-02-01,MEX,FRA,9,0,0,0,0,0.0,0.0,0.8888888888888888,43,13,40,-2.437164100035096,2026-02-25T02:05:57.978Z
2025-02-01,IRN,PAK,13,0,0,0,0,0.0,0.0,4.3076923076923075,50,13,50,1.808409604209614,2026-02-25T02:05:57.978Z
2025-02-01,DEU,DEU,104,10,2,0,0,0.019230769230769232,0.19230769230769232,0.32019230769230766,337,104,333,-2.2122401375734824,2026-02-25T02:05:57.978Z
2025-02-01,IND,GBR,5,0,0,0,1,0.2,0.0,4.9399999999999995,18,5,18,5.094982862738696,2026-02-25T02:05:57.978Z
2025-02-01,GBR,MEX,9,0,0,0,0,0.0,0.0,1.3333333333333333,26,9,26,-0.4515562875365455,2026-02-25T02:05:57.978Z
2025-02-01,EGY,PSE,54,3,0,0,0,0.0,0.0,2.1907407407407407,159,54,155,-3.237263020924224,2026-02-25T02:05:57.978Z
2025-02-01,EGY,IRN,4,0,0,0,0,0.0,0.0,2.5,16,4,16,-3.82409177820268,2026-02-25T02:05:57.978Z
2025-02-01,RUS,GBR,100,2,2,0,0,0.02,0.04,3.826,211,105,211,-0.5611664909636843,2026-02-25T02:05:57.978Z
2025-02-01,DEU,PRK,2,0,0,0,0,0.0,0.0,3.4,4,2,4,-0.64194008559201,2026-02-25T02:05:57.978Z
2025-02-01,FRA,RUS,81,4,0,0,0,0.0,0.0,0.991358024691358,186,81,182,-1.3147868090933152,2026-02-25T02:05:57.978Z
2025-02-01,COD,USA,7,0,0,0,1,0.14285714285714285,0.0,1.7714285714285711,23,7,23,-4.50091266880304,2026-02-25T02:05:57.978Z
2025-02-01,USA,GBR,690,22,43,3,5,0.07391304347826087,1.6260869565217393,1.9839130434782561,2265,835,2246,-0.6379011931091069,2026-02-25T02:05:57.978Z
2025-02-01,UKR,CHN,10,0,0,0,0,0.0,0.0,1.61,15,10,14,-0.1709016697963759,2026-02-25T02:05:57.978Z
2025-02-01,GBR,IND,9,0,0,1,0,0.1111111111111111,0.0,2.1222222222222222,22,9,22,2.7124942266737255,2026-02-25T02:05:57.978Z
2025-02-01,PSE,UKR,9,0,0,1,0,0.1111111111111111,0.0,1.6666666666666667,20,9,20,-2.205647235823801,2026-02-25T02:05:57.978Z
2025-02-01,USA,ETH,6,0,0,0,0,0.0,0.0,4.1,9,6,9,0.9568709322290069,2026-02-25T02:05:57.978Z
2025-02-01,ISR,PSE,600,28,0,0,12,0.02,0.56,-1.5270000000000021,1951,639,1894,-5.608477739468207,2026-02-25T02:05:57.978Z
2025-02-01,IRN,SYR,30,4,0,0,0,0.0,0.0,-0.2366666666666666,68,32,68,-3.2925321067557243,2026-02-25T02:05:57.978Z
2025-02-01,UKR,PSE,14,0,0,0,1,0.07142857142857142,0.0,1.1571428571428568,32,14,32,-1.8532089207534554,2026-02-25T02:05:57.978Z
2025-02-01,KOR,TWN,2,0,0,0,0,0.0,0.0,1.9,10,2,10,0.68376068376069,2026-02-25T02:05:57.978Z
2025-02-01,PAK,CHN,40,0,0,0,0,0.0,0.0,3.9425000000000003,204,40,204,4.026837734357448,2026-02-25T02:05:57.978Z
2025-02-01,IND,IND,152,11,6,0,4,0.06578947368421052,0.7236842105263157,-0.7901315789473682,709,166,699,-3.631248214977683,2026-02-25T02:05:57.978Z
2025-02-01,TUR,RUS,76,0,2,0,0,0.02631578947368421,0.0,3.792105263157896,224,76,224,-0.8101163648914583,2026-02-25T02:05:57.978Z
2025-02-01,DEU,KOR,2,0,2,0,0,1.0,0.0,1.0,6,2,3,-4.78603603603604,2026-02-25T02:05:57.978Z
2025-02-01,PSE,USA,78,4,0,0,0,0.0,0.0,-0.08461538461538454,158,79,155,-4.587861512656459,2026-02-25T02:05:57.978Z
2025-02-01,IND,RUS,2,0,0,0,0,0.0,0.0,3.5,4,2,4,-0.92879256965944,2026-02-25T02:05:57.978Z
2025-02-01,BRA,ARG,2,0,0,0,0,0.0,0.0,3.4,3,2,3,-1.94426441996112,2026-02-25T02:05:57.978Z
2025-02-01,GBR,PAK,8,0,0,0,0,0.0,0.0,-1.5625,26,8,26,-2.437919472112115,2026-02-25T02:05:57.978Z
2025-02-01,IRN,IND,2,0,0,0,0,0.0,0.0,1.9,2,2,2,-3.08582449373192,2026-02-25T02:05:57.978Z
2025-02-01,ERI,ERI,4,0,0,0,0,0.0,0.0,2.125,20,4,20,-4.99731327243418,2026-02-25T02:05:57.978Z
2025-02-01,ARG,PRK,1,0,0,0,0,0.0,0.0,2.8,10,1,10,-1.78571428571428,2026-02-25T02:05:57.978Z
2025-02-01,USA,RUS,726,24,18,0,0,0.024793388429752067,0.5950413223140496,1.6965564738292005,2405,804,2401,-1.5753938238694531,2026-02-25T02:05:57.978Z
2025-02-01,USA,CHN,299,20,7,5,0,0.04013377926421405,0.802675585284281,1.5963210702341133,1082,309,1080,-2.521165512272735,2026-02-25T02:05:57.978Z
2025-02-01,ETH,RUS,7,0,0,0,0,0.0,0.0,3.2857142857142856,15,7,15,6.504854368932042,2026-02-25T02:05:57.978Z
2025-02-01,TWN,RUS,5,0,0,0,0,0.0,0.0,2.4800000000000004,9,5,9,-2.902441974385412,2026-02-25T02:05:57.978Z
2025-02-01,UKR,FRA,127,0,3,0,0,0.023622047244094488,0.0,2.823622047244095,322,144,322,-0.619023946735192,2026-02-25T02:05:57.978Z
2025-02-01,ISR,GBR,54,3,3,0,0,0.05555555555555555,0.16666666666666666,0.6111111111111112,125,54,124,-3.34439654650578,2026-02-25T02:05:57.978Z
2025-02-01,PRK,PAK,3,0,0,0,0,0.0,0.0,2.7999999999999994,10,3,10,0.28571428571428,2026-02-25T02:05:57.978Z
2025-02-01,SYR,USA,16,0,0,1,0,0.0625,0.0,1.2499999999999998,54,16,54,-2.160541741148666,2026-02-25T02:05:57.978Z
2025-02-01,TWN,UKR,5,0,0,0,0,0.0,0.0,1.52,6,5,6,-2.123325349075238,2026-02-25T02:05:57.978Z
2025-02-01,PAK,TUR,4,0,0,0,0,0.0,0.0,2.9000000000000004,14,4,14,-2.79443220119264,2026-02-25T02:05:57.978Z
2025-02-01,FRA,FRA,210,1,4,0,0,0.01904761904761905,0.01904761904761905,1.6042857142857152,547,210,528,-1.7684219852613197,2026-02-25T02:05:57.978Z
2025-02-01,PSE,PSE,155,7,0,0,0,0.0,0.0,0.47870967741935466,396,163,377,-6.1105216718376925,2026-02-25T02:05:57.978Z
2025-02-01,GBR,COD,2,0,0,0,0,0.0,0.0,0.2,3,2,3,-4.8311052861511605,2026-02-25T02:05:57.978Z
2025-02-01,IND,DEU,5,0,0,0,0,0.0,0.0,3.28,27,6,27,2.701112585059838,2026-02-25T02:05:57.978Z
2025-02-01,UKR,ARG,1,0,0,0,0,0.0,0.0,3.4,4,1,4,-2.76923076923077,2026-02-25T02:05:57.978Z
2025-02-01,USA,TUR,48,0,0,0,0,0.0,0.0,1.16875,139,49,139,-1.7478762861746588,2026-02-25T02:05:57.978Z
2025-02-01,RUS,PSE,10,0,0,0,0,0.0,0.0,1.6600000000000001,22,10,22,-3.4336107536716236,2026-02-25T02:05:57.978Z
2025-02-01,RUS,IRN,27,0,0,0,0,0.0,0.0,1.037037037037037,100,27,90,-3.1068224073825985,2026-02-25T02:05:57.978Z
2025-02-01,PAK,IRN,13,0,0,0,0,0.0,0.0,3.9846153846153842,50,13,50,3.155520906044433,2026-02-25T02:05:57.978Z
2025-02-01,SYR,IRN,20,0,0,0,0,0.0,0.0,1.42,48,22,48,-1.7803239215845612,2026-02-25T02:05:57.978Z
2025-02-01,RUS,BRA,1,0,0,0,0,0.0,0.0,1.0,10,1,10,2.23880597014925,2026-02-25T02:05:57.978Z
2025-02-01,RWA,GBR,12,0,2,0,0,0.16666666666666666,0.0,0.39999999999999997,44,12,44,-3.7360071371227606,2026-02-25T02:05:57.978Z
2025-02-01,DEU,RUS,41,0,0,0,0,0.0,0.0,0.2439024390243903,83,41,83,-0.47568783508322504,2026-02-25T02:05:57.978Z
2025-02-01,VEN,VEN,20,0,1,0,0,0.05,0.0,-0.49000000000000005,46,21,46,-4.139364080446131,2026-02-25T02:05:57.978Z
2025-02-01,GBR,RUS,142,9,4,0,0,0.028169014084507043,0.2535211267605634,2.090845070422535,327,149,327,-0.4595955664920899,2026-02-25T02:05:57.978Z
2025-02-01,USA,VEN,42,0,0,0,0,0.0,0.0,-0.6214285714285714,156,50,156,-4.43528446408498,2026-02-25T02:05:57.978Z
2025-02-01,IND,PAK,8,6,0,0,0,0.0,0.0,-5.5,34,10,34,-7.320155116243533,2026-02-25T02:05:57.978Z
2025-02-01,CHN,IND,1,0,0,0,0,0.0,0.0,-5.0,5,1,5,-4.51745379876797,2026-02-25T02:05:57.978Z
2025-02-01,RUS,MEX,2,0,0,0,0,0.0,0.0,3.4,4,2,4,-1.4218009478673,2026-02-25T02:05:57.978Z
2025-02-01,GBR,PSE,67,7,0,0,0,0.0,0.0,0.3552238805970151,182,67,182,-4.3196917260800625,2026-02-25T02:05:57.978Z
2025-02-01,GBR,UKR,336,7,2,0,0,0.005952380952380952,0.041666666666666664,2.179464285714284,929,417,929,-0.5236721155984767,2026-02-25T02:05:57.978Z
2025-02-01,CHN,TWN,76,14,0,0,0,0.0,0.0,-0.8052631578947369,345,78,331,-1.9602908838443167,2026-02-25T02:05:57.978Z
2025-02-01,ERI,ETH,21,0,0,0,0,0.0,0.0,3.8238095238095244,55,21,55,-5.713836755534136,2026-02-25T02:05:57.978Z
2025-02-01,UKR,COD,2,0,0,0,0,0.0,0.0,-5.6,5,2,5,-4.92476060191519,2026-02-25T02:05:57.978Z
2025-02-01,ISR,USA,213,14,13,0,2,0.07042253521126761,0.9859154929577465,0.912676056338028,545,222,545,-3.7542478499813474,2026-02-25T02:05:57.978Z
2025-02-01,RWA,RWA,10,0,0,0,0,0.0,0.0,0.8800000000000001,34,12,34,-7.399372572972757,2026-02-25T02:05:57.978Z
2025-02-01,DEU,TUR,2,0,0,0,0,0.0,0.0,4.45,10,2,10,2.530979347101935,2026-02-25T02:05:57.978Z
2025-02-01,RUS,SYR,16,0,1,0,0,0.0625,0.0,1.9,68,16,68,-1.8004032858880958,2026-02-25T02:05:57.978Z
2025-02-01,MEX,ISR,3,0,0,0,0,0.0,0.0,7.0,5,3,5,5.34759358288771,2026-02-25T02:05:57.978Z
2025-02-01,CHN,ARG,2,0,0,0,0,0.0,0.0,7.4,10,2,10,-1.82926829268292,2026-02-25T02:05:57.978Z
2025-02-01,EGY,GBR,32,1,2,0,0,0.0625,0.0625,2.625,82,32,82,-0.6367298330585405,2026-02-25T02:05:57.978Z
2025-02-01,USA,EGY,71,2,4,0,0,0.056338028169014086,0.11267605633802817,1.485915492957747,195,81,195,-2.698973708090485,2026-02-25T02:05:57.978Z
2025-02-01,MEX,IRN,2,0,0,0,0,0.0,0.0,5.0,10,2,10,0.47619047619048,2026-02-25T02:05:57.978Z
2025-02-01,GBR,SYR,7,3,0,0,0,0.0,0.0,-0.4571428571428573,11,7,11,-3.044923803288917,2026-02-25T02:05:57.978Z
2025-02-01,IRN,RUS,22,2,0,0,0,0.0,0.0,1.5727272727272725,84,22,84,-2.5177873877953316,2026-02-25T02:05:57.978Z
2025-02-01,DEU,ISR,14,0,0,0,0,0.0,0.0,1.828571428571428,39,14,39,-2.720896241120954,2026-02-25T02:05:57.978Z
2025-02-01,ISR,FRA,15,0,0,0,0,0.0,0.0,-3.366666666666667,29,15,29,-5.730999266318034,2026-02-25T02:05:57.978Z
2025-02-01,SYR,FRA,8,0,0,0,0,0.0,0.0,1.2,20,8,20,-3.596796445928779,2026-02-25T02:05:57.978Z
2025-02-01,GBR,EGY,45,8,4,0,0,0.08888888888888889,0.7111111111111111,1.1111111111111107,145,49,145,-0.7121224267306715,2026-02-25T02:05:57.978Z
2025-02-01,EGY,USA,53,0,6,0,0,0.11320754716981132,0.0,2.367924528301887,166,63,166,-2.5637428629917514,2026-02-25T02:05:57.978Z
2025-02-01,CHN,UKR,25,0,0,0,0,0.0,0.0,1.6159999999999999,89,25,88,-1.3878490042714082,2026-02-25T02:05:57.978Z
2025-02-01,CHN,EGY,3,0,0,0,0,0.0,0.0,2.1999999999999997,6,3,6,0.2045081355426134,2026-02-25T02:05:57.978Z
2025-02-01,GBR,TUR,3,0,0,0,0,0.0,0.0,-6.666666666666667,11,3,11,-3.50109409190372,2026-02-25T02:05:57.978Z
2025-02-01,RUS,CHN,145,9,6,2,0,0.05517241379310345,0.496551724137931,1.6441379310344832,457,151,453,-0.427740498249915,2026-02-25T02:05:57.978Z
2025-02-01,RUS,UKR,996,60,18,0,0,0.018072289156626505,1.0843373493975903,0.05130522088353377,2943,1049,2903,-1.9315331347051239,2026-02-25T02:05:57.978Z
2025-02-01,TUR,TUR,55,0,4,0,0,0.07272727272727272,0.0,0.39999999999999986,133,57,127,-2.2661934719671764,2026-02-25T02:05:57.978Z
2025-02-01,PSE,FRA,6,0,0,0,0,0.0,0.0,-5.733333333333333,17,6,17,-5.693472950356905,2026-02-25T02:05:57.978Z
2025-02-01,UKR,SYR,9,0,0,0,0,0.0,0.0,5.0,15,9,15,-2.25946293534974,2026-02-25T02:05:57.978Z
2025-02-01,KOR,KOR,57,4,0,4,1,0.08771929824561403,0.3508771929824561,0.6526315789473685,211,61,207,-2.885546050628607,2026-02-25T02:05:57.978Z
2025-02-01,GBR,ARG,6,0,0,0,0,0.0,0.0,-0.5,19,6,19,-3.62966454821234,2026-02-25T02:05:57.978Z
2025-02-01,BRA,GBR,4,0,0,0,0,0.0,0.0,-0.050000000000000044,4,4,4,-1.25977410947003,2026-02-25T02:05:57.978Z
2025-02-01,GBR,IRN,11,0,0,0,0,0.0,0.0,0.9454545454545453,48,11,48,-5.489085512418041,2026-02-25T02:05:57.978Z
2025-02-01,FRA,USA,356,4,23,0,1,0.06741573033707865,0.2696629213483146,2.34073033707865,926,384,920,-0.7712062761470865,2026-02-25T02:05:57.978Z
2025-02-01,ARG,GBR,4,0,0,0,0,0.0,0.0,1.75,12,4,12,-5.974512884999165,2026-02-25T02:05:57.978Z
2025-02-01,FRA,IRN,3,0,0,0,0,0.0,0.0,4.0,10,3,10,-4.31654676258993,2026-02-25T02:05:57.978Z
2025-02-01,BRA,USA,23,0,0,0,0,0.0,0.0,-0.8869565217391304,96,25,82,-0.02448202268058005,2026-02-25T02:05:57.978Z
2025-02-01,TWN,CHN,112,7,0,0,0,0.0,0.0,-0.5732142857142858,495,125,491,-3.9927958846441385,2026-02-25T02:05:57.978Z
2025-02-01,PAK,GBR,6,2,0,0,0,0.0,0.0,-6.083333333333333,20,6,20,-4.88144110845479,2026-02-25T02:05:57.978Z
2025-02-01,DEU,BRA,3,0,0,0,0,0.0,0.0,-2.0,10,3,10,2.84653465346534,2026-02-25T02:05:57.978Z
2025-02-01,DEU,IND,6,0,0,0,0,0.0,0.0,2.6,30,7,30,3.4414033446927212,2026-02-25T02:05:57.978Z
2025-02-01,TWN,TWN,31,1,0,0,0,0.0,0.0,0.7967741935483871,114,31,114,-2.3052488323171603,2026-02-25T02:05:57.978Z
2025-02-01,PAK,RUS,7,0,0,0,0,0.0,0.0,2.2857142857142856,29,7,29,5.265177769220896,2026-02-25T02:05:57.978Z
2025-02-01,EGY,CHN,3,0,0,0,0,0.0,0.0,2.4999999999999996,6,3,6,0.2045081355426134,2026-02-25T02:05:57.978Z
2025-02-01,CHN,MEX,38,4,0,0,0,0.0,0.0,0.8263157894736842,106,40,106,-2.8704051248437987,2026-02-25T02:05:57.978Z
2025-02-01,FRA,CHN,14,0,0,0,0,0.0,0.0,3.5428571428571423,35,14,35,-1.1852624752286967,2026-02-25T02:05:57.978Z
2025-02-01,RUS,ETH,4,0,0,0,0,0.0,0.0,3.5,7,4,7,6.50485436893204,2026-02-25T02:05:57.978Z
2025-02-01,PAK,PAK,123,4,5,4,4,0.10569105691056911,0.42276422764227645,-0.05772357723577234,386,146,382,-2.7984560900305993,2026-02-25T02:05:57.978Z
2025-02-01,PRK,USA,27,0,0,0,0,0.0,0.0,1.774074074074074,90,32,90,-2.3412418324215767,2026-02-25T02:05:57.978Z
2025-02-01,DEU,IRN,2,0,0,0,0,0.0,0.0,-10.0,10,2,10,-2.41610738255033,2026-02-25T02:05:57.978Z
2025-02-01,DEU,UKR,132,1,5,0,3,0.06060606060606061,0.06060606060606061,2.5439393939393953,471,146,471,-1.1756358076128104,2026-02-25T02:05:57.978Z
2025-02-01,EGY,ISR,95,4,0,0,0,0.0,0.0,2.275789473684211,254,100,246,-4.30833004877451,2026-02-25T02:05:57.978Z
2025-02-01,SYR,RUS,22,3,1,0,0,0.045454545454545456,0.13636363636363635,0.4454545454545455,75,22,75,-2.1577408464977577,2026-02-25T02:05:57.978Z
2025-02-01,CHN,ETH,2,0,0,0,0,0.0,0.0,0.0,11,2,11,6.90846286701209,2026-02-25T02:05:57.978Z
2025-02-01,BRA,FRA,1,0,0,0,0,0.0,0.0,2.8,10,1,10,2.45901639344262,2026-02-25T02:05:57.978Z
2025-02-01,USA,ARG,20,0,0,0,0,0.0,0.0,3.2049999999999996,75,20,75,-1.140555420698862,2026-02-25T02:05:57.978Z
2025-02-01,FRA,ISR,14,0,0,0,0,0.0,0.0,-0.7142857142857143,37,14,37,-5.540121658125748,2026-02-25T02:05:57.978Z
2025-02-01,USA,COD,7,0,0,0,0,0.0,0.0,1.5714285714285716,32,7,32,-3.686683116548427,2026-02-25T02:05:57.978Z
2025-02-01,USA,USA,4951,146,153,63,99,0.063623510401939,9.289032518683095,0.5712785295899928,16451,5279,16212,-2.2727360640791696,2026-02-25T02:05:57.978Z
2025-02-01,KOR,IND,3,0,0,0,0,0.0,0.0,6.666666666666667,16,3,16,4.538824538824543,2026-02-25T02:05:57.978Z
2025-02-01,ISR,IRN,68,8,0,0,0,0.0,0.0,-1.1441176470588235,231,68,231,-4.134601230420292,2026-02-25T02:05:57.978Z
2025-02-01,CHN,PRK,23,0,0,0,0,0.0,0.0,1.8565217391304343,82,23,82,-2.65508947000795,2026-02-25T02:05:57.978Z
2025-02-01,SYR,SYR,43,5,0,0,0,0.0,0.0,1.5976744186046512,111,45,111,-2.3335334554522693,2026-02-25T02:05:57.978Z
2025-02-01,PRK,UKR,14,2,0,0,0,0.0,0.0,4.114285714285715,39,14,39,-1.9410265849831443,2026-02-25T02:05:57.978Z
2025-02-01,TUR,MEX,2,0,0,0,0,0.0,0.0,4.0,4,2,4,-0.86655112651646,2026-02-25T02:05:57.978Z
2025-02-01,TUR,IRN,20,0,0,0,0,0.0,0.0,0.7549999999999999,47,22,47,-1.7109082714998398,2026-02-25T02:05:57.978Z
2025-02-01,KOR,ISR,3,0,0,0,0,0.0,0.0,7.0,5,3,5,5.34759358288771,2026-02-25T02:05:57.978Z
2025-02-01,TWN,USA,31,0,2,0,0,0.06451612903225806,0.0,2.1741935483870964,122,31,119,-0.4474969028226787,2026-02-25T02:05:57.978Z
2025-02-01,FRA,MEX,7,0,0,0,0,0.0,0.0,1.2857142857142858,34,11,34,-0.5359925646568099,2026-02-25T02:05:57.978Z
2025-02-01,TUR,PAK,23,0,0,0,0,0.0,0.0,1.6304347826086956,75,23,69,0.3941455582693411,2026-02-25T02:05:57.978Z
2025-02-01,IRN,PSE,8,3,0,0,0,0.0,0.0,-3.9000000000000004,20,8,20,-3.9479493861071875,2026-02-25T02:05:57.978Z
2025-02-01,CHN,DEU,11,0,0,0,0,0.0,0.0,1.8181818181818181,25,11,25,0.2225800579054327,2026-02-25T02:05:57.978Z
2025-02-01,SYR,PRK,8,0,0,0,0,0.0,0.0,1.5,12,8,12,-3.5846061880320756,2026-02-25T02:05:57.978Z
2025-02-01,USA,RWA,6,0,0,0,0,0.0,0.0,-8.0,40,9,40,-6.797283183804924,2026-02-25T02:05:57.978Z
2025-02-01,ISR,ARG,1,0,0,0,0,0.0,0.0,2.8,1,1,1,-2.31481481481481,2026-02-25T02:05:57.978Z
2025-02-01,FRA,KOR,1,0,0,0,0,0.0,0.0,8.0,2,1,2,-1.2539184952978,2026-02-25T02:05:57.978Z
2025-02-01,ARG,ISR,1,0,0,0,0,0.0,0.0,1.9,1,1,1,-2.31481481481481,2026-02-25T02:05:57.978Z
2025-02-01,FRA,IND,2,0,0,0,0,0.0,0.0,-5.0,4,2,4,-5.41586073500968,2026-02-25T02:05:57.978Z
2025-02-01,KOR,FRA,2,0,0,0,0,0.0,0.0,8.0,3,2,3,-1.149607331272595,2026-02-25T02:05:57.978Z
2025-02-01,GBR,PRK,5,0,0,0,0,0.0,0.0,-8.0,10,5,10,-6.88935281837161,2026-02-25T02:05:57.978Z
2025-02-01,KOR,UKR,2,2,0,0,0,0.0,0.0,-5.0,5,2,5,-4.72727272727272,2026-02-25T02:05:57.978Z
2025-02-01,ISR,IND,2,0,0,0,0,0.0,0.0,4.0,3,3,3,0.0,2026-02-25T02:05:57.978Z
2025-02-01,PSE,BRA,1,0,0,0,0,0.0,0.0,-9.0,2,1,2,-3.96678966789668,2026-02-25T02:05:57.978Z
2025-03-01,DEU,TUR,19,3,0,0,0,0.0,0.0,0.8,73,19,67,-1.6755713678311899,2026-02-25T02:20:33.205Z
2025-03-01,RUS,PSE,10,0,0,0,0,0.0,0.0,0.8800000000000001,32,10,19,-2.5915433579697553,2026-02-25T02:20:33.205Z
2025-03-01,PAK,GBR,5,0,0,0,0,0.0,0.0,3.28,9,5,9,-0.8838094530369357,2026-02-25T02:20:33.205Z
2025-03-01,FRA,PAK,1,0,0,0,0,0.0,0.0,-2.0,1,1,1,-6.12449799196788,2026-02-25T02:20:33.205Z
2025-03-01,USA,DEU,107,2,0,0,0,0.0,0.0,1.149532710280374,368,110,368,-1.9049254527553527,2026-02-25T02:20:33.205Z
2025-03-01,RUS,SYR,21,0,0,0,0,0.0,0.0,0.5999999999999999,81,23,81,-4.0715599116081975,2026-02-25T02:20:33.205Z
2025-03-01,ARG,MEX,1,0,0,0,0,0.0,0.0,-2.0,4,1,4,-5.66893424036281,2026-02-25T02:20:33.205Z
2025-03-01,TWN,GBR,2,0,0,0,0,0.0,0.0,1.9,8,2,8,-1.21506682867558,2026-02-25T02:20:33.205Z
2025-03-01,RUS,RUS,255,14,22,0,1,0.09019607843137255,1.2627450980392156,-0.05019607843137265,776,260,755,-3.6037849847242422,2026-02-25T02:20:33.205Z
2025-03-01,IRN,VEN,3,0,0,0,0,0.0,0.0,0.9333333333333332,8,3,8,-4.76190476190476,2026-02-25T02:20:33.205Z
2025-03-01,GBR,MEX,2,0,0,0,0,0.0,0.0,4.0,10,2,10,3.41463414634146,2026-02-25T02:20:33.205Z
2025-03-01,PSE,ARG,1,0,0,0,0,0.0,0.0,-0.3,2,1,2,-3.04878048780488,2026-02-25T02:20:33.205Z
2025-03-01,IND,CHN,4,0,0,0,0,0.0,0.0,-4.25,9,4,9,-2.6248600369762802,2026-02-25T02:20:33.205Z
2025-03-01,USA,BRA,9,0,0,0,0,0.0,0.0,1.9666666666666666,62,10,62,-1.8358390981962032,2026-02-25T02:20:33.205Z
2025-03-01,KOR,USA,62,0,4,3,0,0.11290322580645161,0.0,2.485483870967742,204,62,199,0.02869939811574506,2026-02-25T02:20:33.205Z
2025-03-01,COD,USA,2,0,0,0,0,0.0,0.0,1.0,5,2,5,-3.02457466918715,2026-02-25T02:20:33.205Z
2025-03-01,PSE,EGY,58,3,0,0,0,0.0,0.0,0.9551724137931032,214,65,210,-4.221355247561989,2026-02-25T02:20:33.205Z
2025-03-01,PSE,ISR,440,37,1,10,1,0.02727272727272727,1.009090909090909,-1.3690909090909096,1532,503,1521,-5.5674177406237755,2026-02-25T02:20:33.205Z
2025-03-01,GBR,TUR,26,4,1,0,0,0.038461538461538464,0.15384615384615385,-0.2730769230769231,79,26,79,-2.8595781747288,2026-02-25T02:20:33.205Z
2025-03-01,IRN,TUR,4,1,0,2,0,0.5,0.5,-3.125,16,4,10,-4.48743556104337,2026-02-25T02:20:33.205Z
2025-03-01,VEN,IRN,2,0,0,0,0,0.0,0.0,-1.55,8,2,8,-3.772602480355955,2026-02-25T02:20:33.205Z
2025-03-01,ARG,ARG,10,0,0,0,0,0.0,0.0,1.2899999999999998,24,10,24,-5.199131350355356,2026-02-25T02:20:33.205Z
2025-03-01,KOR,PRK,14,2,0,0,0,0.0,0.0,-0.6642857142857144,48,14,44,-4.250351641482244,2026-02-25T02:20:33.205Z
2025-03-01,IRN,UKR,25,1,0,0,0,0.0,0.0,0.012000000000000028,52,25,52,-2.5024032477280325,2026-02-25T02:20:33.205Z
2025-03-01,IND,PAK,5,1,0,0,0,0.0,0.0,-5.3,12,5,12,-3.9908404964980875,2026-02-25T02:20:33.205Z
2025-03-01,ISR,RUS,3,0,0,0,0,0.0,0.0,-1.2,12,3,12,-4.180273407127809,2026-02-25T02:20:33.205Z
2025-03-01,FRA,DEU,45,1,2,0,0,0.044444444444444446,0.044444444444444446,2.0933333333333333,168,45,168,-1.6154612901733256,2026-02-25T02:20:33.205Z
2025-03-01,PSE,PSE,173,19,0,2,2,0.023121387283236993,0.4393063583815029,-1.0901734104046241,575,176,484,-5.730333898506291,2026-02-25T02:20:33.205Z
2025-03-01,USA,IND,42,0,0,5,0,0.11904761904761904,0.0,3.0380952380952375,158,42,158,-0.44739242264023216,2026-02-25T02:20:33.205Z
2025-03-01,DEU,KOR,2,0,0,0,0,0.0,0.0,2.95,15,2,15,2.656375623090525,2026-02-25T02:20:33.205Z
2025-03-01,USA,ARG,12,0,0,0,0,0.0,0.0,1.4000000000000001,44,12,44,-1.9728700616798462,2026-02-25T02:20:33.205Z
2025-03-01,GBR,IRN,11,0,0,0,0,0.0,0.0,-8.490909090909092,46,11,46,-4.553703280546539,2026-02-25T02:20:33.205Z
2025-03-01,ISR,GBR,17,3,0,0,0,0.0,0.0,0.4529411764705882,48,17,48,-3.6252548328219407,2026-02-25T02:20:33.205Z
2025-03-01,ISR,SYR,30,1,0,0,0,0.0,0.0,-1.3633333333333333,96,30,96,-4.915005870576383,2026-02-25T02:20:33.205Z
2025-03-01,GBR,CHN,6,0,0,0,0,0.0,0.0,3.733333333333333,24,6,24,1.0567329671412884,2026-02-25T02:20:33.205Z
2025-03-01,IND,ISR,1,0,0,0,0,0.0,0.0,3.4,2,1,2,-3.89610389610389,2026-02-25T02:20:33.205Z
2025-03-01,USA,UKR,423,24,12,0,1,0.030732860520094562,0.7375886524822695,2.608747044917257,1269,444,1263,-2.5261431390135636,2026-02-25T02:20:33.205Z
2025-03-01,IRN,PSE,22,0,0,0,2,0.09090909090909091,0.0,-0.9590909090909091,56,26,56,-2.137634061923153,2026-02-25T02:20:33.205Z
2025-03-01,TUR,IRN,13,10,0,0,1,0.07692307692307693,0.7692307692307693,-4.1692307692307695,35,13,31,-3.45436748843417,2026-02-25T02:20:33.205Z
2025-03-01,CHN,RWA,2,0,0,0,0,0.0,0.0,-2.0,10,2,10,-2.29770229770229,2026-02-25T02:20:33.205Z
2025-03-01,GBR,PRK,1,0,0,0,0,0.0,0.0,0.0,10,1,10,-0.63694267515923,2026-02-25T02:20:33.205Z
2025-03-01,RUS,CHN,111,7,2,0,0,0.018018018018018018,0.12612612612612611,2.78918918918919,378,121,372,-2.265112631639074,2026-02-25T02:20:33.205Z
2025-03-01,PSE,SYR,8,0,0,0,0,0.0,0.0,-2.062500000000001,19,8,19,-2.2845190053149134,2026-02-25T02:20:33.205Z
2025-03-01,TUR,GBR,11,0,0,0,0,0.0,0.0,0.8,34,11,34,-3.6276689604518726,2026-02-25T02:20:33.205Z
2025-03-01,EGY,ISR,46,1,0,0,0,0.0,0.0,0.5043478260869567,151,52,151,-3.639048581393269,2026-02-25T02:20:33.205Z
2025-03-01,BRA,BRA,18,0,2,0,0,0.1111111111111111,0.0,2.4999999999999996,80,18,60,1.6556774655052509,2026-02-25T02:20:33.205Z
2025-03-01,RWA,RWA,7,0,0,0,0,0.0,0.0,1.342857142857143,13,7,13,-1.0076664806703546,2026-02-25T02:20:33.205Z
2025-03-01,USA,GBR,221,16,3,6,0,0.04072398190045249,0.6515837104072398,1.0814479638009051,798,225,798,-1.1054563043429064,2026-02-25T02:20:33.205Z
2025-03-01,GBR,RWA,4,0,0,0,0,0.0,0.0,-1.5,16,4,16,-3.9336998143721726,2026-02-25T02:20:33.205Z
2025-03-01,PAK,ISR,18,0,0,0,0,0.0,0.0,0.10000000000000014,50,18,46,-1.1646933221658329,2026-02-25T02:20:33.205Z
2025-03-01,GBR,BRA,5,0,0,0,0,0.0,0.0,2.5,11,5,11,1.25163258165579,2026-02-25T02:20:33.205Z
2025-03-01,PAK,PSE,3,0,0,0,0,0.0,0.0,3.8000000000000003,9,3,9,5.300436388049683,2026-02-25T02:20:33.205Z
2025-03-01,KOR,KOR,60,4,2,0,2,0.06666666666666667,0.26666666666666666,-0.44,229,60,224,-2.300578197146769,2026-02-25T02:20:33.205Z
2025-03-01,USA,COD,4,2,0,0,0,0.0,0.0,-3.0,14,5,14,-8.228972677680355,2026-02-25T02:20:33.205Z
2025-03-01,GBR,PSE,16,2,0,0,0,0.0,0.0,0.19374999999999998,53,16,53,-5.172833382144533,2026-02-25T02:20:33.205Z
2025-03-01,EGY,SYR,3,0,0,0,0,0.0,0.0,-10.0,5,3,5,-4.10628019323672,2026-02-25T02:20:33.205Z
2025-03-01,CHN,RUS,156,9,0,0,0,0.0,0.0,2.5987179487179484,522,168,516,-2.7526625514191156,2026-02-25T02:20:33.205Z
2025-03-01,PSE,TUR,14,0,0,1,0,0.07142857142857142,0.0,3.514285714285714,66,15,66,-5.209301010540503,2026-02-25T02:20:33.205Z
2025-03-01,USA,PSE,154,6,0,0,10,0.06493506493506493,0.3896103896103896,0.10909090909090907,411,155,402,-4.321667206994359,2026-02-25T02:20:33.205Z
2025-03-01,CHN,USA,199,7,2,0,5,0.035175879396984924,0.24623115577889448,0.44623115577889433,695,203,691,-2.0181639851702435,2026-02-25T02:20:33.205Z
2025-03-01,CHN,COD,2,0,0,0,0,0.0,0.0,3.4,10,2,10,-2.29770229770229,2026-02-25T02:20:33.205Z
2025-03-01,USA,USA,3952,142,78,63,74,0.054402834008097166,7.725202429149798,0.4193319838056708,12454,4106,12218,-2.254321054866916,2026-02-25T02:20:33.205Z
2025-03-01,KOR,FRA,3,0,0,0,0,0.0,0.0,6.400000000000001,6,3,6,3.9906103286384904,2026-02-25T02:20:33.205Z
2025-03-01,MEX,FRA,6,0,0,0,0,0.0,0.0,1.8499999999999999,17,6,17,1.6190911419284648,2026-02-25T02:20:33.205Z
2025-03-01,FRA,FRA,209,6,1,0,2,0.014354066985645933,0.0861244019138756,0.33110047846889945,696,229,688,-2.8005198217260148,2026-02-25T02:20:33.205Z
2025-03-01,EGY,EGY,16,1,0,0,0,0.0,0.0,0.9249999999999998,46,16,46,-1.2042527688849143,2026-02-25T02:20:33.205Z
2025-03-01,EGY,CHN,3,0,0,0,0,0.0,0.0,0.9333333333333332,10,3,10,1.6621187784989366,2026-02-25T02:20:33.205Z
2025-03-01,CHN,PAK,19,0,0,0,0,0.0,0.0,1.5368421052631578,49,19,49,-1.9982947059252867,2026-02-25T02:20:33.205Z
2025-03-01,DEU,IRN,2,2,0,0,0,0.0,0.0,-4.4,4,2,4,0.86830680173661,2026-02-25T02:20:33.205Z
2025-03-01,ISR,IRN,71,18,0,0,0,0.0,0.0,-0.6450704225352112,251,76,251,-2.8186028086580945,2026-02-25T02:20:33.205Z
2025-03-01,FRA,UKR,84,0,0,3,0,0.03571428571428571,0.0,2.2476190476190476,291,89,283,-1.0878666923626672,2026-02-25T02:20:33.205Z
2025-03-01,DEU,CHN,12,2,0,0,0,0.0,0.0,2.3166666666666664,34,12,34,1.4794352684179826,2026-02-25T02:20:33.205Z
2025-03-01,CHN,UKR,24,0,0,0,0,0.0,0.0,4.979166666666667,70,27,70,-1.3221499083349506,2026-02-25T02:20:33.205Z
2025-03-01,GBR,IND,16,2,0,0,0,0.0,0.0,1.775,49,16,49,0.8963483735545508,2026-02-25T02:20:33.205Z
2025-03-01,ISR,EGY,95,16,0,0,0,0.0,0.0,-3.4715789473684198,397,124,395,-4.614991903507265,2026-02-25T02:20:33.205Z
2025-03-01,KOR,IRN,3,0,0,0,0,0.0,0.0,-0.4000000000000001,8,3,8,-1.65394402035624,2026-02-25T02:20:33.205Z
2025-03-01,GBR,RUS,47,15,3,0,0,0.06382978723404255,0.9574468085106382,-2.3446808510638295,120,51,120,-2.5710294915265313,2026-02-25T02:20:33.205Z
2025-03-01,RUS,IND,2,0,0,0,0,0.0,0.0,-2.0,5,2,5,-4.3380703066567,2026-02-25T02:20:33.205Z
2025-03-01,IND,PSE,2,0,0,0,0,0.0,0.0,3.0999999999999996,3,2,3,-0.781039499919165,2026-02-25T02:20:33.205Z
2025-03-01,TWN,TWN,34,1,0,0,0,0.0,0.0,3.4705882352941178,132,35,132,-0.06120061578432929,2026-02-25T02:20:33.205Z
2025-03-01,PSE,PAK,1,0,0,0,0,0.0,0.0,0.0,1,1,1,2.33402489626556,2026-02-25T02:20:33.205Z
2025-03-01,RUS,DEU,32,3,0,0,0,0.0,0.0,0.234375,109,36,109,-0.8300313519698884,2026-02-25T02:20:33.205Z
2025-03-01,ETH,EGY,2,0,0,0,0,0.0,0.0,0.0,10,2,10,2.99572039942939,2026-02-25T02:20:33.205Z
2025-03-01,VEN,VEN,32,2,0,0,0,0.0,0.0,0.503125,90,32,90,-3.2108061892096313,2026-02-25T02:20:33.205Z
2025-03-01,DEU,SYR,7,0,0,0,0,0.0,0.0,1.1714285714285713,7,7,7,-6.389363162709261,2026-02-25T02:20:33.205Z
2025-03-01,CHN,PSE,2,0,0,0,0,0.0,0.0,-9.0,4,2,4,-5.10067114093959,2026-02-25T02:20:33.205Z
2025-03-01,CHN,CHN,204,5,2,2,2,0.029411764705882353,0.14705882352941177,1.7813725490196075,625,213,615,-1.4195891969862737,2026-02-25T02:20:33.205Z
2025-03-01,CHN,MEX,17,0,0,0,0,0.0,0.0,4.047058823529412,65,26,63,-3.0768545595749077,2026-02-25T02:20:33.205Z
2025-03-01,TUR,TUR,94,22,4,2,1,0.07446808510638298,1.6382978723404253,-1.9553191489361696,338,96,328,-4.5730615250634745,2026-02-25T02:20:33.205Z
2025-03-01,TWN,USA,20,2,1,3,0,0.2,0.4,1.735,78,20,78,-1.2555637462532778,2026-02-25T02:20:33.205Z
2025-03-01,USA,SYR,11,0,0,0,0,0.0,0.0,-0.48181818181818187,34,11,34,-4.711193531366822,2026-02-25T02:20:33.205Z
2025-03-01,IND,IRN,4,4,0,0,0,0.0,0.0,-4.4,6,4,6,-4.743729552889855,2026-02-25T02:20:33.205Z
2025-03-01,FRA,BRA,7,0,0,0,0,0.0,0.0,2.542857142857143,18,7,18,-0.7020486528683227,2026-02-25T02:20:33.205Z
2025-03-01,DEU,PSE,2,0,0,0,0,0.0,0.0,0.0,2,2,2,-2.49003984063745,2026-02-25T02:20:33.205Z
2025-03-01,USA,PAK,13,0,0,0,1,0.07692307692307693,0.0,3.553846153846154,60,13,60,-0.49681103020594175,2026-02-25T02:20:33.205Z
2025-03-01,CHN,GBR,29,3,0,0,0,0.0,0.0,-1.3724137931034481,97,31,95,-1.2719482858702251,2026-02-25T02:20:33.205Z
2025-03-01,UKR,USA,322,10,13,0,1,0.043478260869565216,0.43478260869565216,2.8950310559006214,981,327,979,-2.460709002529812,2026-02-25T02:20:33.205Z
2025-03-01,RUS,TWN,2,0,0,0,0,0.0,0.0,3.4,5,2,5,-0.20790020790021,2026-02-25T02:20:33.205Z
2025-03-01,RUS,TUR,21,0,1,0,0,0.047619047619047616,0.0,-0.0285714285714286,80,33,80,-1.0419026985020952,2026-02-25T02:20:33.205Z
2025-03-01,USA,FRA,85,0,0,0,2,0.023529411764705882,0.0,0.014117647058823438,282,88,264,-2.7393883220943414,2026-02-25T02:20:33.205Z
2025-03-01,USA,ISR,268,27,0,2,2,0.014925373134328358,0.40298507462686567,-0.11902985074626822,664,276,664,-3.9708089858434117,2026-02-25T02:20:33.205Z
2025-03-01,KOR,TWN,2,0,0,0,0,0.0,0.0,-5.0,10,2,10,-4.70809792843692,2026-02-25T02:20:33.205Z
2025-03-01,SYR,DEU,6,0,0,0,0,0.0,0.0,2.2,8,7,8,-5.022054401757107,2026-02-25T02:20:33.205Z
2025-03-01,RWA,COD,17,0,0,0,0,0.0,0.0,3.0588235294117645,57,17,57,-2.88580377532605,2026-02-25T02:20:33.205Z
2025-03-01,DEU,MEX,4,0,0,0,0,0.0,0.0,-3.35,6,6,6,-4.19564990904833,2026-02-25T02:20:33.205Z
2025-03-01,ISR,PAK,11,0,0,0,0,0.0,0.0,2.5454545454545454,28,11,28,-0.3420268760416701,2026-02-25T02:20:33.205Z
2025-03-01,UKR,TUR,13,0,0,0,0,0.0,0.0,-1.8461538461538463,75,20,75,-0.2248397679749411,2026-02-25T02:20:33.205Z
2025-03-01,ISR,FRA,17,0,2,0,0,0.11764705882352941,0.0,1.9529411764705884,58,17,58,-3.249772018720077,2026-02-25T02:20:33.205Z
2025-03-01,CHN,EGY,1,0,0,0,0,0.0,0.0,1.9,3,1,3,-0.80428954423593,2026-02-25T02:20:33.205Z
2025-03-01,RUS,USA,378,12,14,1,1,0.042328042328042326,0.5079365079365079,1.9044973544973531,1081,415,1071,-2.70872134077523,2026-02-25T02:20:33.205Z
2025-03-01,ARG,USA,6,1,0,0,0,0.0,0.0,-0.39999999999999974,41,6,41,-2.1810531930239416,2026-02-25T02:20:33.205Z
2025-03-01,MEX,KOR,3,0,0,0,0,0.0,0.0,-2.0,8,3,8,6.066176470588229,2026-02-25T02:20:33.205Z
2025-03-01,ETH,USA,2,0,0,1,0,0.5,0.0,7.4,12,2,12,-1.20906801007556,2026-02-25T02:20:33.205Z
2025-03-01,DEU,GBR,45,0,0,0,0,0.0,0.0,1.788888888888889,153,45,153,-2.1401989984407614,2026-02-25T02:20:33.205Z
2025-03-01,RUS,UKR,786,50,12,0,2,0.017811704834605598,0.8905852417302799,-0.38435114503816736,2563,888,2543,-3.761608843537524,2026-02-25T02:20:33.205Z
2025-03-01,PSE,GBR,3,1,0,0,0,0.0,0.0,-0.9,14,3,14,-5.49754521201633,2026-02-25T02:20:33.205Z
2025-03-01,ISR,PSE,630,75,0,0,22,0.03492063492063492,2.619047619047619,-2.633333333333334,2270,729,2259,-5.666173376044713,2026-02-25T02:20:33.205Z
2025-03-01,PRK,UKR,4,0,0,0,0,0.0,0.0,-6.1,13,4,13,-3.63620063894986,2026-02-25T02:20:33.205Z
2025-03-01,USA,RUS,416,30,14,0,0,0.03365384615384615,1.0096153846153846,1.299038461538462,1147,438,1146,-2.9646976611754847,2026-02-25T02:20:33.205Z
2025-03-01,BRA,RUS,5,0,0,0,0,0.0,0.0,2.3200000000000003,8,5,8,-0.5810929482919921,2026-02-25T02:20:33.205Z
2025-03-01,PAK,PAK,107,6,5,0,2,0.06542056074766354,0.39252336448598124,0.09158878504672881,292,107,282,-1.381405422691371,2026-02-25T02:20:33.205Z
2025-03-01,PAK,CHN,30,3,0,0,0,0.0,0.0,3.1833333333333345,77,30,77,-1.223761371707404,2026-02-25T02:20:33.205Z
2025-03-01,VEN,MEX,3,0,0,0,0,0.0,0.0,6.400000000000001,4,3,4,-7.76119402985075,2026-02-25T02:20:33.205Z
2025-03-01,TUR,UKR,22,0,0,0,0,0.0,0.0,5.809090909090909,56,22,56,-0.2028270467884705,2026-02-25T02:20:33.205Z
2025-03-01,PSE,IND,5,0,0,0,0,0.0,0.0,-2.62,24,5,24,2.554952174857488,2026-02-25T02:20:33.205Z
2025-03-01,USA,ETH,4,0,0,0,0,0.0,0.0,-1.0,15,4,15,4.49438202247191,2026-02-25T02:20:33.205Z
2025-03-01,UKR,DEU,23,2,0,0,0,0.0,0.0,-0.16956521739130437,69,23,69,-2.093416669265184,2026-02-25T02:20:33.205Z
2025-03-01,ISR,ISR,380,35,6,4,3,0.034210526315789476,1.1973684210526316,-1.3323684210526316,1129,392,1123,-4.930296118590967,2026-02-25T02:20:33.205Z
2025-03-01,USA,KOR,51,7,2,0,0,0.0392156862745098,0.27450980392156865,1.9019607843137252,155,51,134,0.22084907909009932,2026-02-25T02:20:33.205Z
2025-03-01,PSE,IRN,10,0,0,0,0,0.0,0.0,-1.27,27,12,27,-5.36132275705431,2026-02-25T02:20:33.205Z
2025-03-01,ISR,DEU,14,0,0,0,0,0.0,0.0,0.6285714285714284,51,14,51,-4.070439885695588,2026-02-25T02:20:33.205Z
2025-03-01,TUR,SYR,19,2,0,0,0,0.0,0.0,-0.3999999999999999,63,19,63,-2.28609014520897,2026-02-25T02:20:33.205Z
2025-03-01,IND,IND,174,3,4,1,2,0.040229885057471264,0.12068965517241378,0.6551724137931038,640,181,625,-1.3579610658168286,2026-02-25T02:20:33.205Z
2025-03-01,ARG,BRA,1,0,0,0,0,0.0,0.0,5.0,10,1,10,-7.86802030456853,2026-02-25T02:20:33.205Z
2025-03-01,IND,TUR,2,0,0,0,0,0.0,0.0,3.0,4,2,4,-5.37190082644628,2026-02-25T02:20:33.205Z
2025-03-01,PAK,USA,8,0,0,1,0,0.125,0.0,-0.9124999999999999,40,8,40,-3.231049644627114,2026-02-25T02:20:33.205Z
2025-03-01,CHN,BRA,16,0,0,0,0,0.0,0.0,1.8625,56,16,56,-0.8180116436551488,2026-02-25T02:20:33.205Z
2025-03-01,TUR,CHN,3,0,0,0,0,0.0,0.0,1.8999999999999997,5,3,5,-0.80428954423593,2026-02-25T02:20:33.205Z
2025-03-01,TWN,CHN,73,2,0,0,0,0.0,0.0,0.7767123287671232,314,73,296,-1.2502702651222206,2026-02-25T02:20:33.205Z
2025-03-01,RUS,PAK,2,0,0,0,0,0.0,0.0,5.0,6,2,6,-6.05226960110041,2026-02-25T02:20:33.205Z
2025-03-01,USA,EGY,27,0,0,0,0,0.0,0.0,1.6925925925925922,73,27,73,-0.8612654650856,2026-02-25T02:20:33.205Z
2025-03-01,ETH,ETH,11,0,4,0,1,0.45454545454545453,0.0,0.7727272727272727,50,11,50,-6.0697932261806535,2026-02-25T02:20:33.205Z
2025-03-01,IRN,RUS,35,4,0,0,0,0.0,0.0,1.1885714285714284,71,35,71,-2.6250625856452627,2026-02-25T02:20:33.205Z
2025-03-01,DEU,ISR,17,0,0,0,0,0.0,0.0,0.976470588235294,56,17,56,-3.9994346554338365,2026-02-25T02:20:33.205Z
2025-03-01,KOR,DEU,1,0,0,0,0,0.0,0.0,2.8,10,1,10,4.44444444444444,2026-02-25T02:20:33.205Z
2025-03-01,SYR,TUR,6,0,0,0,0,0.0,0.0,3.1833333333333336,19,6,19,-1.8316960333328733,2026-02-25T02:20:33.205Z
2025-03-01,RUS,IRN,44,6,0,0,0,0.0,0.0,0.5181818181818181,103,44,103,-3.283908893019571,2026-02-25T02:20:33.205Z
2025-03-01,BRA,FRA,20,0,0,0,0,0.0,0.0,1.105,49,20,49,-2.6002101235018076,2026-02-25T02:20:33.205Z
2025-03-01,FRA,USA,85,1,3,0,0,0.03529411764705882,0.03529411764705882,0.43882352941176417,279,86,279,-2.8392034711781315,2026-02-25T02:20:33.205Z
2025-03-01,DEU,FRA,35,0,3,0,0,0.08571428571428572,0.0,1.8714285714285714,124,35,124,-1.09530349305419,2026-02-25T02:20:33.205Z
2025-03-01,ERI,ETH,11,0,0,0,0,0.0,0.0,-0.01818181818181812,45,11,45,-2.7360108997061205,2026-02-25T02:20:33.205Z
2025-03-01,UKR,UKR,200,8,0,0,1,0.005,0.04,-0.035999999999999976,598,263,590,-3.294803556241626,2026-02-25T02:20:33.205Z
2025-03-01,KOR,CHN,14,0,0,0,0,0.0,0.0,2.8785714285714286,51,14,51,-0.83393902241667,2026-02-25T02:20:33.205Z
2025-03-01,EGY,GBR,2,0,0,0,0,0.0,0.0,0.95,14,2,14,-1.37254901960785,2026-02-25T02:20:33.205Z
2025-03-01,USA,RWA,1,0,0,0,0,0.0,0.0,0.0,3,1,3,-3.02457466918715,2026-02-25T02:20:33.205Z
2025-03-01,ISR,UKR,9,0,0,0,0,0.0,0.0,-1.9333333333333331,16,9,14,-0.9709230535817324,2026-02-25T02:20:33.205Z
2025-03-01,FRA,PSE,7,0,0,0,0,0.0,0.0,3.7142857142857144,17,7,17,-1.6980296210715828,2026-02-25T02:20:33.205Z
2025-03-01,MEX,CHN,14,6,0,0,0,0.0,0.0,-2.8571428571428577,45,17,45,-1.857386410372115,2026-02-25T02:20:33.205Z
2025-03-01,TUR,PAK,4,0,0,0,0,0.0,0.0,3.1,7,4,7,2.451000363540635,2026-02-25T02:20:33.205Z
2025-03-01,USA,TUR,47,0,0,0,0,0.0,0.0,-0.09361702127659567,144,47,144,-3.5255937532152672,2026-02-25T02:20:33.205Z
2025-03-01,IRN,CHN,8,0,0,0,0,0.0,0.0,4.75,25,8,25,-3.456981833647181,2026-02-25T02:20:33.205Z
2025-03-01,BRA,DEU,3,0,0,0,0,0.0,0.0,6.400000000000001,10,3,10,-2.1986353297953,2026-02-25T02:20:33.205Z
2025-03-01,ETH,GBR,2,0,0,0,0,0.0,0.0,2.8,4,2,4,-0.21060150746342,2026-02-25T02:20:33.205Z
2025-03-01,RUS,ISR,10,0,0,0,0,0.0,0.0,0.78,15,10,15,-5.4464692241351536,2026-02-25T02:20:33.205Z
2025-03-01,DEU,RUS,32,8,0,0,0,0.0,0.0,0.7000000000000001,139,34,139,-1.658519081278662,2026-02-25T02:20:33.205Z
2025-03-01,USA,CHN,218,11,1,2,0,0.013761467889908258,0.15137614678899083,1.0325688073394508,727,225,722,-2.108476207803093,2026-02-25T02:20:33.205Z
2025-03-01,IND,USA,45,0,0,0,4,0.08888888888888889,0.0,2.2822222222222224,171,46,171,-0.9736847131908988,2026-02-25T02:20:33.205Z
2025-03-01,PSE,UKR,3,0,0,0,0,0.0,0.0,-0.3333333333333333,4,3,4,-0.74856552220072,2026-02-25T02:20:33.205Z
2025-03-01,FRA,CHN,8,0,0,0,0,0.0,0.0,2.6500000000000004,29,8,29,0.6767528740276474,2026-02-25T02:20:33.205Z
2025-03-01,DEU,TWN,1,0,0,0,0,0.0,0.0,2.8,10,1,10,17.0212765957447,2026-02-25T02:20:33.205Z
2025-03-01,FRA,KOR,2,0,0,0,0,0.0,0.0,1.0,4,2,4,-4.29292929292929,2026-02-25T02:20:33.205Z
2025-03-01,SYR,RUS,20,0,0,0,0,0.0,0.0,3.2999999999999985,69,20,69,-1.5001955782780299,2026-02-25T02:20:33.205Z
2025-03-01,RUS,EGY,3,0,0,0,0,0.0,0.0,0.0,7,3,7,-4.31818181818182,2026-02-25T02:20:33.205Z
2025-03-01,ERI,CHN,3,0,0,0,0,0.0,0.0,3.0,10,3,10,-4.13533834586466,2026-02-25T02:20:33.205Z
2025-03-01,ISR,ARG,1,0,0,0,0,0.0,0.0,-0.3,4,1,4,-3.04878048780488,2026-02-25T02:20:33.205Z
2025-03-01,RUS,FRA,42,0,0,0,0,0.0,0.0,0.5904761904761905,103,44,103,-4.084369775280798,2026-02-25T02:20:33.205Z
2025-03-01,CHN,IND,2,0,0,0,0,0.0,0.0,-10.0,6,2,6,-1.75298804780877,2026-02-25T02:20:33.205Z
2025-03-01,SYR,USA,5,0,0,0,0,0.0,0.0,0.27999999999999997,11,5,11,-3.4575505040272616,2026-02-25T02:20:33.205Z
2025-03-01,UKR,FRA,60,0,0,0,0,0.0,0.0,3.1666666666666665,188,65,180,-0.25678784668435317,2026-02-25T02:20:33.205Z
2025-03-01,DEU,PRK,6,2,0,0,0,0.0,0.0,0.5333333333333332,14,6,14,0.86830680173661,2026-02-25T02:20:33.205Z
2025-03-01,CHN,ISR,2,0,0,0,0,0.0,0.0,-3.0,4,2,4,-8.78243512974049,2026-02-25T02:20:33.205Z
2025-03-01,BRA,ISR,3,0,0,0,0,0.0,0.0,-2.0,3,3,3,-7.4410163339383,2026-02-25T02:20:33.205Z
2025-03-01,PSE,RUS,2,0,0,0,0,0.0,0.0,2.8,18,2,5,-2.08369508595243,2026-02-25T02:20:33.205Z
2025-03-01,PRK,USA,18,7,0,0,0,0.0,0.0,-2.2777777777777777,66,18,66,-3.398396366098874,2026-02-25T02:20:33.205Z
2025-03-01,USA,MEX,171,4,0,0,0,0.0,0.0,0.6269005847953217,526,174,521,-3.712754731170887,2026-02-25T02:20:33.205Z
2025-03-01,ISR,BRA,1,0,0,0,0,0.0,0.0,-10.0,2,1,2,-7.4410163339383,2026-02-25T02:20:33.205Z
2025-03-01,TWN,DEU,1,0,0,0,0,0.0,0.0,1.9,10,1,10,17.0212765957447,2026-02-25T02:20:33.205Z
2025-03-01,USA,VEN,75,4,0,0,5,0.06666666666666667,0.26666666666666666,-1.4026666666666672,273,84,273,-5.6404788320254635,2026-02-25T02:20:33.205Z
2025-03-01,PSE,BRA,1,0,0,0,0,0.0,0.0,-10.0,1,1,1,-7.4410163339383,2026-02-25T02:20:33.205Z
2025-03-01,BRA,USA,26,1,0,0,1,0.038461538461538464,0.038461538461538464,0.9307692307692309,86,28,86,-2.4567385533134827,2026-02-25T02:20:33.205Z
2025-03-01,UKR,CHN,17,0,0,0,0,0.0,0.0,4.147058823529412,53,19,53,-1.3559273260607942,2026-02-25T02:20:33.205Z
2025-03-01,TUR,DEU,22,2,0,0,0,0.0,0.0,1.863636363636363,61,22,61,-0.6333473691613273,2026-02-25T02:20:33.205Z
2025-03-01,TUR,RUS,14,0,0,0,0,0.0,0.0,3.8071428571428565,58,14,58,-2.3264845907750527,2026-02-25T02:20:33.205Z
2025-03-01,RUS,ETH,2,0,0,0,0,0.0,0.0,3.0,8,2,8,-0.68516042780748,2026-02-25T02:20:33.205Z
2025-03-01,IRN,GBR,13,1,0,0,0,0.0,0.0,-3.123076923076923,52,13,52,-5.252765142875039,2026-02-25T02:20:33.205Z
2025-03-01,RUS,GBR,28,3,1,0,0,0.03571428571428571,0.10714285714285714,-0.3071428571428571,96,28,96,-2.1028471981259753,2026-02-25T02:20:33.205Z
2025-03-01,CHN,KOR,16,0,0,0,0,0.0,0.0,1.8624999999999998,52,16,52,-1.0809114123615937,2026-02-25T02:20:33.205Z
2025-03-01,PAK,TUR,5,0,0,0,0,0.0,0.0,0.76,12,5,11,2.33402489626556,2026-02-25T02:20:33.205Z
2025-03-01,DEU,ERI,2,0,0,1,0,0.5,0.0,-10.0,15,2,15,-5.44354838709678,2026-02-25T02:20:33.205Z
2025-03-01,GBR,ETH,2,0,0,0,0,0.0,0.0,1.9,4,2,4,-0.21060150746342,2026-02-25T02:20:33.205Z
2025-03-01,PRK,CHN,9,0,0,0,0,0.0,0.0,2.3333333333333335,16,9,16,-3.1547920776806953,2026-02-25T02:20:33.205Z
2025-03-01,FRA,MEX,6,0,0,0,0,0.0,0.0,3.4,19,6,19,0.7522448917181332,2026-02-25T02:20:33.205Z
2025-03-01,EGY,USA,43,7,0,0,0,0.0,0.0,-0.24883720930232547,120,43,120,-0.4605426364067059,2026-02-25T02:20:33.205Z
2025-03-01,IND,GBR,17,4,0,0,0,0.0,0.0,0.8294117647058821,52,17,52,-0.3959289602652812,2026-02-25T02:20:33.205Z
2025-03-01,FRA,IRN,1,0,0,0,0,0.0,0.0,2.8,7,1,7,-9.83606557377046,2026-02-25T02:20:33.205Z
2025-03-01,IRN,IRN,118,18,5,1,0,0.05084745762711865,0.9152542372881356,-1.2059322033898305,299,121,290,-3.531362801885242,2026-02-25T02:20:33.205Z
2025-03-01,PSE,USA,99,12,0,3,0,0.030303030303030304,0.36363636363636365,1.1171717171717175,313,126,313,-4.198415039962877,2026-02-25T02:20:33.205Z
2025-03-01,PRK,PRK,4,0,0,0,0,0.0,0.0,3.1,16,4,12,-3.906894173780142,2026-02-25T02:20:33.205Z
2025-03-01,GBR,GBR,420,17,21,6,8,0.08333333333333333,1.4166666666666665,1.4292857142857127,1450,426,1391,-1.0596939196457824,2026-02-25T02:20:33.205Z
2025-03-01,TUR,FRA,1,0,0,0,0,0.0,0.0,0.0,2,1,2,-6.94444444444444,2026-02-25T02:20:33.205Z
2025-03-01,KOR,GBR,4,0,0,0,0,0.0,0.0,1.0,10,4,10,5.04201680672269,2026-02-25T02:20:33.205Z
2025-03-01,TUR,EGY,2,0,0,0,0,0.0,0.0,2.8,3,2,3,-2.93724966622163,2026-02-25T02:20:33.205Z
2025-03-01,GBR,DEU,43,0,0,0,0,0.0,0.0,2.455813953488372,143,43,143,-0.9046425211955071,2026-02-25T02:20:33.205Z
2025-03-01,DEU,UKR,29,0,0,0,0,0.0,0.0,3.410344827586207,101,29,101,-1.053527867191638,2026-02-25T02:20:33.205Z
2025-03-01,DEU,RWA,1,0,0,0,0,0.0,0.0,0.0,10,1,10,-2.61682242990655,2026-02-25T02:20:33.205Z
2025-03-01,MEX,VEN,2,0,0,0,0,0.0,0.0,0.0,2,2,2,-4.97553017944535,2026-02-25T02:20:33.205Z
2025-03-01,EGY,TUR,6,0,0,0,0,0.0,0.0,-2.7000000000000006,11,6,11,-4.775467540578853,2026-02-25T02:20:33.205Z
2025-03-01,SYR,EGY,3,0,0,0,0,0.0,0.0,-10.0,5,3,5,-4.10628019323672,2026-02-25T02:20:33.205Z
2025-03-01,MEX,USA,117,6,0,0,0,0.0,0.0,-0.01965811965811983,357,118,357,-2.556473347980252,2026-02-25T02:20:33.205Z
2025-03-01,UKR,RUS,731,47,9,0,0,0.012311901504787962,0.5786593707250342,0.10287277701778386,2395,832,2355,-3.615955318609725,2026-02-25T02:20:33.205Z
2025-03-01,MEX,MEX,22,1,0,0,0,0.0,0.0,2.372727272727273,56,22,56,-1.1891752768814279,2026-02-25T02:20:33.205Z
2025-03-01,PSE,DEU,2,0,0,0,0,0.0,0.0,3.3,9,2,9,-0.3640433944710251,2026-02-25T02:20:33.205Z
2025-03-01,ISR,USA,217,13,0,1,1,0.009216589861751152,0.11981566820276497,0.5838709677419356,526,237,521,-3.534373308897894,2026-02-25T02:20:33.205Z
2025-03-01,EGY,PSE,35,3,0,0,0,0.0,0.0,-0.43428571428571433,110,35,110,-4.110338622879967,2026-02-25T02:20:33.205Z
2025-03-01,SYR,SYR,61,2,2,0,0,0.03278688524590164,0.06557377049180328,-0.1606557377049181,169,63,167,-3.1611705776751187,2026-02-25T02:20:33.205Z
2025-03-01,IRN,FRA,3,0,0,0,0,0.0,0.0,2.966666666666667,15,3,15,-8.378569102160437,2026-02-25T02:20:33.205Z
2025-03-01,GBR,USA,225,20,3,0,2,0.022222222222222223,0.4444444444444445,1.4871111111111115,836,248,826,-1.310498426326854,2026-02-25T02:20:33.205Z
2025-03-01,CHN,PRK,9,0,0,0,0,0.0,0.0,1.4666666666666668,16,9,16,-3.4897416010217586,2026-02-25T02:20:33.205Z
2025-03-01,UKR,PRK,5,0,0,0,0,0.0,0.0,0.2,8,5,8,-3.680411724094644,2026-02-25T02:20:33.205Z
2025-03-01,IRN,USA,230,25,0,0,0,0.0,0.0,0.4547826086956521,790,248,783,-4.069338850124188,2026-02-25T02:20:33.205Z
2025-03-01,RUS,PRK,44,2,0,0,0,0.0,0.0,0.15681818181818172,141,44,137,-0.5028138609718826,2026-02-25T02:20:33.205Z
2025-03-01,TUR,PSE,29,3,0,0,2,0.06896551724137931,0.20689655172413793,-0.6275862068965516,84,29,84,-3.7950433715712943,2026-02-25T02:20:33.205Z
2025-03-01,GBR,EGY,3,0,0,0,0,0.0,0.0,3.1999999999999997,14,3,14,0.6181655656243766,2026-02-25T02:20:33.205Z
2025-03-01,KOR,IND,1,0,0,0,0,0.0,0.0,3.4,1,1,1,-3.77358490566038,2026-02-25T02:20:33.205Z
2025-03-01,USA,TWN,33,0,0,0,1,0.030303030303030304,0.0,1.8727272727272721,149,33,149,-1.7943674496499675,2026-02-25T02:20:33.205Z
2025-03-01,IRN,ISR,76,21,0,0,0,0.0,0.0,-2.75,337,101,325,-3.280056349247053,2026-02-25T02:20:33.205Z
2025-03-01,PAK,IND,9,0,0,0,0,0.0,0.0,-2.688888888888889,23,9,23,-2.575841507864335,2026-02-25T02:20:33.205Z
2025-03-01,DEU,DEU,79,2,3,2,0,0.06329113924050633,0.12658227848101267,1.5759493670886073,238,81,238,-0.7168028689847902,2026-02-25T02:20:33.205Z
2025-03-01,ARG,ISR,9,0,0,0,0,0.0,0.0,0.7777777777777778,17,9,17,-2.6961803829820146,2026-02-25T02:20:33.205Z
2025-03-01,FRA,ISR,31,1,2,0,0,0.06451612903225806,0.06451612903225806,-0.132258064516129,94,31,93,-3.21472430473814,2026-02-25T02:20:33.205Z
2025-03-01,USA,PRK,14,1,0,0,0,0.0,0.0,1.157142857142857,36,14,36,-3.431936396301544,2026-02-25T02:20:33.205Z
2025-03-01,DEU,USA,63,0,0,0,0,0.0,0.0,1.9666666666666675,249,66,249,-1.8282482863160971,2026-02-25T02:20:33.205Z
2025-03-01,SYR,PSE,5,0,0,0,0,0.0,0.0,-2.3199999999999994,11,5,11,-3.414927323531823,2026-02-25T02:20:33.205Z
2025-03-01,SYR,GBR,4,0,0,0,0,0.0,0.0,2.15,12,4,12,-4.57794106894787,2026-02-25T02:20:33.205Z
2025-03-01,SYR,IRN,4,0,0,0,0,0.0,0.0,-1.0999999999999996,14,4,14,-3.47981958376412,2026-02-25T02:20:33.205Z
2025-03-01,IRN,SYR,7,0,0,0,0,0.0,0.0,-2.5714285714285716,17,7,17,-1.2286241824609274,2026-02-25T02:20:33.205Z
2025-03-01,ISR,IND,5,1,0,0,0,0.0,0.0,1.3,10,5,10,-6.058408596479659,2026-02-25T02:20:33.205Z
2025-03-01,COD,RWA,22,0,0,0,0,0.0,0.0,3.7500000000000004,69,22,69,-4.338148028453977,2026-02-25T02:20:33.205Z
2025-03-01,UKR,IRN,9,0,0,0,0,0.0,0.0,2.266666666666667,18,9,18,-2.844952945871159,2026-02-25T02:20:33.205Z
2025-03-01,PRK,RUS,38,0,0,0,0,0.0,0.0,2.476315789473684,174,49,174,-0.6873133996069435,2026-02-25T02:20:33.205Z
2025-03-01,RUS,BRA,8,0,0,0,0,0.0,0.0,2.05,18,8,18,-0.7104053149047188,2026-02-25T02:20:33.205Z
2025-03-01,GBR,PAK,3,0,0,0,0,0.0,0.0,5.0,3,3,3,-0.14645077801975603,2026-02-25T02:20:33.205Z
2025-03-01,CHN,DEU,16,0,0,0,0,0.0,0.0,2.10625,48,16,48,-0.37264526340836746,2026-02-25T02:20:33.205Z
2025-03-01,GBR,SYR,8,0,0,0,0,0.0,0.0,-2.025,16,8,16,-4.543468285598375,2026-02-25T02:20:33.205Z
2025-03-01,UKR,GBR,76,0,0,0,0,0.0,0.0,3.6355263157894746,213,81,201,-0.4666990064830758,2026-02-25T02:20:33.205Z
2025-03-01,VEN,USA,38,1,0,0,1,0.02631578947368421,0.02631578947368421,-0.6105263157894736,110,38,110,-4.924907170297836,2026-02-25T02:20:33.205Z
2025-03-01,VEN,GBR,1,0,0,0,0,0.0,0.0,7.4,4,1,4,-3.9877300613497,2026-02-25T02:20:33.205Z
2025-03-01,ISR,TUR,35,0,1,0,0,0.02857142857142857,0.0,3.277142857142858,143,37,141,-3.2432554869744115,2026-02-25T02:20:33.205Z
2025-03-01,BRA,CHN,10,0,0,0,0,0.0,0.0,1.8699999999999999,42,10,42,-0.38249878672089,2026-02-25T02:20:33.205Z
2025-03-01,SYR,ISR,16,0,0,0,0,0.0,0.0,-1.2125,45,16,45,-3.9171126758290296,2026-02-25T02:20:33.205Z
2025-03-01,GBR,ISR,28,5,0,0,0,0.0,0.0,0.010714285714285612,79,28,79,-4.542937945555605,2026-02-25T02:20:33.205Z
2025-03-01,VEN,CHN,7,4,0,0,0,0.0,0.0,1.257142857142857,32,7,32,-3.6475330426154806,2026-02-25T02:20:33.205Z
2025-03-01,FRA,GBR,117,0,0,0,0,0.0,0.0,2.011965811965812,356,122,346,-0.3080475265959161,2026-02-25T02:20:33.205Z
2025-03-01,CHN,IRN,11,0,0,0,0,0.0,0.0,3.8363636363636364,40,11,40,-3.4629800846687075,2026-02-25T02:20:33.205Z
2025-03-01,TUR,USA,40,2,0,0,0,0.0,0.0,1.0799999999999996,93,41,93,-2.7895765644179833,2026-02-25T02:20:33.205Z
2025-03-01,RWA,CHN,2,0,0,0,0,0.0,0.0,0.0,4,2,4,-3.82222222222222,2026-02-25T02:20:33.205Z
2025-03-01,PRK,IRN,2,0,0,0,0,0.0,0.0,-0.4,6,2,6,-1.65394402035624,2026-02-25T02:20:33.205Z
2025-03-01,UKR,ISR,9,0,0,0,0,0.0,0.0,0.24444444444444446,24,9,22,0.57029259999118,2026-02-25T02:20:33.205Z
2025-03-01,GBR,TWN,2,0,0,0,0,0.0,0.0,2.8,8,2,8,-1.21506682867558,2026-02-25T02:20:33.205Z
2025-03-01,PRK,KOR,11,2,0,0,0,0.0,0.0,-0.2636363636363635,83,11,83,-4.402585565099579,2026-02-25T02:20:33.205Z
2025-03-01,GBR,FRA,121,2,0,0,0,0.0,0.0,2.3132231404958676,390,125,390,-0.5307029107024952,2026-02-25T02:20:33.205Z
2025-03-01,TUR,ISR,44,4,0,0,0,0.0,0.0,0.059090909090908965,127,44,123,-3.943158610261492,2026-02-25T02:20:33.205Z
2025-03-01,FRA,RUS,37,11,0,0,0,0.0,0.0,-0.5945945945945946,97,39,97,-3.096632320171485,2026-02-25T02:20:33.205Z
2025-03-01,BRA,GBR,4,0,0,0,0,0.0,0.0,1.5999999999999996,8,4,8,-1.3253683858951926,2026-02-25T02:20:33.205Z
2025-03-01,ETH,ERI,10,0,0,0,0,0.0,0.0,2.1000000000000005,40,10,40,-0.76605011171938,2026-02-25T02:20:33.205Z
2025-03-01,CHN,VEN,2,0,0,0,0,0.0,0.0,0.0,6,2,6,-7.17213114754098,2026-02-25T02:20:33.205Z
2025-03-01,CHN,TUR,1,0,0,0,0,0.0,0.0,2.8,5,1,5,-0.80428954423593,2026-02-25T02:20:33.205Z
2025-03-01,GBR,UKR,105,0,0,0,0,0.0,0.0,2.8190476190476197,297,112,287,-1.001033804967712,2026-02-25T02:20:33.205Z
2025-03-01,CHN,TWN,78,9,0,0,0,0.0,0.0,0.15897435897435896,242,78,234,-0.9972740717475426,2026-02-25T02:20:33.205Z
2025-03-01,ERI,ERI,2,0,0,0,0,0.0,0.0,-10.0,4,2,4,-4.47284345047923,2026-02-25T02:20:33.205Z
2025-03-01,IND,RUS,1,0,0,0,0,0.0,0.0,6.0,4,1,4,-1.05540897097626,2026-02-25T02:20:33.205Z
2025-03-01,USA,IRN,224,31,0,2,0,0.008928571428571428,0.27678571428571425,-0.17589285714285743,734,232,731,-3.916739949308544,2026-02-25T02:20:33.205Z
2025-03-01,EGY,FRA,6,0,0,0,0,0.0,0.0,6.316666666666666,8,6,8,3.7593984962406,2026-02-25T02:20:33.205Z
2025-03-01,COD,COD,5,0,0,0,0,0.0,0.0,-0.3,12,5,12,-0.4922582158703962,2026-02-25T02:20:33.205Z
2025-03-01,MEX,DEU,2,0,0,0,0,0.0,0.0,1.9,4,4,4,-3.9795351122143,2026-02-25T02:20:33.205Z
2025-03-01,FRA,EGY,5,0,0,0,0,0.0,0.0,6.16,8,5,8,3.7593984962406006,2026-02-25T02:20:33.205Z
2025-03-01,KOR,TUR,2,0,0,0,0,0.0,0.0,6.4,10,2,10,-2.56166982922201,2026-02-25T02:20:33.205Z
2025-03-01,TUR,KOR,2,0,0,0,0,0.0,0.0,6.4,5,3,5,-1.535087719298245,2026-02-25T02:20:33.205Z
2025-03-01,IRN,PAK,2,0,0,0,0,0.0,0.0,7.0,4,2,4,-7.19424460431654,2026-02-25T02:20:33.205Z
2025-03-01,KOR,RUS,1,0,0,0,0,0.0,0.0,8.3,10,1,10,-7.58196721311475,2026-02-25T02:20:33.205Z
2025-03-01,PAK,IRN,2,0,0,0,0,0.0,0.0,7.0,4,2,4,-7.19424460431654,2026-02-25T02:20:33.205Z
2025-03-01,UKR,PSE,2,0,0,0,0,0.0,0.0,5.0,2,2,2,-0.33167495854063,2026-02-25T02:20:33.205Z
2025-03-01,CHN,FRA,3,0,0,0,0,0.0,0.0,1.0,10,3,10,-0.90702947845805,2026-02-25T02:20:33.205Z
2025-03-01,DEU,EGY,3,0,0,0,0,0.0,0.0,-10.0,10,3,10,-2.35717139432681,2026-02-25T02:20:33.205Z
2025-04-01,EGY,EGY,31,0,0,0,0,0.0,0.0,2.9677419354838706,96,31,96,0.37605747894891056,2026-02-25T02:34:42.092Z
2025-04-01,PSE,IRN,11,0,0,3,0,0.2727272727272727,0.0,3.4454545454545458,27,11,27,-4.758293970040046,2026-02-25T02:34:42.092Z
2025-04-01,PAK,FRA,7,0,0,0,0,0.0,0.0,2.857142857142857,16,7,16,-6.453267545839732,2026-02-25T02:34:42.092Z
2025-04-01,TUR,TUR,42,3,0,2,0,0.047619047619047616,0.14285714285714285,1.7904761904761906,110,42,100,-5.065832957642009,2026-02-25T02:34:42.092Z
2025-04-01,ARG,ARG,39,2,0,1,0,0.02564102564102564,0.05128205128205128,1.8256410256410254,102,39,102,-0.13770657365521752,2026-02-25T02:34:42.092Z
2025-04-01,ISR,GBR,86,2,9,0,5,0.16279069767441862,0.32558139534883723,-0.365116279069767,316,128,316,-4.279489202557153,2026-02-25T02:34:42.092Z
2025-04-01,ETH,ISR,6,0,0,0,0,0.0,0.0,-1.5499999999999998,10,6,10,-6.35593220338983,2026-02-25T02:34:42.092Z
2025-04-01,RUS,PAK,18,0,1,1,0,0.1111111111111111,0.0,0.08333333333333333,73,18,73,-4.376183868430889,2026-02-25T02:34:42.092Z
2025-04-01,RUS,PSE,3,0,0,0,0,0.0,0.0,1.8999999999999997,14,3,14,-8.803025204909433,2026-02-25T02:34:42.092Z
2025-04-01,KOR,GBR,3,0,0,0,0,0.0,0.0,-1.9000000000000001,6,3,6,3.99159663865546,2026-02-25T02:34:42.092Z
2025-04-01,PSE,PAK,6,0,0,0,0,0.0,0.0,3.6,9,6,9,-4.476391326464704,2026-02-25T02:34:42.092Z
2025-04-01,USA,GBR,316,11,2,5,2,0.028481012658227847,0.31329113924050633,1.3332278481012663,1197,343,1181,-1.97386407417082,2026-02-25T02:34:42.092Z
2025-04-01,IRN,SYR,6,0,0,0,0,0.0,0.0,1.2833333333333332,16,6,16,-2.846820618541148,2026-02-25T02:34:42.092Z
2025-04-01,ETH,TWN,2,0,0,0,0,0.0,0.0,5.0,2,2,2,-2.5,2026-02-25T02:34:42.092Z
2025-04-01,BRA,UKR,11,0,0,0,0,0.0,0.0,2.5999999999999996,38,17,38,-2.964050041086509,2026-02-25T02:34:42.092Z
2025-04-01,IRN,IRN,107,4,2,0,0,0.018691588785046728,0.07476635514018691,0.21495327102803735,321,109,320,-3.8641699231815596,2026-02-25T02:34:42.092Z
2025-04-01,GBR,RWA,4,0,0,0,0,0.0,0.0,7.4,12,4,12,-4.340751108802152,2026-02-25T02:34:42.092Z
2025-04-01,USA,MEX,194,5,0,1,2,0.015463917525773196,0.07731958762886598,1.0278350515463937,569,195,569,-2.5611134471108628,2026-02-25T02:34:42.092Z
2025-04-01,BRA,RUS,15,2,0,0,0,0.0,0.0,3.6799999999999997,59,15,59,0.3270259251956568,2026-02-25T02:34:42.092Z
2025-04-01,IRN,ISR,123,5,0,0,0,0.0,0.0,-1.5048780487804871,408,128,408,-4.0421950631827865,2026-02-25T02:34:42.092Z
2025-04-01,ISR,ETH,3,0,0,0,0,0.0,0.0,2.7999999999999994,5,3,5,-6.35593220338983,2026-02-25T02:34:42.092Z
2025-04-01,EGY,ISR,36,1,0,0,0,0.0,0.0,0.9694444444444444,130,37,130,-3.478379000714556,2026-02-25T02:34:42.092Z
2025-04-01,GBR,IND,6,0,0,0,0,0.0,0.0,0.38333333333333314,26,6,26,-6.727234920549626,2026-02-25T02:34:42.092Z
2025-04-01,GBR,DEU,69,0,2,0,0,0.028985507246376812,0.0,2.7362318840579714,236,73,236,-1.754889158419705,2026-02-25T02:34:42.092Z
2025-04-01,IRN,BRA,2,0,0,0,0,0.0,0.0,4.45,20,2,20,1.24223602484472,2026-02-25T02:34:42.092Z
2025-04-01,UKR,RUS,628,36,4,1,1,0.009554140127388535,0.34394904458598724,-0.26815286624203816,1937,659,1923,-3.769179603925145,2026-02-25T02:34:42.092Z
2025-04-01,EGY,KOR,3,0,2,0,0,0.6666666666666666,0.0,0.0,6,3,6,3.954802259887,2026-02-25T02:34:42.092Z
2025-04-01,TUR,CHN,7,0,0,0,0,0.0,0.0,0.6857142857142858,23,7,23,-2.6578814376277644,2026-02-25T02:34:42.092Z
2025-04-01,BRA,MEX,3,0,0,0,0,0.0,0.0,3.0,9,3,9,-2.05761316872428,2026-02-25T02:34:42.092Z
2025-04-01,USA,FRA,160,2,0,0,0,0.0,0.0,2.5275000000000007,552,161,542,-0.9273384989542179,2026-02-25T02:34:42.092Z
2025-04-01,USA,RUS,322,24,6,1,0,0.021739130434782608,0.5217391304347826,1.1819875776397517,868,326,866,-2.7981186408818917,2026-02-25T02:34:42.092Z
2025-04-01,ISR,USA,229,14,7,2,0,0.039301310043668124,0.5502183406113538,-0.050655021834061315,621,232,621,-3.564168777725413,2026-02-25T02:34:42.092Z
2025-04-01,IRN,GBR,46,2,0,0,0,0.0,0.0,2.865217391304348,170,46,160,-2.7245241171370758,2026-02-25T02:34:42.092Z
2025-04-01,EGY,BRA,2,0,0,0,0,0.0,0.0,7.0,10,2,10,0.7936507936508,2026-02-25T02:34:42.092Z
2025-04-01,KOR,PSE,3,0,0,0,0,0.0,0.0,-2.0,14,3,14,-3.223234848226453,2026-02-25T02:34:42.092Z
2025-04-01,USA,TUR,20,0,0,0,0,0.0,0.0,-2.13,67,20,67,-3.0907693409263155,2026-02-25T02:34:42.092Z
2025-04-01,ETH,ETH,10,0,0,0,0,0.0,0.0,-1.3,32,10,32,0.8412973306478971,2026-02-25T02:34:42.092Z
2025-04-01,ARG,DEU,2,0,0,0,0,0.0,0.0,2.8,4,2,4,1.56479217603912,2026-02-25T02:34:42.092Z
2025-04-01,TUR,BRA,1,0,0,0,0,0.0,0.0,-5.0,4,1,4,2.20588235294118,2026-02-25T02:34:42.092Z
2025-04-01,TUR,USA,17,0,0,0,0,0.0,0.0,-3.576470588235294,48,17,48,-1.9629923002644911,2026-02-25T02:34:42.092Z
2025-04-01,GBR,TWN,3,0,0,0,0,0.0,0.0,1.8999999999999997,8,3,8,0.78740157480315,2026-02-25T02:34:42.092Z
2025-04-01,ISR,DEU,10,0,0,0,0,0.0,0.0,2.46,22,10,22,-5.5233000189658,2026-02-25T02:34:42.092Z
2025-04-01,DEU,MEX,3,0,0,0,0,0.0,0.0,3.0,9,3,9,-2.05761316872428,2026-02-25T02:34:42.092Z
2025-04-01,DEU,CHN,32,4,1,0,0,0.03125,0.125,-2.478125,117,32,115,-2.414345878430602,2026-02-25T02:34:42.092Z
2025-04-01,KOR,FRA,5,0,0,0,0,0.0,0.0,2.74,22,5,22,3.589645320883566,2026-02-25T02:34:42.092Z
2025-04-01,FRA,RUS,58,0,1,0,0,0.017241379310344827,0.0,-0.7896551724137931,180,58,180,-5.149438409343425,2026-02-25T02:34:42.092Z
2025-04-01,EGY,ETH,3,0,0,0,0,0.0,0.0,8.0,10,3,10,-3.6274509803921497,2026-02-25T02:34:42.092Z
2025-04-01,PRK,UKR,11,0,0,0,0,0.0,0.0,1.5363636363636362,48,11,48,-3.3029873167425707,2026-02-25T02:34:42.092Z
2025-04-01,USA,ETH,2,0,0,0,0,0.0,0.0,7.0,10,2,10,6.47249190938511,2026-02-25T02:34:42.092Z
2025-04-01,UKR,DEU,20,0,0,0,0,0.0,0.0,0.4099999999999994,95,26,95,-2.411387711694047,2026-02-25T02:34:42.092Z
2025-04-01,PSE,USA,85,13,0,0,0,0.0,0.0,-2.3294117647058816,288,92,287,-3.7026554196022756,2026-02-25T02:34:42.092Z
2025-04-01,DEU,ARG,5,0,0,0,0,0.0,0.0,3.7600000000000002,8,5,8,-0.6879517427230382,2026-02-25T02:34:42.092Z
2025-04-01,IND,DEU,2,0,0,0,0,0.0,0.0,0.0,4,2,4,5.601733809280985,2026-02-25T02:34:42.092Z
2025-04-01,UKR,ISR,3,0,0,0,0,0.0,0.0,4.933333333333334,14,3,14,-7.700646379291648,2026-02-25T02:34:42.092Z
2025-04-01,UKR,USA,445,4,11,0,0,0.024719101123595506,0.09887640449438202,3.170561797752808,1612,512,1610,-1.0549365315591315,2026-02-25T02:34:42.092Z
2025-04-01,IND,IRN,13,0,0,0,0,0.0,0.0,-0.23846153846153856,20,13,20,-3.5155772876400615,2026-02-25T02:34:42.092Z
2025-04-01,EGY,USA,33,1,0,0,0,0.0,0.0,0.6787878787878787,128,34,128,-2.305758940669121,2026-02-25T02:34:42.092Z
2025-04-01,TWN,TWN,36,6,3,0,0,0.08333333333333333,0.5,1.6638888888888888,106,36,106,-0.1443409509949036,2026-02-25T02:34:42.092Z
2025-04-01,IND,RUS,16,0,1,0,0,0.0625,0.0,0.7937500000000001,71,22,71,1.290295426034157,2026-02-25T02:34:42.092Z
2025-04-01,USA,TWN,22,1,0,0,0,0.0,0.0,3.7,165,23,165,1.135057131654301,2026-02-25T02:34:42.092Z
2025-04-01,ISR,TUR,36,2,0,0,0,0.0,0.0,1.361111111111111,116,36,116,-2.5103807127051763,2026-02-25T02:34:42.092Z
2025-04-01,CHN,RUS,114,1,3,0,0,0.02631578947368421,0.02631578947368421,2.0921052631578956,311,119,311,-0.9662407052069678,2026-02-25T02:34:42.092Z
2025-04-01,CHN,FRA,16,0,0,0,0,0.0,0.0,3.95625,36,16,36,-5.114439114966032,2026-02-25T02:34:42.092Z
2025-04-01,VEN,GBR,1,0,0,0,0,0.0,0.0,3.5,2,1,2,-2.51299826689774,2026-02-25T02:34:42.092Z
2025-04-01,IND,EGY,2,0,0,0,0,0.0,0.0,-9.0,6,2,6,-7.92291220556749,2026-02-25T02:34:42.092Z
2025-04-01,SYR,ISR,73,4,0,0,0,0.0,0.0,-0.289041095890411,240,75,240,-5.399703751446891,2026-02-25T02:34:42.092Z
2025-04-01,IRN,RUS,42,0,5,0,0,0.11904761904761904,0.0,2.1619047619047613,121,43,121,-0.723046040333979,2026-02-25T02:34:42.092Z
2025-04-01,CHN,TUR,2,0,0,0,0,0.0,0.0,3.0,10,2,10,-4.25411230856495,2026-02-25T02:34:42.092Z
2025-04-01,IND,UKR,5,2,0,0,0,0.0,0.0,-3.6,18,5,18,-1.867657473799254,2026-02-25T02:34:42.092Z
2025-04-01,BRA,ARG,4,0,0,0,0,0.0,0.0,3.9,8,4,8,-3.153942570000965,2026-02-25T02:34:42.092Z
2025-04-01,PRK,RUS,147,2,0,4,0,0.027210884353741496,0.05442176870748299,1.588435374149662,449,149,448,-2.523760742939529,2026-02-25T02:34:42.092Z
2025-04-01,GBR,ETH,3,0,0,0,0,0.0,0.0,2.4999999999999996,9,3,9,-5.455884085286836,2026-02-25T02:34:42.092Z
2025-04-01,BRA,CHN,35,0,7,0,1,0.22857142857142856,0.0,3.0971428571428574,167,35,167,1.411699709268303,2026-02-25T02:34:42.092Z
2025-04-01,TUR,PAK,20,0,0,0,0,0.0,0.0,3.4299999999999997,68,20,68,-2.7061647243853475,2026-02-25T02:34:42.092Z
2025-04-01,PSE,GBR,25,2,0,0,0,0.0,0.0,2.58,53,26,53,-2.091663759228664,2026-02-25T02:34:42.092Z
2025-04-01,PSE,FRA,8,0,0,0,0,0.0,0.0,-2.2625,31,9,31,-4.024807145025656,2026-02-25T02:34:42.092Z
2025-04-01,IND,ISR,1,0,0,0,0,0.0,0.0,2.8,1,1,1,8.09859154929577,2026-02-25T02:34:42.092Z
2025-04-01,ISR,FRA,19,2,0,0,0,0.0,0.0,-2.9473684210526314,83,23,83,-4.532149348604146,2026-02-25T02:34:42.092Z
2025-04-01,TUR,PSE,27,1,0,0,2,0.07407407407407407,0.07407407407407407,2.214814814814815,74,27,74,-4.531793419107649,2026-02-25T02:34:42.092Z
2025-04-01,KOR,USA,129,0,2,0,1,0.023255813953488372,0.0,2.9558139534883727,488,134,488,-0.08600463231419558,2026-02-25T02:34:42.092Z
2025-04-01,PRK,CHN,11,3,0,0,0,0.0,0.0,-0.22727272727272727,35,11,35,-2.3855116647734556,2026-02-25T02:34:42.092Z
2025-04-01,FRA,ETH,3,0,0,0,0,0.0,0.0,3.4,10,3,10,6.42673521850899,2026-02-25T02:34:42.092Z
2025-04-01,TWN,USA,28,5,0,0,0,0.0,0.0,1.285714285714286,131,28,121,0.08257616867368393,2026-02-25T02:34:42.092Z
2025-04-01,CHN,TWN,74,4,0,0,0,0.0,0.0,0.20405405405405397,254,75,254,-1.7133267764768427,2026-02-25T02:34:42.092Z
2025-04-01,EGY,SYR,4,0,0,0,0,0.0,0.0,2.625,10,4,10,-6.99432892249527,2026-02-25T02:34:42.092Z
2025-04-01,IRN,FRA,41,2,1,0,0,0.024390243902439025,0.04878048780487805,2.702439024390244,156,41,146,-3.5870511843787853,2026-02-25T02:34:42.092Z
2025-04-01,GBR,CHN,40,7,2,0,0,0.05,0.35000000000000003,1.5674999999999997,167,40,150,-0.10559362531922079,2026-02-25T02:34:42.092Z
2025-04-01,UKR,CHN,33,6,0,0,0,0.0,0.0,-0.8787878787878788,98,33,98,-3.8083114085008094,2026-02-25T02:34:42.092Z
2025-04-01,ETH,USA,3,0,0,0,0,0.0,0.0,5.0,12,3,12,6.47249190938511,2026-02-25T02:34:42.092Z
2025-04-01,GBR,BRA,5,0,0,0,0,0.0,0.0,2.2,13,5,13,-1.8087305806604035,2026-02-25T02:34:42.092Z
2025-04-01,SYR,PSE,1,0,0,0,0,0.0,0.0,-0.4,2,1,2,-4.75113122171946,2026-02-25T02:34:42.092Z
2025-04-01,SYR,TUR,4,0,0,0,0,0.0,0.0,2.2,19,4,19,-2.1326825598701826,2026-02-25T02:34:42.092Z
2025-04-01,FRA,IND,13,0,0,0,0,0.0,0.0,3.907692307692307,31,13,31,0.4557445595578354,2026-02-25T02:34:42.092Z
2025-04-01,BRA,IRN,3,0,0,0,0,0.0,0.0,4.2,20,3,20,1.24223602484472,2026-02-25T02:34:42.092Z
2025-04-01,MEX,DEU,3,0,0,0,0,0.0,0.0,3.0,9,3,9,-2.05761316872428,2026-02-25T02:34:42.092Z
2025-04-01,USA,IRN,177,0,0,1,0,0.005649717514124294,0.0,3.249717514124294,643,179,643,-2.5365670524839143,2026-02-25T02:34:42.092Z
2025-04-01,UKR,FRA,66,0,0,0,4,0.06060606060606061,0.0,4.4772727272727275,179,66,179,-1.798948933086547,2026-02-25T02:34:42.092Z
2025-04-01,ISR,UKR,3,0,0,0,0,0.0,0.0,6.066666666666666,5,3,5,-4.341674236290464,2026-02-25T02:34:42.092Z
2025-04-01,RUS,SYR,1,0,0,0,0,0.0,0.0,3.4,3,1,3,-1.30641330166271,2026-02-25T02:34:42.092Z
2025-04-01,USA,EGY,40,0,0,0,0,0.0,0.0,0.7674999999999995,113,40,113,-1.9090379215729818,2026-02-25T02:34:42.092Z
2025-04-01,TWN,MEX,1,0,0,0,0,0.0,0.0,6.4,2,1,2,-5.13552068473609,2026-02-25T02:34:42.092Z
2025-04-01,KOR,PRK,61,2,0,0,0,0.0,0.0,0.5262295081967212,151,67,151,-2.3538172914189626,2026-02-25T02:34:42.092Z
2025-04-01,VEN,UKR,2,0,0,0,0,0.0,0.0,7.0,2,2,2,2.06896551724138,2026-02-25T02:34:42.092Z
2025-04-01,SYR,IRN,5,0,0,0,0,0.0,0.0,-2.3200000000000003,18,5,18,-3.047417226928436,2026-02-25T02:34:42.092Z
2025-04-01,PSE,ISR,397,23,3,5,0,0.020151133501259445,0.4634760705289672,-0.9483627204030235,1206,421,1190,-4.870443580770238,2026-02-25T02:34:42.092Z
2025-04-01,USA,KOR,98,2,2,1,0,0.030612244897959183,0.061224489795918366,3.21530612244898,359,100,359,0.05702157384478271,2026-02-25T02:34:42.092Z
2025-04-01,CHN,SYR,11,0,1,0,0,0.09090909090909091,0.0,3.872727272727272,32,11,32,-1.1984177533438365,2026-02-25T02:34:42.092Z
2025-04-01,UKR,IRN,13,0,0,0,0,0.0,0.0,4.4230769230769225,37,13,37,-3.376805151370751,2026-02-25T02:34:42.092Z
2025-04-01,DEU,EGY,2,0,0,0,0,0.0,0.0,1.9,3,2,3,-2.60303687635575,2026-02-25T02:34:42.092Z
2025-04-01,PAK,TUR,11,0,0,0,0,0.0,0.0,3.9181818181818184,44,11,44,-0.2907678033242416,2026-02-25T02:34:42.092Z
2025-04-01,FRA,PAK,5,0,0,0,0,0.0,0.0,6.4,14,5,14,-1.977803791765588,2026-02-25T02:34:42.092Z
2025-04-01,USA,UKR,475,7,8,0,0,0.016842105263157894,0.11789473684210526,2.8498947368421033,1649,518,1643,-1.3439147044034596,2026-02-25T02:34:42.092Z
2025-04-01,USA,VEN,93,5,0,1,0,0.010752688172043012,0.05376344086021506,-1.9946236559139783,353,111,353,-6.204615068005188,2026-02-25T02:34:42.092Z
2025-04-01,DEU,KOR,1,1,0,0,0,0.0,0.0,-4.4,4,1,4,3.59355638166047,2026-02-25T02:34:42.092Z
2025-04-01,ARG,CHN,7,0,0,0,0,0.0,0.0,1.9428571428571428,18,7,18,0.024417602116342887,2026-02-25T02:34:42.092Z
2025-04-01,DEU,GBR,74,1,0,0,0,0.0,0.0,1.9756756756756755,232,78,224,-2.065884528802482,2026-02-25T02:34:42.092Z
2025-04-01,PAK,CHN,51,4,1,0,0,0.0196078431372549,0.0784313725490196,1.3823529411764706,177,51,177,-1.7723047852669604,2026-02-25T02:34:42.092Z
2025-04-01,RWA,RWA,6,0,0,0,0,0.0,0.0,-0.9,39,6,39,-3.9697128318745634,2026-02-25T02:34:42.092Z
2025-04-01,DEU,DEU,69,4,0,0,0,0.0,0.0,0.7144927536231883,230,73,230,-0.9037933592195408,2026-02-25T02:34:42.092Z
2025-04-01,GBR,TUR,8,0,0,0,0,0.0,0.0,0.4125000000000001,40,8,40,0.6848700602487426,2026-02-25T02:34:42.092Z
2025-04-01,KOR,PAK,7,0,0,0,0,0.0,0.0,3.4,21,7,21,4.263743598748219,2026-02-25T02:34:42.092Z
2025-04-01,VEN,RUS,3,0,0,0,0,0.0,0.0,-4.333333333333333,8,3,8,-3.09777347531462,2026-02-25T02:34:42.092Z
2025-04-01,UKR,KOR,9,0,0,0,0,0.0,0.0,0.0,26,9,26,-3.804482219264295,2026-02-25T02:34:42.092Z
2025-04-01,USA,PSE,122,7,0,0,0,0.0,0.0,0.8860655737704924,376,142,364,-3.42516949936215,2026-02-25T02:34:42.092Z
2025-04-01,FRA,DEU,60,0,0,0,0,0.0,0.0,3.24,189,65,189,-1.7177808847779976,2026-02-25T02:34:42.092Z
2025-04-01,EGY,ERI,3,0,0,0,0,0.0,0.0,3.5,5,3,5,-1.03092783505155,2026-02-25T02:34:42.092Z
2025-04-01,IND,IND,159,15,17,2,3,0.13836477987421383,2.0754716981132075,-0.4628930817610064,793,163,760,-2.84078803618033,2026-02-25T02:34:42.092Z
2025-04-01,CHN,IRN,48,0,0,0,0,0.0,0.0,1.689583333333333,114,52,114,-0.845313685251238,2026-02-25T02:34:42.092Z
2025-04-01,RUS,ETH,11,0,1,0,0,0.09090909090909091,0.0,3.127272727272727,40,11,40,3.892544570269014,2026-02-25T02:34:42.092Z
2025-04-01,RUS,EGY,3,0,0,0,0,0.0,0.0,4.466666666666667,4,3,4,-4.711374845603037,2026-02-25T02:34:42.092Z
2025-04-01,FRA,UKR,81,0,0,4,0,0.04938271604938271,0.0,2.941975308641976,222,81,222,-2.3866502690228075,2026-02-25T02:34:42.092Z
2025-04-01,RUS,BRA,26,6,0,0,0,0.0,0.0,2.7615384615384615,111,26,111,-1.9230548797199407,2026-02-25T02:34:42.092Z
2025-04-01,ISR,COD,2,0,0,0,0,0.0,0.0,-9.5,2,2,2,-4.08825438027255,2026-02-25T02:34:42.092Z
2025-04-01,BRA,IND,3,0,0,0,0,0.0,0.0,7.466666666666666,12,3,12,1.15740740740741,2026-02-25T02:34:42.092Z
2025-04-01,MEX,MEX,64,3,3,0,0,0.046875,0.140625,-2.0296875,166,64,165,-4.603371173930305,2026-02-25T02:34:42.092Z
2025-04-01,PRK,IRN,3,0,0,0,0,0.0,0.0,-0.4000000000000001,10,3,10,-0.92378752886836,2026-02-25T02:34:42.092Z
2025-04-01,RUS,IND,6,0,1,0,0,0.16666666666666666,0.0,-2.033333333333333,22,6,22,-2.313539038092523,2026-02-25T02:34:42.092Z
2025-04-01,FRA,GBR,160,0,0,0,0,0.0,0.0,2.467499999999999,489,168,473,-2.5371689531262307,2026-02-25T02:34:42.092Z
2025-04-01,PAK,ISR,9,2,0,0,0,0.0,0.0,-2.1,20,9,20,-6.909302430295778,2026-02-25T02:34:42.092Z
2025-04-01,TUR,GBR,3,0,0,0,0,0.0,0.0,2.4,18,3,18,3.7696928755820465,2026-02-25T02:34:42.092Z
2025-04-01,CHN,USA,463,19,6,0,4,0.02159827213822894,0.41036717062634986,0.7146868250539959,1694,486,1674,-1.965266104912121,2026-02-25T02:34:42.092Z
2025-04-01,TUR,RUS,13,0,0,0,0,0.0,0.0,1.4153846153846152,34,13,34,-1.6509766117740499,2026-02-25T02:34:42.092Z
2025-04-01,SYR,RUS,9,0,0,0,0,0.0,0.0,-5.333333333333333,30,9,30,-2.221956254437058,2026-02-25T02:34:42.092Z
2025-04-01,PAK,IRN,25,2,0,0,0,0.0,0.0,0.8000000000000002,71,25,71,-5.8020987029239715,2026-02-25T02:34:42.092Z
2025-04-01,CHN,MEX,6,0,0,0,0,0.0,0.0,6.3999999999999995,16,6,14,-2.1505041049605302,2026-02-25T02:34:42.092Z
2025-04-01,RUS,UKR,759,48,6,0,2,0.010540184453227932,0.5059288537549407,-0.8638998682476955,2380,794,2326,-3.4644397690331896,2026-02-25T02:34:42.092Z
2025-04-01,PAK,USA,80,0,0,1,15,0.2,0.0,1.0762499999999997,267,80,267,-3.4242595663194977,2026-02-25T02:34:42.092Z
2025-04-01,PAK,GBR,30,0,0,0,2,0.06666666666666667,0.0,-1.2566666666666666,94,30,94,-4.6936163031310905,2026-02-25T02:34:42.092Z
2025-04-01,GBR,EGY,3,0,0,0,0,0.0,0.0,2.7999999999999994,10,3,10,-4.55153949129853,2026-02-25T02:34:42.092Z
2025-04-01,FRA,PSE,26,0,0,0,0,0.0,0.0,0.9576923076923076,60,27,60,-3.706992257548269,2026-02-25T02:34:42.092Z
2025-04-01,USA,USA,5055,185,97,49,71,0.042927794263105834,7.94164193867458,0.5495153313551046,15978,5326,15616,-2.190388651654526,2026-02-25T02:34:42.092Z
2025-04-01,IRN,UKR,11,0,0,0,0,0.0,0.0,4.209090909090909,30,11,30,-3.6142858322080476,2026-02-25T02:34:42.092Z
2025-04-01,TUR,UKR,3,2,0,0,0,0.0,0.0,-3.3333333333333335,8,3,8,-5.199767982685683,2026-02-25T02:34:42.092Z
2025-04-01,DEU,UKR,31,3,0,0,0,0.0,0.0,-2.4000000000000004,86,31,86,-1.5466495169072991,2026-02-25T02:34:42.092Z
2025-04-01,TUR,SYR,12,0,0,0,0,0.0,0.0,-2.033333333333333,64,12,64,-3.186833219532179,2026-02-25T02:34:42.092Z
2025-04-01,ISR,IND,1,0,0,0,0,0.0,0.0,1.9,1,1,1,8.09859154929577,2026-02-25T02:34:42.092Z
2025-04-01,DEU,RUS,28,2,0,0,0,0.0,0.0,0.3714285714285714,77,28,77,-1.8874271867884218,2026-02-25T02:34:42.092Z
2025-04-01,USA,CHN,501,15,2,6,3,0.021956087824351298,0.32934131736526945,1.2700598802395193,1885,516,1874,-2.1610930114404625,2026-02-25T02:34:42.092Z
2025-04-01,PRK,USA,17,0,0,0,0,0.0,0.0,2.1176470588235294,58,17,58,-1.8529335739538118,2026-02-25T02:34:42.092Z
2025-04-01,DEU,USA,97,3,1,0,0,0.010309278350515464,0.030927835051546393,1.2639175257731963,269,101,268,-1.202635721967901,2026-02-25T02:34:42.092Z
2025-04-01,RUS,KOR,22,0,0,0,0,0.0,0.0,3.2590909090909093,69,23,69,-2.0993713452543026,2026-02-25T02:34:42.092Z
2025-04-01,DEU,IRN,23,0,0,0,0,0.0,0.0,5.326086956521739,90,23,80,-1.6387841228786655,2026-02-25T02:34:42.092Z
2025-04-01,USA,ISR,311,17,6,2,2,0.03215434083601286,0.5466237942122186,-0.1704180064308684,899,336,899,-3.1178844960961265,2026-02-25T02:34:42.092Z
2025-04-01,RUS,PRK,113,0,0,0,3,0.02654867256637168,0.0,2.326548672566373,317,119,315,-1.7461442968011962,2026-02-25T02:34:42.092Z
2025-04-01,TUR,ISR,61,5,0,0,0,0.0,0.0,-0.5360655737704917,189,61,189,-3.7574779175347968,2026-02-25T02:34:42.092Z
2025-04-01,EGY,GBR,3,0,0,0,0,0.0,0.0,1.7666666666666668,22,3,22,-2.4596470171875233,2026-02-25T02:34:42.092Z
2025-04-01,PAK,BRA,2,0,0,0,0,0.0,0.0,3.4,10,2,10,-2.19702338766832,2026-02-25T02:34:42.092Z
2025-04-01,KOR,TWN,2,0,0,0,0,0.0,0.0,7.4,5,2,5,-2.72108843537415,2026-02-25T02:34:42.092Z
2025-04-01,CHN,UKR,26,0,0,0,1,0.038461538461538464,0.0,2.126923076923077,67,26,67,-1.3035507688230092,2026-02-25T02:34:42.092Z
2025-04-01,PSE,TUR,14,0,0,2,0,0.14285714285714285,0.0,3.892857142857143,34,14,34,-2.025494769708451,2026-02-25T02:34:42.092Z
2025-04-01,EGY,DEU,2,0,0,0,0,0.0,0.0,2.8,3,2,3,-2.60303687635575,2026-02-25T02:34:42.092Z
2025-04-01,GBR,GBR,489,17,9,7,12,0.05725971370143149,0.9734151329243353,0.9323108384458089,1788,582,1747,-0.9781802321648114,2026-02-25T02:34:42.092Z
2025-04-01,EGY,CHN,7,0,0,0,0,0.0,0.0,2.2,24,7,24,2.924153365316593,2026-02-25T02:34:42.092Z
2025-04-01,GBR,PAK,25,9,0,0,0,0.0,0.0,-3.676,82,25,82,-9.169537272207084,2026-02-25T02:34:42.092Z
2025-04-01,DEU,PSE,6,0,0,0,0,0.0,0.0,3.4,12,6,12,-1.8352865439596366,2026-02-25T02:34:42.092Z
2025-04-01,ISR,RUS,12,0,0,0,0,0.0,0.0,2.233333333333333,32,12,32,-4.192084902985368,2026-02-25T02:34:42.092Z
2025-04-01,PRK,KOR,30,7,0,0,0,0.0,0.0,-1.113333333333333,102,34,102,-1.260446710987142,2026-02-25T02:34:42.092Z
2025-04-01,UKR,VEN,2,0,0,0,0,0.0,0.0,7.0,2,2,2,2.06896551724138,2026-02-25T02:34:42.092Z
2025-04-01,ISR,SYR,130,16,0,0,1,0.007692307692307693,0.12307692307692308,-3.133076923076923,444,145,444,-5.962148364786436,2026-02-25T02:34:42.092Z
2025-04-01,MEX,BRA,3,0,0,0,0,0.0,0.0,3.0,9,3,9,-2.05761316872428,2026-02-25T02:34:42.092Z
2025-04-01,GBR,VEN,2,0,0,0,0,0.0,0.0,5.45,4,2,4,-2.51299826689774,2026-02-25T02:34:42.092Z
2025-04-01,TWN,KOR,1,0,0,0,0,0.0,0.0,6.4,2,1,2,-5.13552068473609,2026-02-25T02:34:42.092Z
2025-04-01,RUS,TUR,15,0,0,0,0,0.0,0.0,1.9666666666666666,38,15,38,-1.4963779061535705,2026-02-25T02:34:42.092Z
2025-04-01,IND,BRA,2,0,0,0,0,0.0,0.0,8.0,6,2,6,1.15740740740741,2026-02-25T02:34:42.092Z
2025-04-01,UKR,PRK,25,0,0,0,0,0.0,0.0,-7.284000000000001,88,27,88,-3.650055798789592,2026-02-25T02:34:42.092Z
2025-04-01,EGY,FRA,1,0,0,0,0,0.0,0.0,2.8,2,1,2,-0.30659172202351,2026-02-25T02:34:42.092Z
2025-04-01,BRA,DEU,3,0,0,0,0,0.0,0.0,3.0,9,3,9,-2.05761316872428,2026-02-25T02:34:42.092Z
2025-04-01,UKR,PSE,12,0,0,0,0,0.0,0.0,-0.25,34,12,34,-5.093913167602129,2026-02-25T02:34:42.092Z
2025-04-01,EGY,PSE,26,0,0,0,0,0.0,0.0,2.6384615384615384,58,26,58,-1.7634613092439106,2026-02-25T02:34:42.092Z
2025-04-01,PSE,UKR,2,0,0,0,0,0.0,0.0,7.4,4,2,4,-9.79658360402519,2026-02-25T02:34:42.092Z
2025-04-01,KOR,KOR,86,0,4,0,0,0.046511627906976744,0.0,2.58139534883721,271,91,267,0.2986898609482598,2026-02-25T02:34:42.092Z
2025-04-01,CHN,CHN,462,17,32,0,2,0.0735930735930736,1.2510822510822512,1.4056277056277047,1419,470,1406,-0.5153839692555503,2026-02-25T02:34:42.092Z
2025-04-01,ERI,EGY,3,0,0,0,0,0.0,0.0,3.5,5,3,5,-1.03092783505155,2026-02-25T02:34:42.092Z
2025-04-01,PAK,UKR,3,0,0,0,0,0.0,0.0,3.4,20,3,20,8.04597701149426,2026-02-25T02:34:42.092Z
2025-04-01,GBR,FRA,135,1,0,0,0,0.0,0.0,3.166666666666666,422,146,420,-1.6119862610524385,2026-02-25T02:34:42.092Z
2025-04-01,RUS,ISR,11,3,0,0,0,0.0,0.0,-3.3090909090909095,44,11,44,-6.004265002698653,2026-02-25T02:34:42.092Z
2025-04-01,KOR,CHN,22,0,0,1,0,0.045454545454545456,0.0,4.486363636363636,75,22,75,-1.08383106988188,2026-02-25T02:34:42.092Z
2025-04-01,GBR,SYR,11,0,0,0,0,0.0,0.0,0.027272727272727337,42,14,42,0.4487720510800855,2026-02-25T02:34:42.092Z
2025-04-01,SYR,GBR,8,0,0,0,0,0.0,0.0,-2.8,23,8,23,-4.2877970163126395,2026-02-25T02:34:42.092Z
2025-04-01,CHN,BRA,45,2,8,1,0,0.2,0.4,2.651111111111111,184,45,184,0.5768221316386098,2026-02-25T02:34:42.092Z
2025-04-01,PRK,PAK,3,0,0,0,0,0.0,0.0,-4.0,5,3,5,-1.10497237569061,2026-02-25T02:34:42.092Z
2025-04-01,BRA,EGY,1,0,0,0,0,0.0,0.0,7.0,10,1,10,0.7936507936508,2026-02-25T02:34:42.092Z
2025-04-01,TUR,EGY,6,4,0,0,0,0.0,0.0,-3.7000000000000006,30,6,30,-1.0681520314547868,2026-02-25T02:34:42.092Z
2025-04-01,VEN,VEN,49,0,0,0,0,0.0,0.0,0.24081632653061222,140,51,140,-5.281473493147719,2026-02-25T02:34:42.092Z
2025-04-01,GBR,IRN,32,0,0,0,0,0.0,0.0,4.018750000000001,138,32,128,-2.367195412155166,2026-02-25T02:34:42.092Z
2025-04-01,PAK,RUS,17,2,1,0,1,0.11764705882352941,0.23529411764705882,0.17647058823529407,77,17,77,-5.9092899356942,2026-02-25T02:34:42.092Z
2025-04-01,TWN,DEU,8,0,0,0,0,0.0,0.0,2.8000000000000003,39,8,31,2.2263367052023173,2026-02-25T02:34:42.092Z
2025-04-01,PSE,EGY,23,0,0,0,0,0.0,0.0,3.1478260869565213,78,23,78,-3.9408216388814052,2026-02-25T02:34:42.092Z
2025-04-01,MEX,GBR,3,0,0,0,0,0.0,0.0,3.0,9,3,9,-2.05761316872428,2026-02-25T02:34:42.092Z
2025-04-01,RUS,CHN,85,4,0,0,0,0.0,0.0,1.6635294117647057,222,90,222,-0.4324012535996365,2026-02-25T02:34:42.092Z
2025-04-01,USA,IND,28,0,0,1,0,0.03571428571428571,0.0,1.1999999999999997,115,28,105,-2.5728563883997047,2026-02-25T02:34:42.092Z
2025-04-01,RUS,TWN,3,0,0,0,0,0.0,0.0,6.400000000000001,10,3,10,-2.39390642002176,2026-02-25T02:34:42.092Z
2025-04-01,KOR,RUS,71,6,0,0,0,0.0,0.0,0.8774647887323945,205,71,205,-2.951165703407462,2026-02-25T02:34:42.092Z
2025-04-01,ETH,GBR,3,0,0,0,0,0.0,0.0,2.1999999999999997,9,3,9,-5.455884085286836,2026-02-25T02:34:42.092Z
2025-04-01,SYR,CHN,5,0,1,0,0,0.2,0.0,3.8,14,5,14,-1.78750631139398,2026-02-25T02:34:42.092Z
2025-04-01,FRA,IRN,37,1,1,0,0,0.02702702702702703,0.02702702702702703,2.4054054054054053,128,37,118,-2.7758657122870516,2026-02-25T02:34:42.092Z
2025-04-01,IND,CHN,8,0,0,0,0,0.0,0.0,4.35,21,8,21,-4.987458717072918,2026-02-25T02:34:42.092Z
2025-04-01,PSE,SYR,1,0,0,0,0,0.0,0.0,-0.4,2,1,2,-4.75113122171946,2026-02-25T02:34:42.092Z
2025-04-01,GBR,UKR,101,3,0,0,12,0.1188118811881188,0.3564356435643564,2.2851485148514854,318,107,314,-1.47563590228145,2026-02-25T02:34:42.092Z
2025-04-01,ISR,IRN,117,11,0,0,0,0.0,0.0,-0.19572649572649564,357,124,357,-3.1569495078563374,2026-02-25T02:34:42.092Z
2025-04-01,BRA,BRA,22,0,2,0,0,0.09090909090909091,0.0,1.8954545454545455,78,22,78,1.493198061393688,2026-02-25T02:34:42.092Z
2025-04-01,IND,KOR,1,0,0,0,0,0.0,0.0,6.0,5,1,5,1.98863636363636,2026-02-25T02:34:42.092Z
2025-04-01,ETH,EGY,3,0,0,0,0,0.0,0.0,8.0,10,3,10,-3.6274509803921497,2026-02-25T02:34:42.092Z
2025-04-01,PAK,KOR,11,0,0,0,0,0.0,0.0,3.7818181818181817,29,11,29,5.5415742093044225,2026-02-25T02:34:42.092Z
2025-04-01,RUS,IRN,52,0,0,0,0,0.0,0.0,0.5000000000000001,112,53,112,-0.5645707138948253,2026-02-25T02:34:42.092Z
2025-04-01,PAK,IND,102,8,1,0,0,0.00980392156862745,0.0784313725490196,-1.1382352941176468,271,102,271,-5.15590685341272,2026-02-25T02:34:42.092Z
2025-04-01,RUS,FRA,25,1,1,0,0,0.04,0.04,0.7040000000000001,74,28,74,-3.5032802350918644,2026-02-25T02:34:42.092Z
2025-04-01,FRA,CHN,14,0,0,0,0,0.0,0.0,0.7571428571428571,40,14,40,-4.27983714940588,2026-02-25T02:34:42.092Z
2025-04-01,GBR,ARG,1,0,0,0,0,0.0,0.0,2.8,8,1,8,4.0,2026-02-25T02:34:42.092Z
2025-04-01,FRA,ISR,55,4,2,0,0,0.03636363636363636,0.14545454545454545,0.5036363636363637,147,55,139,-3.7810802434940367,2026-02-25T02:34:42.092Z
2025-04-01,IRN,PSE,17,1,0,0,2,0.11764705882352941,0.11764705882352941,1.3529411764705883,57,17,57,-3.388415414101896,2026-02-25T02:34:42.092Z
2025-04-01,KOR,UKR,6,0,0,0,0,0.0,0.0,1.0166666666666668,30,6,30,-2.871214051716932,2026-02-25T02:34:42.092Z
2025-04-01,ETH,CHN,3,0,0,0,0,0.0,0.0,3.4,36,3,36,3.82775119617224,2026-02-25T02:34:42.092Z
2025-04-01,IRN,CHN,35,0,0,0,0,0.0,0.0,1.374285714285714,108,35,108,-0.9326755840319743,2026-02-25T02:34:42.092Z
2025-04-01,ARG,USA,33,0,0,0,0,0.0,0.0,2.4424242424242424,95,33,94,0.2428173905573539,2026-02-25T02:34:42.092Z
2025-04-01,RUS,DEU,63,2,0,0,0,0.0,0.0,1.3507936507936518,242,66,242,-1.7894686027921896,2026-02-25T02:34:42.092Z
2025-04-01,IND,GBR,9,0,0,0,0,0.0,0.0,2.0999999999999996,65,11,65,-1.3309163546024483,2026-02-25T02:34:42.092Z
2025-04-01,CHN,DEU,34,4,0,0,0,0.0,0.0,-1.3882352941176468,152,34,152,-3.7508377012712493,2026-02-25T02:34:42.092Z
2025-04-01,USA,BRA,20,0,0,0,0,0.0,0.0,2.795,36,20,36,1.655073383691263,2026-02-25T02:34:42.092Z
2025-04-01,RUS,RUS,393,25,37,2,4,0.10941475826972011,2.735368956743003,0.6557251908396949,1129,414,1057,-2.5651261227038544,2026-02-25T02:34:42.092Z
2025-04-01,USA,ARG,12,0,0,0,0,0.0,0.0,2.8166666666666664,57,13,55,-0.7091542167762718,2026-02-25T02:34:42.092Z
2025-04-01,GBR,ISR,60,4,5,0,0,0.08333333333333333,0.3333333333333333,1.2850000000000001,179,60,163,-4.377874037863285,2026-02-25T02:34:42.092Z
2025-04-01,ARG,GBR,3,0,0,0,0,0.0,0.0,4.3,14,3,14,2.477124183006533,2026-02-25T02:34:42.092Z
2025-04-01,CHN,ISR,4,0,0,0,0,0.0,0.0,6.550000000000001,7,4,7,-4.418960244648315,2026-02-25T02:34:42.092Z
2025-04-01,GBR,MEX,3,0,0,0,0,0.0,0.0,3.0,9,3,9,-2.05761316872428,2026-02-25T02:34:42.092Z
2025-04-01,PAK,PAK,495,46,3,7,0,0.020202020202020204,0.9292929292929294,-1.0236363636363641,1569,520,1564,-4.1260762278213905,2026-02-25T02:34:42.092Z
2025-04-01,USA,ERI,3,0,0,0,0,0.0,0.0,2.7999999999999994,3,3,3,-5.392194146088923,2026-02-25T02:34:42.092Z
2025-04-01,USA,SYR,46,0,2,1,0,0.06521739130434782,0.0,0.20000000000000007,124,46,124,-3.1755404448244566,2026-02-25T02:34:42.092Z
2025-04-01,ARG,BRA,6,0,0,0,0,0.0,0.0,-1.1833333333333336,18,6,18,-2.7192312890196084,2026-02-25T02:34:42.092Z
2025-04-01,ISR,PSE,455,34,1,0,8,0.01978021978021978,0.6725274725274725,-3.1285714285714272,1538,517,1535,-5.377615530615736,2026-02-25T02:34:42.092Z
2025-04-01,FRA,EGY,2,0,1,0,0,0.5,0.0,-0.050000000000000044,5,2,5,-2.3976848884431754,2026-02-25T02:34:42.092Z
2025-04-01,PSE,PSE,66,6,0,2,0,0.030303030303030304,0.18181818181818182,-2.3287878787878786,211,69,205,-4.7544850537277945,2026-02-25T02:34:42.092Z
2025-04-01,RUS,USA,253,2,4,0,0,0.015810276679841896,0.03162055335968379,2.171146245059287,723,267,721,-2.2657116351695175,2026-02-25T02:34:42.092Z
2025-04-01,USA,COD,13,0,0,0,0,0.0,0.0,-3.0,60,13,60,-6.21017333446001,2026-02-25T02:34:42.092Z
2025-04-01,SYR,SYR,51,2,0,0,1,0.0196078431372549,0.0392156862745098,-0.6156862745098038,179,57,179,-5.251889064610036,2026-02-25T02:34:42.092Z
2025-04-01,IRN,USA,168,1,1,3,0,0.023809523809523808,0.023809523809523808,3.45297619047619,547,171,547,-2.3563337179624164,2026-02-25T02:34:42.092Z
2025-04-01,RWA,USA,7,0,0,0,0,0.0,0.0,5.285714285714286,10,7,10,-4.079346690946073,2026-02-25T02:34:42.092Z
2025-04-01,CHN,ETH,2,0,0,0,0,0.0,0.0,3.5,4,2,4,3.82775119617224,2026-02-25T02:34:42.092Z
2025-04-01,TWN,CHN,44,0,0,0,0,0.0,0.0,2.277272727272727,145,44,145,-1.367453178542521,2026-02-25T02:34:42.092Z
2025-04-01,ISR,EGY,25,0,0,0,0,0.0,0.0,2.412,81,25,79,-2.588800741486125,2026-02-25T02:34:42.092Z
2025-04-01,ETH,RUS,8,0,1,0,0,0.125,0.0,3.125,26,8,26,3.8409137715254356,2026-02-25T02:34:42.092Z
2025-04-01,UKR,BRA,4,0,0,0,0,0.0,0.0,2.8,6,6,6,-2.8927410937950673,2026-02-25T02:34:42.092Z
2025-04-01,IND,PAK,157,7,2,0,0,0.012738853503184714,0.089171974522293,-0.32611464968152887,428,171,428,-5.303759199156923,2026-02-25T02:34:42.092Z
2025-04-01,DEU,ISR,13,1,0,0,0,0.0,0.0,-0.8384615384615385,25,13,25,-3.008786693237347,2026-02-25T02:34:42.092Z
2025-04-01,IRN,TUR,7,0,0,0,0,0.0,0.0,-1.057142857142857,13,8,13,-3.3109702027186976,2026-02-25T02:34:42.092Z
2025-04-01,BRA,GBR,6,0,0,0,0,0.0,0.0,2.3333333333333335,13,6,13,-1.850211012004383,2026-02-25T02:34:42.092Z
2025-04-01,PAK,PSE,12,2,0,0,0,0.0,0.0,1.0666666666666667,22,12,22,-5.033699153610821,2026-02-25T02:34:42.092Z
2025-04-01,ISR,ISR,380,27,9,2,7,0.04736842105263158,1.2789473684210526,-1.6442105263157911,1169,402,1157,-5.05225500800608,2026-02-25T02:34:42.092Z
2025-04-01,KOR,ISR,4,0,0,0,0,0.0,0.0,-2.0,16,4,16,-3.7999938845401156,2026-02-25T02:34:42.092Z
2025-04-01,ERI,USA,5,0,0,0,0,0.0,0.0,1.14,7,5,7,-5.398406616408718,2026-02-25T02:34:42.092Z
2025-04-01,RUS,GBR,42,7,0,0,0,0.0,0.0,-1.9142857142857144,146,44,146,-3.5246610515526284,2026-02-25T02:34:42.092Z
2025-04-01,PSE,RUS,3,0,0,0,0,0.0,0.0,2.7999999999999994,14,3,14,-8.803025204909433,2026-02-25T02:34:42.092Z
2025-04-01,VEN,USA,63,4,2,2,2,0.09523809523809523,0.38095238095238093,-1.2365079365079366,176,69,176,-6.091041156525032,2026-02-25T02:34:42.092Z
2025-04-01,CHN,IND,5,0,0,0,0,0.0,0.0,-2.0200000000000005,18,5,18,-1.892384248902712,2026-02-25T02:34:42.092Z
2025-04-01,TWN,GBR,3,0,0,0,0,0.0,0.0,2.7999999999999994,8,3,8,0.78740157480315,2026-02-25T02:34:42.092Z
2025-04-01,EGY,TUR,2,0,0,0,0,0.0,0.0,2.8,10,2,10,-3.57142857142858,2026-02-25T02:34:42.092Z
2025-04-01,TWN,RUS,1,0,0,0,0,0.0,0.0,3.0,3,1,3,-1.67014613778706,2026-02-25T02:34:42.092Z
2025-04-01,ARG,ISR,1,0,0,0,0,0.0,0.0,0.0,2,1,2,5.4245283018868,2026-02-25T02:34:42.092Z
2025-04-01,COD,RWA,7,0,0,0,0,0.0,0.0,1.4285714285714286,38,7,38,-1.4832706390131742,2026-02-25T02:34:42.092Z
2025-04-01,DEU,TWN,19,0,0,0,0,0.0,0.0,1.9421052631578943,78,19,70,2.179038637055071,2026-02-25T02:34:42.092Z
2025-04-01,CHN,KOR,26,0,0,0,0,0.0,0.0,4.7384615384615385,66,26,66,-1.0191948698744244,2026-02-25T02:34:42.092Z
2025-04-01,ISR,PAK,4,0,0,0,0,0.0,0.0,-2.5999999999999996,26,4,16,-2.011505331554135,2026-02-25T02:34:42.092Z
2025-04-01,FRA,ARG,1,1,0,0,0,0.0,0.0,-5.0,1,1,1,-6.19469026548673,2026-02-25T02:34:42.092Z
2025-04-01,GBR,RUS,40,2,2,0,0,0.05,0.1,-0.9175000000000004,96,42,96,-3.376803246229946,2026-02-25T02:34:42.092Z
2025-04-01,EGY,RUS,2,0,0,0,0,0.0,0.0,3.0,2,2,2,-1.34115674769489,2026-02-25T02:34:42.092Z
2025-04-01,FRA,USA,198,3,0,0,0,0.0,0.0,2.1898989898989902,663,198,658,-0.7161062101402976,2026-02-25T02:34:42.092Z
2025-04-01,GBR,KOR,3,0,0,0,0,0.0,0.0,2.066666666666667,13,3,13,2.0244991269454933,2026-02-25T02:34:42.092Z
2025-04-01,USA,DEU,79,1,0,0,0,0.0,0.0,0.6658227848101265,232,83,232,-1.8450562224935052,2026-02-25T02:34:42.092Z
2025-04-01,FRA,FRA,115,1,4,1,0,0.043478260869565216,0.043478260869565216,1.299130434782609,375,115,373,-1.9241374677897642,2026-02-25T02:34:42.092Z
2025-04-01,IND,FRA,14,0,0,0,0,0.0,0.0,3.914285714285714,33,14,33,0.51203288348423,2026-02-25T02:34:42.092Z
2025-04-01,COD,COD,7,0,0,0,0,0.0,0.0,0.42857142857142855,17,7,17,-4.92872419337681,2026-02-25T02:34:42.092Z
2025-04-01,MEX,USA,151,0,0,0,2,0.013245033112582781,0.0,1.4284768211920535,475,153,474,-1.9308584246096108,2026-02-25T02:34:42.092Z
2025-04-01,CHN,PAK,91,0,3,0,0,0.03296703296703297,0.0,2.7791208791208795,288,91,288,-2.125681279334555,2026-02-25T02:34:42.092Z
2025-04-01,DEU,PAK,2,0,0,0,0,0.0,0.0,0.0,4,2,4,-6.88591983556012,2026-02-25T02:34:42.092Z
2025-04-01,CHN,ARG,4,0,0,0,0,0.0,0.0,2.65,8,4,8,0.79155672823219,2026-02-25T02:34:42.092Z
2025-04-01,GBR,USA,322,5,0,1,4,0.015527950310559006,0.07763975155279502,1.6944099378881998,1279,354,1251,-1.7285994959094344,2026-02-25T02:34:42.092Z
2025-04-01,FRA,KOR,3,0,0,0,0,0.0,0.0,3.6,20,3,20,4.86725663716815,2026-02-25T02:34:42.092Z
2025-04-01,COD,PSE,2,0,0,0,0,0.0,0.0,-4.0,2,2,2,-0.63626723223754,2026-02-25T02:34:42.092Z
2025-04-01,PRK,PRK,14,0,0,0,0,0.0,0.0,-2.3285714285714287,32,15,32,-1.5843037249707084,2026-02-25T02:34:42.092Z
2025-04-01,USA,PRK,17,1,0,0,0,0.0,0.0,0.10588235294117651,84,17,84,-4.718204287680262,2026-02-25T02:34:42.092Z
2025-04-01,SYR,USA,43,0,2,0,3,0.11627906976744186,0.0,1.1186046511627905,174,43,162,-3.4632750625132775,2026-02-25T02:34:42.092Z
2025-04-01,GBR,PSE,22,0,0,0,0,0.0,0.0,3.2909090909090906,68,23,66,-2.0392618612740536,2026-02-25T02:34:42.092Z
2025-04-01,BRA,USA,13,0,0,0,0,0.0,0.0,3.9384615384615382,38,13,38,1.524752902006875,2026-02-25T02:34:42.092Z
2025-04-01,CHN,EGY,8,0,0,0,0,0.0,0.0,1.8875,20,8,20,3.1134644818582853,2026-02-25T02:34:42.092Z
2025-04-01,RWA,COD,9,0,0,0,0,0.0,0.0,6.055555555555555,56,9,56,-2.1334602891512207,2026-02-25T02:34:42.092Z
2025-04-01,USA,RWA,12,1,0,0,0,0.0,0.0,2.433333333333333,45,12,45,-3.506418383562149,2026-02-25T02:34:42.092Z
2025-04-01,UKR,UKR,271,14,3,4,3,0.03690036900369004,0.5166051660516605,1.1741697416974173,742,287,741,-2.1910251756002466,2026-02-25T02:34:42.092Z
2025-04-01,IRN,DEU,26,0,0,0,0,0.0,0.0,4.846153846153846,118,26,108,-2.7411128195881136,2026-02-25T02:34:42.092Z
2025-04-01,USA,PAK,66,5,0,0,2,0.030303030303030304,0.15151515151515152,0.4030303030303031,248,68,248,-4.250500582963723,2026-02-25T02:34:42.092Z
2025-04-01,COD,USA,16,0,2,0,0,0.125,0.0,-0.575,65,16,65,-3.2888442586085986,2026-02-25T02:34:42.092Z
2025-04-01,IRN,PAK,17,0,0,0,0,0.0,0.0,-0.8294117647058823,54,17,54,-5.650902136736648,2026-02-25T02:34:42.092Z
2025-04-01,TUR,IRN,8,0,0,0,0,0.0,0.0,-2.9000000000000004,15,10,15,-3.36345963001223,2026-02-25T02:34:42.092Z
2025-04-01,ISR,ARG,2,0,0,0,0,0.0,0.0,7.0,3,2,3,-4.0394973070018,2026-02-25T02:34:42.092Z
2025-04-01,DEU,FRA,48,0,0,0,0,0.0,0.0,3.3937500000000003,133,52,133,-1.6268580528643526,2026-02-25T02:34:42.092Z
2025-04-01,UKR,GBR,62,0,0,0,0,0.0,0.0,3.6677419354838707,199,63,199,-1.3226650559319177,2026-02-25T02:34:42.092Z
2025-04-01,CHN,GBR,38,0,3,0,0,0.07894736842105263,0.0,2.0000000000000004,268,55,255,-0.7073286318480678,2026-02-25T02:34:42.092Z
2025-04-01,RWA,FRA,2,0,0,0,0,0.0,0.0,0.0,4,2,4,-3.02506482281763,2026-02-25T02:34:42.092Z
2025-04-01,IND,USA,39,0,0,0,0,0.0,0.0,1.9974358974358968,115,39,115,-0.2011962311328474,2026-02-25T02:34:42.092Z
2025-04-01,DEU,BRA,3,0,0,0,0,0.0,0.0,3.0,9,3,9,-2.05761316872428,2026-02-25T02:34:42.092Z
2025-04-01,IRN,IND,1,0,0,0,0,0.0,0.0,-2.0,2,1,2,-1.0016694490818,2026-02-25T02:34:42.092Z
2025-04-01,ISR,CHN,2,0,0,0,0,0.0,0.0,2.0,3,2,3,-0.78740157480315,2026-02-25T02:34:42.092Z
2025-04-01,EGY,IRN,2,0,0,0,0,0.0,0.0,3.0999999999999996,30,2,20,-1.79211469534051,2026-02-25T02:34:42.092Z
2025-04-01,IRN,EGY,1,0,0,0,0,0.0,0.0,1.9,20,1,10,-1.79211469534051,2026-02-25T02:34:42.092Z
2025-04-01,CHN,VEN,2,0,0,0,0,0.0,0.0,3.0,8,2,8,-1.06100795755968,2026-02-25T02:34:42.092Z
2025-04-01,GBR,COD,1,0,0,0,0,0.0,0.0,2.8,8,1,8,5.88235294117648,2026-02-25T02:34:42.092Z
2025-04-01,COD,GBR,1,0,0,0,0,0.0,0.0,1.9,8,1,8,5.88235294117648,2026-02-25T02:34:42.092Z
2025-04-01,FRA,COD,1,0,0,0,0,0.0,0.0,2.8,2,1,2,5.88235294117648,2026-02-25T02:34:42.092Z
2025-04-01,EGY,TWN,6,0,0,0,0,0.0,0.0,3.0,8,6,8,-2.3490491008113468,2026-02-25T02:34:42.092Z
2025-04-01,COD,FRA,1,0,0,0,0,0.0,0.0,1.9,2,1,2,5.88235294117648,2026-02-25T02:34:42.092Z
2025-05-01,FRA,IRN,16,0,0,0,0,0.0,0.0,-1.25,58,16,58,-4.810579467265309,2026-02-25T02:49:14.711Z
2025-05-01,DEU,VEN,1,0,0,0,0,0.0,0.0,-5.0,2,1,2,3.95010395010395,2026-02-25T02:49:14.711Z
2025-05-01,PAK,RUS,2,0,0,0,0,0.0,0.0,-4.0,3,2,3,-0.15384615384616,2026-02-25T02:49:14.711Z
2025-05-01,TUR,UKR,132,2,6,0,0,0.045454545454545456,0.09090909090909091,3.076515151515152,339,138,337,-1.5142591228018512,2026-02-25T02:49:14.711Z
2025-05-01,ISR,ISR,369,21,14,5,6,0.06775067750677506,1.4227642276422763,-1.1612466124661245,1136,386,1124,-5.111675221688035,2026-02-25T02:49:14.711Z
2025-05-01,USA,DEU,92,0,3,0,2,0.05434782608695652,0.0,2.4228260869565226,284,92,274,-1.4507296660332156,2026-02-25T02:49:14.711Z
2025-05-01,RUS,ETH,1,0,0,0,0,0.0,0.0,1.0,5,1,5,-2.05761316872428,2026-02-25T02:49:14.711Z
2025-05-01,GBR,BRA,1,0,0,0,0,0.0,0.0,0.0,2,1,2,-0.479616306954435,2026-02-25T02:49:14.711Z
2025-05-01,ETH,USA,1,0,0,0,0,0.0,0.0,-2.0,3,1,3,4.4298605414274,2026-02-25T02:49:14.711Z
2025-05-01,PRK,CHN,2,0,0,0,0,0.0,0.0,7.0,4,2,4,-5.30004108188671,2026-02-25T02:49:14.711Z
2025-05-01,RUS,TWN,3,3,0,0,0,0.0,0.0,-7.0,5,3,5,-4.62359217545939,2026-02-25T02:49:14.711Z
2025-05-01,CHN,MEX,2,0,0,0,0,0.0,0.0,-4.0,10,2,10,-3.08529945553539,2026-02-25T02:49:14.711Z
2025-05-01,IRN,IRN,72,7,0,1,2,0.041666666666666664,0.29166666666666663,0.09583333333333331,198,74,196,-2.8303486969703417,2026-02-25T02:49:14.711Z
2025-05-01,USA,SYR,38,0,0,0,0,0.0,0.0,1.831578947368421,135,44,135,-2.3094645292047202,2026-02-25T02:49:14.711Z
2025-05-01,IRN,TUR,15,0,0,0,0,0.0,0.0,2.92,47,15,47,3.2642108207875884,2026-02-25T02:49:14.711Z
2025-05-01,KOR,TUR,4,0,0,0,0,0.0,0.0,4.0,15,4,15,0.66815144766147,2026-02-25T02:49:14.711Z
2025-05-01,USA,TWN,35,1,0,0,2,0.05714285714285714,0.05714285714285714,0.7114285714285714,133,35,133,-1.165325058893991,2026-02-25T02:49:14.711Z
2025-05-01,PSE,SYR,9,4,0,0,0,0.0,0.0,-0.8888888888888885,37,9,31,-2.871098643412106,2026-02-25T02:49:14.711Z
2025-05-01,ETH,PAK,2,2,0,0,0,0.0,0.0,-5.0,5,2,5,-2.56410256410257,2026-02-25T02:49:14.711Z
2025-05-01,BRA,USA,31,0,0,0,0,0.0,0.0,2.4322580645161294,70,31,70,-0.9258417908740912,2026-02-25T02:49:14.711Z
2025-05-01,IRN,USA,122,11,0,0,0,0.0,0.0,2.54672131147541,467,125,467,-1.9529860909221568,2026-02-25T02:49:14.711Z
2025-05-01,MEX,CHN,8,0,0,0,0,0.0,0.0,3.8,25,8,25,-0.6399696554644211,2026-02-25T02:49:14.711Z
2025-05-01,DEU,MEX,3,0,0,0,0,0.0,0.0,1.8999999999999997,5,3,5,-2.57510729613734,2026-02-25T02:49:14.711Z
2025-05-01,FRA,GBR,45,0,1,0,0,0.022222222222222223,0.0,3.2733333333333343,162,48,162,-1.990721574546848,2026-02-25T02:49:14.711Z
2025-05-01,GBR,RUS,50,6,0,0,0,0.0,0.0,-2.4619999999999997,137,50,137,-3.6577526639138136,2026-02-25T02:49:14.711Z
2025-05-01,TWN,TWN,38,1,0,1,1,0.05263157894736842,0.05263157894736842,1.5921052631578945,83,38,83,-0.021184621301711327,2026-02-25T02:49:14.711Z
2025-05-01,BRA,BRA,11,0,3,0,1,0.36363636363636365,0.0,2.727272727272727,30,11,24,1.62224307215372,2026-02-25T02:49:14.711Z
2025-05-01,PSE,EGY,20,0,0,0,0,0.0,0.0,2.1399999999999997,47,21,47,-3.9349997298222634,2026-02-25T02:49:14.711Z
2025-05-01,IND,RUS,3,0,0,0,0,0.0,0.0,1.0,16,3,16,1.8743038951300368,2026-02-25T02:49:14.711Z
2025-05-01,RUS,DEU,27,4,0,0,0,0.0,0.0,0.514814814814815,82,27,82,-3.551497196601887,2026-02-25T02:49:14.711Z
2025-05-01,TUR,PAK,18,0,0,0,0,0.0,0.0,2.066666666666667,84,19,83,-1.2209221759587188,2026-02-25T02:49:14.711Z
2025-05-01,TUR,ISR,13,1,0,0,0,0.0,0.0,-1.1538461538461537,44,16,44,-3.329461288968802,2026-02-25T02:49:14.711Z
2025-05-01,PSE,ISR,486,31,2,25,0,0.05555555555555555,1.722222222222222,-1.1123456790123458,1466,524,1453,-5.295825760202305,2026-02-25T02:49:14.711Z
2025-05-01,ARG,USA,5,0,0,0,0,0.0,0.0,2.62,22,5,22,0.04710567210567022,2026-02-25T02:49:14.711Z
2025-05-01,PAK,TUR,11,0,0,0,0,0.0,0.0,1.309090909090909,29,12,29,-1.4514304182054725,2026-02-25T02:49:14.711Z
2025-05-01,PAK,COD,3,0,0,0,0,0.0,0.0,-7.2,5,3,5,3.7122969837587,2026-02-25T02:49:14.711Z
2025-05-01,EGY,PSE,14,0,0,0,0,0.0,0.0,2.849999999999999,31,14,31,-4.373518542196699,2026-02-25T02:49:14.711Z
2025-05-01,BRA,ISR,1,0,0,0,0,0.0,0.0,6.4,2,1,2,-6.60377358490566,2026-02-25T02:49:14.711Z
2025-05-01,USA,USA,2801,87,64,33,34,0.0467690110674759,4.068903962870404,0.3393787932881081,9083,2904,8803,-2.5789867781674385,2026-02-25T02:49:14.711Z
2025-05-01,USA,FRA,67,2,0,0,0,0.0,0.0,1.5791044776119398,193,68,193,-1.7836600070601334,2026-02-25T02:49:14.711Z
2025-05-01,CHN,ARG,2,0,0,0,0,0.0,0.0,4.95,28,2,18,0.4879489670137399,2026-02-25T02:49:14.711Z
2025-05-01,UKR,TUR,179,2,4,0,0,0.0223463687150838,0.0446927374301676,2.139664804469273,474,188,471,-1.801785338235584,2026-02-25T02:49:14.711Z
2025-05-01,KOR,PRK,11,0,0,0,0,0.0,0.0,1.9090909090909087,28,11,28,-2.293430063229847,2026-02-25T02:49:14.711Z
2025-05-01,IRN,DEU,8,0,0,0,0,0.0,0.0,-0.5,25,8,25,-3.2287495664785464,2026-02-25T02:49:14.711Z
2025-05-01,MEX,DEU,3,0,0,0,0,0.0,0.0,2.7999999999999994,5,3,5,-2.57510729613734,2026-02-25T02:49:14.711Z
2025-05-01,RUS,KOR,4,0,0,0,0,0.0,0.0,6.699999999999999,13,4,13,-4.51385439257545,2026-02-25T02:49:14.711Z
2025-05-01,GBR,RWA,3,0,0,0,0,0.0,0.0,6.0,7,7,7,-3.124974497834637,2026-02-25T02:49:14.711Z
2025-05-01,ISR,GBR,20,0,0,0,0,0.0,0.0,1.4449999999999998,47,20,47,-2.222540359220546,2026-02-25T02:49:14.711Z
2025-05-01,ISR,CHN,6,0,0,0,0,0.0,0.0,1.75,13,6,13,-0.6042628332422116,2026-02-25T02:49:14.711Z
2025-05-01,PRK,USA,5,0,0,0,0,0.0,0.0,3.16,13,5,13,-2.0898404701931104,2026-02-25T02:49:14.711Z
2025-05-01,RUS,GBR,32,8,0,0,0,0.0,0.0,-3.225,112,32,112,-3.8962107544604847,2026-02-25T02:49:14.711Z
2025-05-01,PRK,IRN,2,2,0,0,0,0.0,0.0,-4.4,10,2,10,-2.52918287937744,2026-02-25T02:49:14.711Z
2025-05-01,KOR,BRA,2,0,0,0,0,0.0,0.0,-5.0,10,2,10,-6.98529411764706,2026-02-25T02:49:14.711Z
2025-05-01,FRA,ISR,83,19,2,0,0,0.024096385542168676,0.45783132530120485,-0.6602409638554217,235,83,235,-3.593564766383083,2026-02-25T02:49:14.711Z
2025-05-01,GBR,ARG,2,0,0,0,0,0.0,0.0,3.75,6,2,6,2.35294117647059,2026-02-25T02:49:14.711Z
2025-05-01,IRN,ISR,34,0,0,0,0,0.0,0.0,1.3852941176470586,102,34,102,-2.6316731149008494,2026-02-25T02:49:14.711Z
2025-05-01,RUS,USA,102,5,4,0,0,0.0392156862745098,0.19607843137254902,1.5911764705882352,326,110,325,-2.1506760323030547,2026-02-25T02:49:14.711Z
2025-05-01,IND,USA,24,4,0,0,2,0.08333333333333333,0.3333333333333333,1.05,77,24,76,-2.364097318043627,2026-02-25T02:49:14.711Z
2025-05-01,ISR,FRA,55,2,3,0,0,0.05454545454545454,0.10909090909090909,-0.09272727272727284,161,55,161,-3.4557250072452,2026-02-25T02:49:14.711Z
2025-05-01,IRN,RUS,16,0,0,0,0,0.0,0.0,-1.525,73,16,51,-1.9903401693167457,2026-02-25T02:49:14.711Z
2025-05-01,RUS,UKR,616,16,5,1,0,0.00974025974025974,0.15584415584415584,0.3592532467532461,1878,637,1852,-3.2479570886263494,2026-02-25T02:49:14.711Z
2025-05-01,TUR,IRN,16,0,0,0,0,0.0,0.0,3.15625,57,16,57,3.5013418494140396,2026-02-25T02:49:14.711Z
2025-05-01,GBR,ISR,78,16,0,0,0,0.0,0.0,-1.4153846153846152,216,78,216,-4.534021713912292,2026-02-25T02:49:14.711Z
2025-05-01,UKR,USA,77,2,1,0,1,0.025974025974025976,0.05194805194805195,1.5727272727272728,216,79,208,-2.424647592082592,2026-02-25T02:49:14.711Z
2025-05-01,SYR,GBR,1,0,0,0,0,0.0,0.0,1.9,2,1,2,0.0,2026-02-25T02:49:14.711Z
2025-05-01,IRN,CHN,34,0,0,0,0,0.0,0.0,3.1588235294117646,107,34,101,-2.5240624989550087,2026-02-25T02:49:14.711Z
2025-05-01,SYR,FRA,16,0,1,0,0,0.0625,0.0,1.7875,47,19,47,-1.9334887024370546,2026-02-25T02:49:14.711Z
2025-05-01,PAK,MEX,1,0,0,0,0,0.0,0.0,1.9,5,1,5,-5.91216216216217,2026-02-25T02:49:14.711Z
2025-05-01,EGY,ISR,26,0,0,0,0,0.0,0.0,-0.7653846153846156,87,26,87,-3.2407915554999884,2026-02-25T02:49:14.711Z
2025-05-01,USA,KOR,21,0,0,0,0,0.0,0.0,0.8333333333333331,73,25,73,-0.4716373182932032,2026-02-25T02:49:14.711Z
2025-05-01,TUR,RUS,163,0,0,0,0,0.0,0.0,3.1564417177914113,408,166,408,-1.8080194460381185,2026-02-25T02:49:14.711Z
2025-05-01,DEU,ISR,27,2,0,0,2,0.07407407407407407,0.14814814814814814,-0.22962962962962954,81,27,81,-5.696127995775818,2026-02-25T02:49:14.711Z
2025-05-01,TUR,CHN,10,0,0,0,0,0.0,0.0,0.8800000000000001,41,10,41,1.936916022533735,2026-02-25T02:49:14.711Z
2025-05-01,USA,ISR,307,2,4,12,1,0.05537459283387622,0.11074918566775244,-0.006514657980455691,926,321,913,-4.020330739285424,2026-02-25T02:49:14.711Z
2025-05-01,DEU,UKR,114,1,0,0,0,0.0,0.0,3.4675438596491226,342,116,340,-3.287874570057832,2026-02-25T02:49:14.711Z
2025-05-01,USA,GBR,185,4,1,0,0,0.005405405405405406,0.021621621621621623,1.744324324324325,710,198,686,-0.8381953130514274,2026-02-25T02:49:14.711Z
2025-05-01,FRA,RUS,21,3,0,0,0,0.0,0.0,-1.2666666666666668,68,21,68,-4.294243200987128,2026-02-25T02:49:14.711Z
2025-05-01,IND,GBR,1,0,0,0,0,0.0,0.0,0.0,3,1,3,5.49618320610687,2026-02-25T02:49:14.711Z
2025-05-01,EGY,MEX,1,0,1,0,0,1.0,0.0,1.0,3,1,3,-3.57142857142857,2026-02-25T02:49:14.711Z
2025-05-01,FRA,FRA,75,3,1,0,0,0.013333333333333334,0.04,-0.021333333333333423,194,75,194,-1.8316167371742547,2026-02-25T02:49:14.711Z
2025-05-01,VEN,ARG,1,0,0,0,0,0.0,0.0,3.0,4,1,4,-3.25497287522604,2026-02-25T02:49:14.711Z
2025-05-01,USA,ARG,5,0,0,0,0,0.0,0.0,1.8400000000000003,13,5,13,-0.716263512316142,2026-02-25T02:49:14.711Z
2025-05-01,SYR,USA,25,0,0,0,0,0.0,0.0,2.26,65,27,65,-2.5524408277452832,2026-02-25T02:49:14.711Z
2025-05-01,FRA,SYR,20,0,1,0,0,0.05,0.0,2.4400000000000004,68,26,68,-1.5998321380433924,2026-02-25T02:49:14.711Z
2025-05-01,CHN,IND,4,0,0,0,0,0.0,0.0,-10.0,9,4,9,-1.36674534952106,2026-02-25T02:49:14.711Z
2025-05-01,IRN,GBR,5,0,0,0,0,0.0,0.0,0.4,15,5,15,-3.426610003269044,2026-02-25T02:49:14.711Z
2025-05-01,CHN,RWA,2,0,0,0,0,0.0,0.0,6.0,2,2,2,-3.18906605922551,2026-02-25T02:49:14.711Z
2025-05-01,CHN,USA,302,20,0,0,3,0.009933774834437087,0.19867549668874174,1.2089403973509936,1009,309,1007,-2.2865722252819083,2026-02-25T02:49:14.711Z
2025-05-01,TWN,USA,22,0,0,1,0,0.045454545454545456,0.0,2.799999999999999,73,22,73,-0.4704787321704618,2026-02-25T02:49:14.711Z
2025-05-01,VEN,VEN,17,1,0,0,0,0.0,0.0,-0.12352941176470578,28,17,26,-4.010851367162444,2026-02-25T02:49:14.711Z
2025-05-01,IND,PSE,1,1,0,0,0,0.0,0.0,-4.4,1,1,1,-6.0126582278481,2026-02-25T02:49:14.711Z
2025-05-01,DEU,GBR,23,0,0,0,0,0.0,0.0,0.3304347826086956,90,23,86,-3.1054408228885806,2026-02-25T02:49:14.711Z
2025-05-01,TUR,EGY,1,0,0,0,0,0.0,0.0,1.0,10,1,10,-0.71428571428571,2026-02-25T02:49:14.711Z
2025-05-01,GBR,PAK,19,1,0,0,0,0.0,0.0,-1.9473684210526316,79,19,69,-3.6750871111017496,2026-02-25T02:49:14.711Z
2025-05-01,VEN,USA,26,0,0,0,0,0.0,0.0,-1.303846153846154,75,26,68,-4.910183762363044,2026-02-25T02:49:14.711Z
2025-05-01,GBR,EGY,8,3,1,0,0,0.125,0.375,-0.5,30,8,30,-4.1741865629879475,2026-02-25T02:49:14.711Z
2025-05-01,ISR,IRN,71,11,0,0,0,0.0,0.0,-0.08169014084507038,211,71,211,-2.9032353526535464,2026-02-25T02:49:14.711Z
2025-05-01,TUR,TUR,76,4,4,0,0,0.05263157894736842,0.21052631578947367,0.21447368421052637,250,77,244,-2.118397211774819,2026-02-25T02:49:14.711Z
2025-05-01,UKR,PRK,1,0,0,0,0,0.0,0.0,1.0,2,1,2,-0.52742616033756,2026-02-25T02:49:14.711Z
2025-05-01,TUR,KOR,4,0,0,0,0,0.0,0.0,4.0,15,4,15,0.66815144766147,2026-02-25T02:49:14.711Z
2025-05-01,RWA,RWA,1,0,0,0,0,0.0,0.0,-0.4,2,1,2,-8.68347338935574,2026-02-25T02:49:14.711Z
2025-05-01,IND,DEU,2,2,0,0,0,0.0,0.0,-7.0,10,2,8,-4.5,2026-02-25T02:49:14.711Z
2025-05-01,SYR,RUS,2,0,0,0,0,0.0,0.0,5.0,5,2,5,1.28913443830571,2026-02-25T02:49:14.711Z
2025-05-01,GBR,FRA,47,5,1,0,0,0.02127659574468085,0.10638297872340426,2.114893617021276,138,49,138,-2.4492334515219416,2026-02-25T02:49:14.711Z
2025-05-01,COD,RWA,4,0,0,0,0,0.0,0.0,1.45,14,4,14,-4.10121719359454,2026-02-25T02:49:14.711Z
2025-05-01,TWN,CHN,57,11,1,0,0,0.017543859649122806,0.19298245614035087,-0.3789473684210527,183,57,183,-2.558803670692973,2026-02-25T02:49:14.711Z
2025-05-01,TWN,GBR,6,0,0,0,0,0.0,0.0,2.0166666666666666,38,6,38,0.5311265180390766,2026-02-25T02:49:14.711Z
2025-05-01,UKR,GBR,80,18,0,0,0,0.0,0.0,-1.8975000000000002,202,80,202,-4.7489163185996475,2026-02-25T02:49:14.711Z
2025-05-01,IRN,PAK,19,0,0,0,0,0.0,0.0,-0.04210526315789478,44,19,44,-0.672910092318497,2026-02-25T02:49:14.711Z
2025-05-01,USA,TUR,44,0,0,0,0,0.0,0.0,4.056818181818182,121,45,118,-2.1705954884379497,2026-02-25T02:49:14.711Z
2025-05-01,MEX,PAK,3,0,0,0,0,0.0,0.0,2.7999999999999994,5,3,5,-5.912162162162171,2026-02-25T02:49:14.711Z
2025-05-01,PRK,PRK,6,0,0,0,0,0.0,0.0,0.0,21,9,21,-5.258464425102003,2026-02-25T02:49:14.711Z
2025-05-01,TUR,USA,31,3,0,0,0,0.0,0.0,2.9967741935483865,87,31,85,-2.627171968375219,2026-02-25T02:49:14.711Z
2025-05-01,ISR,RUS,4,0,0,0,0,0.0,0.0,0.0,12,4,12,-3.532911892784505,2026-02-25T02:49:14.711Z
2025-05-01,KOR,CHN,8,0,0,0,0,0.0,0.0,3.4124999999999996,27,8,27,-2.009870021162602,2026-02-25T02:49:14.711Z
2025-05-01,CHN,BRA,27,0,0,0,0,0.0,0.0,2.9407407407407398,93,27,93,-0.44213559212989917,2026-02-25T02:49:14.711Z
2025-05-01,GBR,IRN,12,0,0,0,0,0.0,0.0,-4.016666666666667,43,12,43,-5.592372045488015,2026-02-25T02:49:14.711Z
2025-05-01,ETH,RUS,3,0,0,1,0,0.3333333333333333,0.0,0.3333333333333333,12,3,12,-2.05761316872428,2026-02-25T02:49:14.711Z
2025-05-01,RUS,CHN,54,3,1,0,0,0.018518518518518517,0.05555555555555555,1.0796296296296295,209,55,195,-0.9909116458929327,2026-02-25T02:49:14.711Z
2025-05-01,GBR,DEU,31,3,0,0,0,0.0,0.0,1.2129032258064514,164,61,164,-1.3594333779401468,2026-02-25T02:49:14.711Z
2025-05-01,RUS,PAK,5,0,0,0,0,0.0,0.0,3.4,12,5,12,0.6438296167214941,2026-02-25T02:49:14.711Z
2025-05-01,MEX,FRA,2,0,0,0,0,0.0,0.0,2.8,5,2,5,-2.57510729613734,2026-02-25T02:49:14.711Z
2025-05-01,RWA,GBR,1,0,0,0,0,0.0,0.0,0.4,4,1,4,1.1968085106383,2026-02-25T02:49:14.711Z
2025-05-01,FRA,TWN,2,0,0,0,0,0.0,0.0,0.0,2,2,2,-3.4993270524899,2026-02-25T02:49:14.711Z
2025-05-01,ARG,GBR,4,0,0,0,0,0.0,0.0,2.8,12,4,12,2.35294117647059,2026-02-25T02:49:14.711Z
2025-05-01,ISR,UKR,3,0,0,0,0,0.0,0.0,-10.0,8,3,8,-5.99144079885878,2026-02-25T02:49:14.711Z
2025-05-01,DEU,IRN,5,0,0,0,0,0.0,0.0,3.4,17,5,17,-1.6033182503770682,2026-02-25T02:49:14.711Z
2025-05-01,USA,IND,30,0,0,2,0,0.06666666666666667,0.0,2.6399999999999997,97,30,96,-0.5829076372934401,2026-02-25T02:49:14.711Z
2025-05-01,PSE,GBR,4,0,0,0,0,0.0,0.0,2.25,10,4,10,-4.20286107582865,2026-02-25T02:49:14.711Z
2025-05-01,PRK,UKR,3,0,0,0,0,0.0,0.0,-5.666666666666667,7,3,7,-2.486919831223633,2026-02-25T02:49:14.711Z
2025-05-01,MEX,GBR,3,0,0,0,0,0.0,0.0,2.7999999999999994,5,3,5,-2.57510729613734,2026-02-25T02:49:14.711Z
2025-05-01,EGY,GBR,5,2,0,0,0,0.0,0.0,-3.4,18,5,18,-6.810953735261312,2026-02-25T02:49:14.711Z
2025-05-01,KOR,MEX,1,0,0,0,0,0.0,0.0,2.8,5,1,5,3.21637426900584,2026-02-25T02:49:14.711Z
2025-05-01,GBR,USA,178,6,0,0,1,0.0056179775280898875,0.033707865168539325,1.8275280898876418,859,257,815,-0.7055451198148636,2026-02-25T02:49:14.711Z
2025-05-01,EGY,CHN,9,0,0,0,0,0.0,0.0,1.177777777777778,32,9,32,2.371939267775074,2026-02-25T02:49:14.711Z
2025-05-01,IND,PAK,136,8,1,0,0,0.007352941176470588,0.058823529411764705,-2.088970588235294,352,139,345,-3.9748501391057154,2026-02-25T02:49:14.711Z
2025-05-01,UKR,FRA,19,2,0,0,0,0.0,0.0,0.2842105263157896,51,19,51,-1.6802340633171062,2026-02-25T02:49:14.711Z
2025-05-01,PAK,IRN,14,0,0,0,0,0.0,0.0,3.1142857142857143,28,14,28,-0.26899383808698624,2026-02-25T02:49:14.711Z
2025-05-01,FRA,PSE,37,6,0,0,0,0.0,0.0,1.0594594594594593,106,37,106,-3.7908201784216535,2026-02-25T02:49:14.711Z
2025-05-01,PSE,TUR,2,0,0,0,0,0.0,0.0,-4.8,4,2,4,-7.69230769230774,2026-02-25T02:49:14.711Z
2025-05-01,MEX,USA,77,1,0,0,1,0.012987012987012988,0.012987012987012988,-0.781818181818182,247,82,244,-3.697126368478787,2026-02-25T02:49:14.711Z
2025-05-01,SYR,IRN,2,0,0,0,0,0.0,0.0,0.4,2,2,2,3.1410418244551,2026-02-25T02:49:14.711Z
2025-05-01,USA,PAK,63,1,1,0,0,0.015873015873015872,0.015873015873015872,1.1269841269841272,209,63,209,-1.0235413019410746,2026-02-25T02:49:14.711Z
2025-05-01,IND,IND,72,1,3,0,1,0.05555555555555555,0.05555555555555555,0.661111111111111,329,72,329,-0.9252523393331384,2026-02-25T02:49:14.711Z
2025-05-01,UKR,RUS,631,34,7,0,1,0.012678288431061807,0.43106180665610144,0.34896988906497556,1879,658,1867,-3.400630542178742,2026-02-25T02:49:14.711Z
2025-05-01,TWN,DEU,7,0,0,0,0,0.0,0.0,3.2857142857142856,44,7,44,-1.1535847492830817,2026-02-25T02:49:14.711Z
2025-05-01,GBR,SYR,4,0,0,0,0,0.0,0.0,5.95,22,4,22,-1.1083743842364524,2026-02-25T02:49:14.711Z
2025-05-01,CHN,PAK,77,2,5,0,0,0.06493506493506493,0.12987012987012986,1.428571428571429,247,77,241,0.293793113405198,2026-02-25T02:49:14.711Z
2025-05-01,DEU,RUS,47,3,0,0,0,0.0,0.0,-0.19787234042553178,158,47,158,-3.300948391490806,2026-02-25T02:49:14.711Z
2025-05-01,CHN,FRA,34,0,0,0,0,0.0,0.0,1.0264705882352938,130,34,115,0.061512784532997744,2026-02-25T02:49:14.711Z
2025-05-01,IND,KOR,1,0,0,0,0,0.0,0.0,3.4,4,1,4,7.61904761904762,2026-02-25T02:49:14.711Z
2025-05-01,USA,CHN,341,30,3,1,1,0.01466275659824047,0.43988269794721413,1.078885630498534,1227,349,1226,-2.8030269038195597,2026-02-25T02:49:14.711Z
2025-05-01,CHN,GBR,36,0,0,0,0,0.0,0.0,2.505555555555557,143,36,143,0.47207182260531055,2026-02-25T02:49:14.711Z
2025-05-01,CHN,PRK,3,0,0,0,0,0.0,0.0,7.0,6,3,6,-5.26235147316774,2026-02-25T02:49:14.711Z
2025-05-01,CHN,RUS,71,3,4,0,0,0.056338028169014086,0.16901408450704225,1.5732394366197187,272,71,258,-0.9932953779427486,2026-02-25T02:49:14.711Z
2025-05-01,PAK,PAK,167,3,3,0,0,0.017964071856287425,0.05389221556886227,-0.19999999999999982,482,167,482,-2.478598958488421,2026-02-25T02:49:14.711Z
2025-05-01,COD,COD,2,0,0,0,0,0.0,0.0,0.0,10,2,10,-4.15335463258785,2026-02-25T02:49:14.711Z
2025-05-01,USA,UKR,103,4,2,1,0,0.02912621359223301,0.11650485436893204,1.1038834951456309,293,111,285,-2.6513709440802997,2026-02-25T02:49:14.711Z
2025-05-01,PAK,CHN,101,2,5,0,0,0.04950495049504951,0.09900990099009901,0.408910891089109,351,101,338,-0.36768952988589004,2026-02-25T02:49:14.711Z
2025-05-01,MEX,MEX,50,3,0,0,0,0.0,0.0,-3.3379999999999996,218,67,210,-3.95837005080844,2026-02-25T02:49:14.711Z
2025-05-01,CHN,TUR,4,0,0,0,0,0.0,0.0,3.1,25,4,25,1.9011135857461023,2026-02-25T02:49:14.711Z
2025-05-01,PAK,USA,45,0,0,0,0,0.0,0.0,3.268888888888889,140,45,140,-0.9720182501280041,2026-02-25T02:49:14.711Z
2025-05-01,TWN,UKR,2,2,0,0,0,0.0,0.0,-4.4,10,2,10,-5.71428571428571,2026-02-25T02:49:14.711Z
2025-05-01,RUS,IND,2,0,0,0,0,0.0,0.0,4.0,10,2,10,1.92537989332797,2026-02-25T02:49:14.711Z
2025-05-01,GBR,CHN,45,0,0,0,0,0.0,0.0,0.4755555555555556,168,45,168,-2.8503114542316794,2026-02-25T02:49:14.711Z
2025-05-01,USA,PSE,148,4,0,0,10,0.06756756756756757,0.2702702702702703,1.8175675675675684,416,149,412,-4.160329821815499,2026-02-25T02:49:14.711Z
2025-05-01,MEX,KOR,1,0,0,0,0,0.0,0.0,1.9,5,1,5,3.21637426900584,2026-02-25T02:49:14.711Z
2025-05-01,CHN,DEU,13,0,0,0,0,0.0,0.0,3.3999999999999995,59,13,59,4.743377439661263,2026-02-25T02:49:14.711Z
2025-05-01,UKR,PSE,4,0,0,0,0,0.0,0.0,-2.5,12,4,12,-4.0781226340662595,2026-02-25T02:49:14.711Z
2025-05-01,UKR,IRN,1,0,0,0,0,0.0,0.0,3.0,2,1,2,-4.15959252971137,2026-02-25T02:49:14.711Z
2025-05-01,USA,VEN,44,6,0,0,1,0.022727272727272728,0.13636363636363635,0.12045454545454555,118,44,111,-3.968469340937919,2026-02-25T02:49:14.711Z
2025-05-01,EGY,USA,17,0,0,0,0,0.0,0.0,1.217647058823529,40,17,40,-1.2478259536015273,2026-02-25T02:49:14.711Z
2025-05-01,USA,PRK,4,0,0,0,0,0.0,0.0,0.3999999999999999,13,4,13,-1.6212002641167949,2026-02-25T02:49:14.711Z
2025-05-01,ARG,ARG,2,0,0,0,0,0.0,0.0,5.5,4,2,4,1.51515151515151,2026-02-25T02:49:14.711Z
2025-05-01,IND,CHN,6,0,0,0,0,0.0,0.0,-8.333333333333334,30,6,30,-4.034067674888646,2026-02-25T02:49:14.711Z
2025-05-01,BRA,KOR,3,0,0,0,0,0.0,0.0,-8.0,10,3,10,-4.0,2026-02-25T02:49:14.711Z
2025-05-01,IND,TUR,2,0,0,0,0,0.0,0.0,0.0,6,2,6,-2.11591536338546,2026-02-25T02:49:14.711Z
2025-05-01,CHN,CHN,263,22,13,1,0,0.053231939163498096,1.1711026615969582,0.09543726235741436,844,277,810,-1.5747733101710484,2026-02-25T02:49:14.711Z
2025-05-01,RUS,PRK,19,4,0,0,0,0.0,0.0,-0.7368421052631579,91,19,91,-3.0132771583528437,2026-02-25T02:49:14.711Z
2025-05-01,PSE,DEU,2,0,0,0,0,0.0,0.0,9.0,4,2,4,-2.78293135435993,2026-02-25T02:49:14.711Z
2025-05-01,EGY,TUR,1,0,0,0,0,0.0,0.0,1.0,10,1,10,-0.71428571428571,2026-02-25T02:49:14.711Z
2025-05-01,PAK,IND,76,0,3,0,0,0.039473684210526314,0.0,-1.1868421052631577,160,76,159,-2.932165385580579,2026-02-25T02:49:14.711Z
2025-05-01,CHN,EGY,5,0,0,0,0,0.0,0.0,1.8799999999999997,16,5,16,4.89073881373569,2026-02-25T02:49:14.711Z
2025-05-01,DEU,PAK,3,0,0,0,0,0.0,0.0,-10.0,10,3,10,-6.45994832041344,2026-02-25T02:49:14.711Z
2025-05-01,VEN,CHN,2,0,0,0,0,0.0,0.0,-7.0,3,2,3,-5.6,2026-02-25T02:49:14.711Z
2025-05-01,GBR,TWN,1,0,0,0,0,0.0,0.0,2.8,18,1,18,1.57125022293561,2026-02-25T02:49:14.711Z
2025-05-01,RWA,COD,6,0,0,0,0,0.0,0.0,2.2666666666666666,24,6,24,-4.083838047263437,2026-02-25T02:49:14.711Z
2025-05-01,RUS,RUS,175,9,10,2,3,0.08571428571428572,0.7714285714285715,1.1268571428571434,580,175,563,-2.4321935588251438,2026-02-25T02:49:14.711Z
2025-05-01,DEU,PSE,6,4,0,0,0,0.0,0.0,-0.6000000000000002,14,6,14,-2.532106520503913,2026-02-25T02:49:14.711Z
2025-05-01,USA,RWA,20,0,0,0,0,0.0,0.0,6.0,20,20,20,-3.408086750074285,2026-02-25T02:49:14.711Z
2025-05-01,FRA,CHN,27,3,0,0,0,0.0,0.0,1.5518518518518516,84,27,71,-1.4160827465472423,2026-02-25T02:49:14.711Z
2025-05-01,BRA,RUS,3,0,0,0,0,0.0,0.0,1.8999999999999997,6,3,6,-2.1419550571294934,2026-02-25T02:49:14.711Z
2025-05-01,SYR,EGY,4,0,0,0,0,0.0,0.0,-5.0,10,4,10,-5.8659217877095,2026-02-25T02:49:14.711Z
2025-05-01,FRA,MEX,3,0,0,0,0,0.0,0.0,1.8999999999999997,5,3,5,-2.57510729613734,2026-02-25T02:49:14.711Z
2025-05-01,KOR,RUS,6,0,0,0,0,0.0,0.0,-0.1333333333333333,12,6,12,-1.09155963586344,2026-02-25T02:49:14.711Z
2025-05-01,IRN,PSE,1,0,0,0,0,0.0,0.0,3.4,1,1,1,-1.93370165745856,2026-02-25T02:49:14.711Z
2025-05-01,USA,IRN,101,17,0,0,0,0.0,0.0,1.9059405940594063,387,119,387,-1.8431044734913467,2026-02-25T02:49:14.711Z
2025-05-01,RUS,IRN,14,3,0,0,0,0.0,0.0,-0.22857142857142865,79,14,57,-2.2453982662873235,2026-02-25T02:49:14.711Z
2025-05-01,RUS,BRA,2,0,0,0,0,0.0,0.0,2.8,4,2,4,-2.2464377403334153,2026-02-25T02:49:14.711Z
2025-05-01,PRK,KOR,14,4,0,0,0,0.0,0.0,0.8285714285714284,50,17,50,-2.6614369114646586,2026-02-25T02:49:14.711Z
2025-05-01,PSE,UKR,5,0,0,0,0,0.0,0.0,-4.0,11,5,11,-4.233311013421064,2026-02-25T02:49:14.711Z
2025-05-01,SYR,SYR,68,2,2,0,2,0.058823529411764705,0.11764705882352941,1.276470588235294,204,69,202,-2.6404872990293744,2026-02-25T02:49:14.711Z
2025-05-01,CHN,ISR,8,0,0,0,0,0.0,0.0,2.9125,18,8,18,-1.9550188493053433,2026-02-25T02:49:14.711Z
2025-05-01,FRA,BRA,2,0,0,0,0,0.0,0.0,4.0,10,2,10,-1.27610208816705,2026-02-25T02:49:14.711Z
2025-05-01,UKR,ISR,6,0,0,0,0,0.0,0.0,-7.5,16,6,16,-4.3227047191875725,2026-02-25T02:49:14.711Z
2025-05-01,ARG,CHN,3,0,0,0,0,0.0,0.0,4.533333333333333,28,3,18,0.7653433157429332,2026-02-25T02:49:14.711Z
2025-05-01,USA,EGY,18,0,0,0,0,0.0,0.0,0.6222222222222222,45,18,45,-1.5476033703953587,2026-02-25T02:49:14.711Z
2025-05-01,USA,MEX,78,2,3,0,0,0.038461538461538464,0.07692307692307693,-1.0884615384615388,257,80,257,-4.667136346745261,2026-02-25T02:49:14.711Z
2025-05-01,PSE,PSE,169,10,1,4,1,0.03550295857988166,0.3550295857988166,0.1479289940828401,475,175,474,-4.599996288713879,2026-02-25T02:49:14.711Z
2025-05-01,PSE,USA,112,1,1,5,0,0.05357142857142857,0.05357142857142857,1.798214285714286,316,114,316,-4.4776159254233106,2026-02-25T02:49:14.711Z
2025-05-01,GBR,MEX,3,0,0,0,0,0.0,0.0,1.8999999999999997,5,3,5,-2.57510729613734,2026-02-25T02:49:14.711Z
2025-05-01,CHN,IRN,37,0,0,0,0,0.0,0.0,2.1459459459459462,121,37,115,-2.979010329332813,2026-02-25T02:49:14.711Z
2025-05-01,ISR,SYR,70,0,0,0,0,0.0,0.0,-2.748571428571428,257,70,253,-3.2424382484342043,2026-02-25T02:49:14.711Z
2025-05-01,KOR,IND,2,0,0,0,0,0.0,0.0,1.7,8,2,8,7.61904761904762,2026-02-25T02:49:14.711Z
2025-05-01,DEU,DEU,57,0,2,1,3,0.10526315789473684,0.0,1.2473684210526315,170,57,164,-1.9864629033530237,2026-02-25T02:49:14.711Z
2025-05-01,FRA,UKR,21,0,0,0,0,0.0,0.0,1.9523809523809523,56,21,56,-2.66286691277374,2026-02-25T02:49:14.711Z
2025-05-01,PSE,FRA,19,1,0,0,0,0.0,0.0,-1.5210526315789472,42,19,42,-3.849156006758415,2026-02-25T02:49:14.711Z
2025-05-01,CHN,KOR,10,0,0,0,0,0.0,0.0,0.22999999999999982,38,10,38,0.657137198845727,2026-02-25T02:49:14.711Z
2025-05-01,ISR,PSE,539,41,4,0,17,0.03896103896103896,1.5974025974025974,-2.114842300556588,1675,546,1639,-5.554636041044464,2026-02-25T02:49:14.711Z
2025-05-01,GBR,TUR,10,0,0,0,0,0.0,0.0,4.65,18,12,18,-2.240976030080051,2026-02-25T02:49:14.711Z
2025-05-01,TUR,SYR,51,0,0,0,0,0.0,0.0,2.56078431372549,139,55,139,-1.9821610961766596,2026-02-25T02:49:14.711Z
2025-05-01,GBR,GBR,292,14,4,1,1,0.02054794520547945,0.2876712328767123,0.9410958904109595,1141,299,1138,-1.6861204705963364,2026-02-25T02:49:14.711Z
2025-05-01,KOR,USA,28,0,0,0,0,0.0,0.0,3.1714285714285717,106,28,106,-0.31100623565781677,2026-02-25T02:49:14.711Z
2025-05-01,ISR,DEU,9,1,0,0,1,0.1111111111111111,0.1111111111111111,-0.28888888888888875,29,9,29,-3.9290629693061225,2026-02-25T02:49:14.711Z
2025-05-01,UKR,UKR,179,2,0,4,1,0.027932960893854747,0.055865921787709494,-0.5061452513966472,542,192,542,-3.847995490820604,2026-02-25T02:49:14.711Z
2025-05-01,FRA,DEU,30,0,0,0,0,0.0,0.0,2.0666666666666664,88,30,88,-1.895987015476577,2026-02-25T02:49:14.711Z
2025-05-01,USA,BRA,29,2,0,0,0,0.0,0.0,1.586206896551724,77,29,77,-2.538525939732177,2026-02-25T02:49:14.711Z
2025-05-01,EGY,IRN,1,0,0,0,0,0.0,0.0,3.0,1,1,1,-3.00751879699248,2026-02-25T02:49:14.711Z
2025-05-01,GBR,UKR,39,0,0,0,0,0.0,0.0,1.2846153846153847,110,39,110,-1.622287556859995,2026-02-25T02:49:14.711Z
2025-05-01,RWA,USA,1,0,0,0,0,0.0,0.0,3.4,4,1,4,1.44927536231884,2026-02-25T02:49:14.711Z
2025-05-01,GBR,PSE,24,1,0,0,0,0.0,0.0,1.3458333333333332,56,24,56,-4.064827659137679,2026-02-25T02:49:14.711Z
2025-05-01,RUS,TUR,178,1,0,0,0,0.0,0.0,2.160112359550563,471,181,471,-1.8373427400877442,2026-02-25T02:49:14.711Z
2025-05-01,RUS,ISR,6,0,0,0,0,0.0,0.0,-1.5833333333333333,21,6,21,-3.450468370724707,2026-02-25T02:49:14.711Z
2025-05-01,DEU,USA,121,2,3,0,0,0.024793388429752067,0.049586776859504134,2.0247933884297526,385,122,384,-1.8399902634206389,2026-02-25T02:49:14.711Z
2025-05-01,CHN,TWN,80,14,0,0,0,0.0,0.0,-1.1400000000000006,281,80,281,-3.3219407987709557,2026-02-25T02:49:14.711Z
2025-05-01,ISR,EGY,34,0,0,0,0,0.0,0.0,0.3470588235294117,93,38,93,-2.5968948281708273,2026-02-25T02:49:14.711Z
2025-05-01,FRA,USA,82,6,1,0,0,0.012195121951219513,0.07317073170731708,-0.06951219512195123,209,84,209,-2.692764502918573,2026-02-25T02:49:14.711Z
2025-05-01,KOR,KOR,18,0,0,0,0,0.0,0.0,1.3555555555555554,63,18,55,-1.300435193784753,2026-02-25T02:49:14.711Z
2025-05-01,TUR,GBR,8,0,0,0,0,0.0,0.0,4.2625,11,8,11,-3.18825435452639,2026-02-25T02:49:14.711Z
2025-05-01,DEU,FRA,35,1,0,0,0,0.0,0.0,1.6142857142857143,107,35,107,-2.073717177817475,2026-02-25T02:49:14.711Z
2025-05-01,ISR,IND,1,0,0,0,0,0.0,0.0,3.0,1,1,1,-6.0126582278481,2026-02-25T02:49:14.711Z
2025-05-01,ISR,TUR,10,0,0,0,0,0.0,0.0,-0.5000000000000002,41,12,41,-4.51284109031849,2026-02-25T02:49:14.711Z
2025-05-01,PAK,GBR,20,0,0,0,0,0.0,0.0,-0.51,43,20,43,-2.85264798946577,2026-02-25T02:49:14.711Z
2025-05-01,UKR,DEU,60,0,6,0,0,0.1,0.0,2.3633333333333337,190,60,186,-3.1373555447692403,2026-02-25T02:49:14.711Z
2025-05-01,TUR,PSE,5,0,0,0,0,0.0,0.0,1.1999999999999997,14,7,14,-2.4262953287573614,2026-02-25T02:49:14.711Z
2025-05-01,IRN,FRA,13,0,0,0,0,0.0,0.0,1.8923076923076922,48,13,48,-2.95817721942196,2026-02-25T02:49:14.711Z
2025-05-01,UKR,CHN,2,0,0,0,0,0.0,0.0,1.9,5,2,5,-3.49127182044888,2026-02-25T02:49:14.711Z
2025-05-01,DEU,CHN,24,0,0,0,0,0.0,0.0,1.5333333333333334,84,24,84,1.7710286997042595,2026-02-25T02:49:14.711Z
2025-05-01,USA,RUS,100,3,4,0,0,0.04,0.12,0.498,290,104,290,-2.6413976917124393,2026-02-25T02:49:14.711Z
2025-05-01,MEX,EGY,1,0,1,0,0,1.0,0.0,1.0,3,1,3,-3.57142857142857,2026-02-25T02:49:14.711Z
2025-05-01,SYR,ISR,35,0,1,0,0,0.02857142857142857,0.0,2.9228571428571426,109,35,109,-3.586754378134814,2026-02-25T02:49:14.711Z
2025-05-01,CHN,UKR,12,2,0,0,0,0.0,0.0,-1.2666666666666668,62,12,62,-4.627810166912134,2026-02-25T02:49:14.711Z
2025-05-01,ETH,ETH,25,0,2,0,0,0.08,0.0,0.9959999999999998,100,26,100,-0.6475220687820059,2026-02-25T02:49:14.711Z
2025-05-01,PRK,RUS,33,0,0,0,0,0.0,0.0,-0.506060606060606,136,33,136,-2.86193062638585,2026-02-25T02:49:14.711Z
2025-05-01,RUS,FRA,18,1,0,0,0,0.0,0.0,-1.2555555555555555,60,18,57,-3.674222366459564,2026-02-25T02:49:14.711Z
2025-05-01,BRA,CHN,29,0,0,0,0,0.0,0.0,2.6931034482758616,88,29,88,1.703193442229967,2026-02-25T02:49:14.711Z
2025-05-01,ISR,USA,285,5,8,0,6,0.04912280701754386,0.24561403508771928,-0.8319298245614032,930,319,917,-3.5534932766168725,2026-02-25T02:49:14.711Z
2025-05-01,EGY,EGY,18,1,6,0,0,0.3333333333333333,0.3333333333333333,2.5888888888888886,61,20,57,-5.174383005252969,2026-02-25T02:49:14.711Z
2025-05-01,SYR,TUR,49,0,0,0,0,0.0,0.0,2.3816326530612253,127,54,127,-2.470749845287747,2026-02-25T02:49:14.711Z
2025-05-01,UKR,TWN,2,0,0,0,0,0.0,0.0,0.0,2,2,2,-0.38961038961039,2026-02-25T02:49:14.711Z
2025-05-01,DEU,IND,3,0,0,0,0,0.0,0.0,0.0,3,3,3,-3.46756152125279,2026-02-25T02:49:14.711Z
2025-05-01,ISR,ETH,5,0,0,0,0,0.0,0.0,1.5399999999999998,20,5,20,-2.06043956043956,2026-02-25T02:49:14.711Z
2025-05-01,CHN,VEN,4,0,0,0,0,0.0,0.0,0.5,20,4,20,0.84811102544333,2026-02-25T02:49:14.711Z
2025-05-01,VEN,GBR,3,0,0,0,0,0.0,0.0,-5.0,12,3,12,-5.850368669218104,2026-02-25T02:49:14.711Z
2025-05-01,ETH,ISR,5,0,0,0,0,0.0,0.0,2.0799999999999996,20,5,20,-2.06043956043956,2026-02-25T02:49:14.711Z
2025-05-01,DEU,TUR,6,0,0,0,0,0.0,0.0,1.4666666666666668,6,6,6,-2.1512737532155,2026-02-25T02:49:14.711Z
2025-05-01,IND,IRN,1,0,0,0,1,1.0,0.0,-5.0,1,1,1,-10.3004291845493,2026-02-25T02:49:14.711Z
2025-05-01,UKR,PAK,2,0,0,0,0,0.0,0.0,-10.0,4,2,4,0.20491803278689,2026-02-25T02:49:14.711Z
2025-05-01,PAK,UKR,2,0,0,0,0,0.0,0.0,-10.0,4,2,4,0.20491803278689,2026-02-25T02:49:14.711Z
2025-05-01,TWN,FRA,5,0,0,0,0,0.0,0.0,2.04,20,5,20,0.32310177705977,2026-02-25T02:49:14.711Z
2025-05-01,BRA,GBR,3,0,0,0,0,0.0,0.0,7.0,10,3,10,-0.78651685393258,2026-02-25T02:49:14.711Z
2025-06-01,ISR,IRN,315,6,0,0,0,0.0,0.0,-4.419047619047619,1099,356,1084,-3.565267351549249,2026-02-25T18:33:45.798Z
2025-06-01,IRN,PSE,1,0,0,0,0,0.0,0.0,-2.0,7,1,7,-1.74537987679671,2026-02-25T18:33:45.798Z
2025-06-01,ISR,ISR,35,0,2,0,0,0.05714285714285714,0.0,-0.1685714285714286,131,36,131,-4.330125853898879,2026-02-25T18:33:45.798Z
2025-06-01,ETH,GBR,4,0,0,0,0,0.0,0.0,-4.0,12,4,12,-8.992062099354754,2026-02-25T18:33:45.798Z
2025-06-01,PAK,IRN,22,0,0,0,0,0.0,0.0,-1.2363636363636363,66,25,66,4.942958141090264,2026-02-25T18:33:45.798Z
2025-06-01,GBR,GBR,42,2,0,0,0,0.0,0.0,-0.5190476190476193,153,46,153,-2.017345536050367,2026-02-25T18:33:45.798Z
2025-06-01,TUR,DEU,6,0,0,0,0,0.0,0.0,4.2,15,6,15,-2.27333428164501,2026-02-25T18:33:45.798Z
2025-06-01,CHN,TWN,1,0,0,0,0,0.0,0.0,-2.0,8,1,8,-0.82644628099174,2026-02-25T18:33:45.798Z
2025-06-01,DEU,USA,14,1,3,0,0,0.21428571428571427,0.21428571428571427,3.1714285714285717,75,14,75,-1.8723686524576195,2026-02-25T18:33:45.798Z
2025-06-01,ISR,UKR,1,0,0,0,0,0.0,0.0,-2.0,2,1,2,-3.73044524669073,2026-02-25T18:33:45.798Z
2025-06-01,PAK,USA,25,0,0,1,0,0.04,0.0,2.8840000000000003,62,25,62,0.7038944851454347,2026-02-25T18:33:45.798Z
2025-06-01,UKR,RUS,59,5,0,0,0,0.0,0.0,-2.3593220338983047,199,61,199,-4.076528434717478,2026-02-25T18:33:45.798Z
2025-06-01,GBR,USA,39,1,0,0,0,0.0,0.0,1.8358974358974358,151,40,151,-2.9741259343014232,2026-02-25T18:33:45.798Z
2025-06-01,UKR,ISR,2,0,0,0,0,0.0,0.0,0.0,2,2,2,-0.44444444444444,2026-02-25T18:33:45.798Z
2025-06-01,PSE,GBR,15,3,0,0,0,0.0,0.0,-5.6066666666666665,32,15,32,-6.766452911222375,2026-02-25T18:33:45.798Z
2025-06-01,GBR,FRA,19,0,0,0,0,0.0,0.0,4.8052631578947365,44,19,44,-0.7159358902221417,2026-02-25T18:33:45.798Z
2025-06-01,USA,KOR,6,0,0,0,0,0.0,0.0,5.733333333333333,22,8,22,-0.42433989258019,2026-02-25T18:33:45.798Z
2025-06-01,GBR,MEX,2,0,1,0,0,0.5,0.0,1.0,4,2,4,-2.53583241455347,2026-02-25T18:33:45.798Z
2025-06-01,IND,CHN,5,0,0,0,0,0.0,0.0,4.9399999999999995,10,5,10,-2.926328299927572,2026-02-25T18:33:45.798Z
2025-06-01,PSE,USA,23,6,0,0,0,0.0,0.0,-2.5130434782608697,72,23,72,-6.728861262326206,2026-02-25T18:33:45.798Z
2025-06-01,BRA,IRN,2,0,0,0,0,0.0,0.0,3.4,10,2,10,-1.79211469534051,2026-02-25T18:33:45.798Z
2025-06-01,UKR,IRN,14,0,0,0,0,0.0,0.0,-0.7928571428571427,24,14,24,-3.618178540676698,2026-02-25T18:33:45.798Z
2025-06-01,USA,TUR,3,0,0,0,0,0.0,0.0,1.2666666666666666,12,3,12,-2.0790383937527364,2026-02-25T18:33:45.798Z
2025-06-01,USA,UKR,24,2,0,0,0,0.0,0.0,3.341666666666667,53,24,53,-0.11906953126953217,2026-02-25T18:33:45.798Z
2025-06-01,GBR,PAK,3,0,0,0,1,0.3333333333333333,0.0,5.0,8,3,8,0.87939698492463,2026-02-25T18:33:45.798Z
2025-06-01,RUS,IND,3,0,0,0,0,0.0,0.0,3.5,4,3,4,0.62370062370062,2026-02-25T18:33:45.798Z
2025-06-01,USA,IND,18,0,0,0,0,0.0,0.0,1.3222222222222222,61,21,61,-4.687766328517995,2026-02-25T18:33:45.798Z
2025-06-01,TUR,TUR,9,0,3,0,0,0.3333333333333333,0.0,0.7777777777777778,22,9,21,-3.7289061903510574,2026-02-25T18:33:45.798Z
2025-06-01,USA,PSE,20,3,0,0,0,0.0,0.0,1.0550000000000002,38,20,38,-5.658075615992968,2026-02-25T18:33:45.798Z
2025-06-01,USA,COD,11,0,1,0,0,0.09090909090909091,0.0,4.2727272727272725,32,11,32,-0.5534087612262655,2026-02-25T18:33:45.798Z
2025-06-01,ISR,GBR,20,2,0,0,0,0.0,0.0,-3.8199999999999994,66,20,66,-5.47194219089498,2026-02-25T18:33:45.798Z
2025-06-01,ISR,RUS,4,0,0,0,0,0.0,0.0,1.9,8,4,8,-6.726746888395375,2026-02-25T18:33:45.798Z
2025-06-01,IRN,USA,91,2,0,0,0,0.0,0.0,-1.145054945054945,303,103,303,-4.357673363920259,2026-02-25T18:33:45.798Z
2025-06-01,RUS,IRN,11,0,0,0,0,0.0,0.0,-1.7909090909090908,21,11,21,-2.3549529905388713,2026-02-25T18:33:45.798Z
2025-06-01,GBR,SYR,1,0,0,0,0,0.0,0.0,7.0,10,1,10,-2.5164113785558,2026-02-25T18:33:45.798Z
2025-06-01,USA,DEU,9,0,2,0,0,0.2222222222222222,0.0,1.8444444444444446,46,9,46,-1.4827175550668525,2026-02-25T18:33:45.798Z
2025-06-01,IND,USA,12,0,0,0,0,0.0,0.0,0.1416666666666666,57,14,57,-4.800712986777121,2026-02-25T18:33:45.798Z
2025-06-01,COD,RWA,28,0,1,0,0,0.03571428571428571,0.0,6.321428571428571,100,28,100,-0.03309253122194392,2026-02-25T18:33:45.798Z
2025-06-01,USA,FRA,9,2,0,0,0,0.0,0.0,1.366666666666666,27,9,27,1.5945552558605178,2026-02-25T18:33:45.798Z
2025-06-01,USA,IRN,158,4,0,0,0,0.0,0.0,-4.09746835443038,564,164,564,-3.053809003423229,2026-02-25T18:33:45.798Z
2025-06-01,RUS,CHN,4,0,0,0,0,0.0,0.0,4.825,14,4,14,-1.696444479192975,2026-02-25T18:33:45.798Z
2025-06-01,CHN,IRN,11,0,0,0,0,0.0,0.0,3.1454545454545455,47,11,47,-1.6996604766660406,2026-02-25T18:33:45.798Z
2025-06-01,IRN,SYR,7,0,0,0,0,0.0,0.0,-2.0,13,7,13,-5.210847578953682,2026-02-25T18:33:45.798Z
2025-06-01,BRA,BRA,5,0,0,0,0,0.0,0.0,-2.4,25,5,25,-3.4131824048017565,2026-02-25T18:33:45.798Z
2025-06-01,PSE,PSE,8,0,0,0,0,0.0,0.0,0.050000000000000044,16,8,16,-3.871091319787501,2026-02-25T18:33:45.798Z
2025-06-01,USA,USA,753,20,10,12,4,0.034528552456839307,0.6905710491367861,-0.25816733067729075,2420,786,2407,-3.2771782361779307,2026-02-25T18:33:45.798Z
2025-06-01,DEU,GBR,5,0,0,0,0,0.0,0.0,7.0,14,5,14,0.44119004967774,2026-02-25T18:33:45.798Z
2025-06-01,IRN,RUS,8,0,0,0,0,0.0,0.0,-1.225,23,8,23,-2.8247199564879377,2026-02-25T18:33:45.798Z
2025-06-01,MEX,MEX,7,0,0,0,0,0.0,0.0,-0.7142857142857143,49,8,49,-2.8095928660290226,2026-02-25T18:33:45.798Z
2025-06-01,RUS,FRA,4,0,0,0,0,0.0,0.0,1.6,14,4,14,-6.08695652173913,2026-02-25T18:33:45.798Z
2025-06-01,DEU,RUS,11,2,0,0,0,0.0,0.0,-3.472727272727273,36,12,36,-3.280341026543209,2026-02-25T18:33:45.798Z
2025-06-01,FRA,USA,9,0,0,0,0,0.0,0.0,2.622222222222222,30,9,30,-0.1464385451417923,2026-02-25T18:33:45.798Z
2025-06-01,USA,GBR,45,4,0,0,0,0.0,0.0,2.1155555555555554,173,47,163,-1.765521752711525,2026-02-25T18:33:45.798Z
2025-06-01,KOR,KOR,8,2,0,0,0,0.0,0.0,-0.6000000000000001,35,8,35,-0.6217162286899114,2026-02-25T18:33:45.798Z
2025-06-01,ISR,USA,121,0,0,0,0,0.0,0.0,2.430578512396695,439,168,439,-3.5856700675159026,2026-02-25T18:33:45.798Z
2025-06-01,USA,SYR,7,0,0,0,0,0.0,0.0,4.428571428571429,13,7,13,-0.08650111642205845,2026-02-25T18:33:45.798Z
2025-06-01,FRA,TUR,4,0,0,0,0,0.0,0.0,4.9,12,4,12,-3.005563521881585,2026-02-25T18:33:45.798Z
2025-06-01,CHN,USA,83,5,0,0,0,0.0,0.0,3.4614457831325316,352,91,352,-2.834080460870133,2026-02-25T18:33:45.798Z
2025-06-01,GBR,RUS,1,1,0,0,0,0.0,0.0,-4.4,8,1,8,0.0,2026-02-25T18:33:45.798Z
2025-06-01,PAK,PAK,42,0,0,1,1,0.047619047619047616,0.0,0.5619047619047618,168,46,168,-1.4073993128336062,2026-02-25T18:33:45.798Z
2025-06-01,GBR,PSE,11,0,0,0,0,0.0,0.0,-3.463636363636364,26,11,26,-6.034858254357022,2026-02-25T18:33:45.798Z
2025-06-01,IRN,DEU,10,0,0,0,0,0.0,0.0,2.5,42,13,42,-4.170114498006295,2026-02-25T18:33:45.798Z
2025-06-01,TUR,GBR,2,0,0,0,0,0.0,0.0,7.0,2,2,2,-3.15126050420168,2026-02-25T18:33:45.798Z
2025-06-01,CHN,GBR,26,0,0,0,0,0.0,0.0,2.130769230769231,90,26,90,-2.3138733576570254,2026-02-25T18:33:45.798Z
2025-06-01,RUS,RUS,14,0,0,0,0,0.0,0.0,2.064285714285714,44,14,44,-3.837507167569015,2026-02-25T18:33:45.798Z
2025-06-01,MEX,USA,14,1,0,0,0,0.0,0.0,-0.1071428571428574,55,14,55,-1.6700495716585684,2026-02-25T18:33:45.798Z
2025-06-01,ISR,PAK,2,0,0,0,0,0.0,0.0,0.0,4,2,4,-5.14499532273152,2026-02-25T18:33:45.798Z
2025-06-01,VEN,VEN,3,3,0,0,0,0.0,0.0,-6.5,4,3,4,-3.5929221059568968,2026-02-25T18:33:45.798Z
2025-06-01,PRK,RUS,20,0,0,0,0,0.0,0.0,4.909999999999999,50,20,50,-0.09445105487918051,2026-02-25T18:33:45.798Z
2025-06-01,FRA,GBR,13,0,0,0,0,0.0,0.0,4.392307692307692,32,13,32,-0.9510806740349155,2026-02-25T18:33:45.798Z
2025-06-01,TUR,FRA,3,0,0,0,0,0.0,0.0,5.3,12,3,12,-3.0541291826549504,2026-02-25T18:33:45.798Z
2025-06-01,USA,ISR,119,4,1,0,0,0.008403361344537815,0.03361344537815126,0.9764705882352938,428,162,428,-4.355148673176281,2026-02-25T18:33:45.798Z
2025-06-01,USA,PAK,21,0,0,0,1,0.047619047619047616,0.0,1.6095238095238094,56,21,56,-0.9797940621145896,2026-02-25T18:33:45.798Z
2025-06-01,BRA,USA,4,0,0,0,0,0.0,0.0,4.0,22,4,22,-0.5045760315487848,2026-02-25T18:33:45.798Z
2025-06-01,CHN,CHN,63,2,1,1,0,0.031746031746031744,0.06349206349206349,0.522222222222222,184,74,184,-1.6160898152124075,2026-02-25T18:33:45.798Z
2025-06-01,PSE,ISR,58,0,0,0,0,0.0,0.0,-0.7655172413793104,156,58,156,-5.925066527593826,2026-02-25T18:33:45.798Z
2025-06-01,USA,RWA,12,0,0,0,0,0.0,0.0,5.0,26,12,26,-0.43677710883606835,2026-02-25T18:33:45.798Z
2025-06-01,DEU,DEU,6,0,0,0,0,0.0,0.0,1.633333333333333,18,7,18,-4.030413459456017,2026-02-25T18:33:45.798Z
2025-06-01,GBR,DEU,25,0,0,0,0,0.0,0.0,4.5920000000000005,58,26,58,-0.08320821829057698,2026-02-25T18:33:45.798Z
2025-06-01,ARG,ARG,3,0,0,0,0,0.0,0.0,1.5999999999999999,7,3,7,-3.29017647310174,2026-02-25T18:33:45.798Z
2025-06-01,CHN,IND,4,0,0,0,0,0.0,0.0,3.65,6,4,6,-1.1067199745488452,2026-02-25T18:33:45.798Z
2025-06-01,FRA,FRA,8,0,0,0,0,0.0,0.0,1.5374999999999999,35,8,35,-3.1100166307733135,2026-02-25T18:33:45.798Z
2025-06-01,GBR,ISR,32,1,0,0,0,0.0,0.0,-1.2781250000000002,112,34,112,-6.3376862164320755,2026-02-25T18:33:45.798Z
2025-06-01,BRA,ARG,1,0,0,0,0,0.0,0.0,3.4,2,1,2,-2.47933884297521,2026-02-25T18:33:45.798Z
2025-06-01,VEN,USA,4,2,0,0,0,0.0,0.0,-5.75,6,4,6,-3.72160463992267,2026-02-25T18:33:45.798Z
2025-06-01,IRN,PAK,6,0,0,0,0,0.0,0.0,-0.7666666666666666,10,6,10,-3.1908345483593634,2026-02-25T18:33:45.798Z
2025-06-01,IRN,CHN,11,0,0,0,0,0.0,0.0,-0.6,84,11,54,-1.8478899904302664,2026-02-25T18:33:45.798Z
2025-06-01,RUS,USA,14,0,0,0,1,0.07142857142857142,0.0,2.1285714285714286,35,14,35,-3.173198122527291,2026-02-25T18:33:45.798Z
2025-06-01,EGY,USA,10,0,0,0,0,0.0,0.0,2.4199999999999995,31,10,31,-0.6357965433185703,2026-02-25T18:33:45.798Z
2025-06-01,USA,TWN,8,2,0,0,0,0.0,0.0,0.775,36,8,36,-2.736779518640445,2026-02-25T18:33:45.798Z
2025-06-01,KOR,CHN,1,0,0,0,0,0.0,0.0,7.0,2,1,2,3.42465753424657,2026-02-25T18:33:45.798Z
2025-06-01,RUS,ISR,14,0,0,0,0,0.0,0.0,0.4214285714285713,66,14,66,-0.7129264768582529,2026-02-25T18:33:45.798Z
2025-06-01,FRA,ISR,8,0,0,0,0,0.0,0.0,4.4,11,8,11,-2.1342456237563336,2026-02-25T18:33:45.798Z
2025-06-01,USA,RUS,15,0,0,0,0,0.0,0.0,1.48,39,15,39,-2.2343889223663993,2026-02-25T18:33:45.798Z
2025-06-01,RWA,COD,26,0,1,0,0,0.038461538461538464,0.0,6.1923076923076925,97,26,97,0.134045147371843,2026-02-25T18:33:45.798Z
2025-06-01,KOR,USA,9,0,0,0,0,0.0,0.0,4.244444444444444,40,11,40,0.8716397134860789,2026-02-25T18:33:45.798Z
2025-06-01,RUS,PRK,25,0,0,0,0,0.0,0.0,3.412,55,25,55,-0.2358017799805252,2026-02-25T18:33:45.798Z
2025-06-01,SYR,SYR,10,4,0,0,0,0.0,0.0,-2.7800000000000002,21,10,21,-3.1168177992955797,2026-02-25T18:33:45.798Z
2025-06-01,UKR,USA,26,1,0,0,0,0.0,0.0,2.076923076923077,59,26,59,-0.10877000686009045,2026-02-25T18:33:45.798Z
2025-06-01,USA,EGY,8,2,0,0,0,0.0,0.0,-1.7750000000000001,22,8,22,-0.043705189164291225,2026-02-25T18:33:45.798Z
2025-06-01,DEU,PSE,2,0,0,0,0,0.0,0.0,-10.0,3,2,3,-4.2875157629256,2026-02-25T18:33:45.798Z
2025-06-01,USA,CHN,79,0,0,0,0,0.0,0.0,1.478481012658228,342,85,342,-2.8162360296004567,2026-02-25T18:33:45.798Z
2025-06-01,IND,PAK,3,0,0,0,0,0.0,0.0,1.4000000000000001,5,3,5,-3.8270480354648666,2026-02-25T18:33:45.798Z
2025-06-01,ISR,SYR,14,0,0,0,0,0.0,0.0,-3.857142857142857,36,14,36,-4.303351428654669,2026-02-25T18:33:45.798Z
2025-06-01,USA,MEX,26,0,0,0,0,0.0,0.0,0.22307692307692298,115,26,115,-3.9039897410538456,2026-02-25T18:33:45.798Z
2025-06-01,TWN,USA,10,0,0,0,0,0.0,0.0,2.44,40,10,40,-1.735026976863994,2026-02-25T18:33:45.798Z
2025-06-01,GBR,UKR,2,0,0,0,0,0.0,0.0,-10.0,10,2,10,-5.42857142857143,2026-02-25T18:33:45.798Z
2025-06-01,ISR,PSE,58,2,0,0,2,0.034482758620689655,0.06896551724137931,-0.13965517241379313,179,60,179,-5.175782870353593,2026-02-25T18:33:45.798Z
2025-06-01,PAK,ISR,2,0,0,0,0,0.0,0.0,-2.0,4,2,4,0.55710306406686,2026-02-25T18:33:45.798Z
2025-06-01,IND,IND,8,0,0,0,0,0.0,0.0,-4.25,40,8,40,-6.947642584627215,2026-02-25T18:33:45.798Z
2025-06-01,IRN,IRN,56,3,0,0,0,0.0,0.0,-4.5,178,60,171,-3.7117512994757362,2026-02-25T18:33:45.798Z
2025-06-01,GBR,IRN,4,2,0,0,0,0.0,0.0,1.2999999999999998,20,4,20,-3.6092244511135654,2026-02-25T18:33:45.798Z
2025-06-01,KOR,PRK,4,0,0,0,0,0.0,0.0,0.0,8,4,8,0.7737667624521101,2026-02-25T18:33:45.798Z
2025-06-01,KOR,ISR,3,0,0,0,0,0.0,0.0,3.0,8,4,8,-3.745818886444823,2026-02-25T18:33:45.798Z
2025-06-01,RUS,UKR,74,4,0,0,0,0.0,0.0,-1.0094594594594593,195,79,195,-3.965317276588185,2026-02-25T18:33:45.798Z
2025-06-01,UKR,UKR,15,2,0,0,0,0.0,0.0,-0.5066666666666666,45,16,45,-2.4438500700247245,2026-02-25T18:33:45.798Z
2025-06-01,USA,BRA,3,0,0,0,0,0.0,0.0,3.0,22,3,22,0.9883615260412668,2026-02-25T18:33:45.798Z
2025-06-01,DEU,TUR,3,0,0,0,0,0.0,0.0,5.3,12,3,12,-2.6277107260185435,2026-02-25T18:33:45.798Z
2025-06-01,IRN,ISR,225,9,0,2,0,0.008888888888888889,0.08,-2.3053333333333335,902,300,879,-5.103259723154456,2026-02-25T18:33:45.798Z
2025-06-01,CHN,PAK,11,0,0,0,0,0.0,0.0,1.3090909090909093,38,11,38,1.2308713008218781,2026-02-25T18:33:45.798Z
2025-06-01,MEX,GBR,6,0,1,0,0,0.16666666666666666,0.0,-0.3333333333333333,14,6,14,-1.8704097466500968,2026-02-25T18:33:45.798Z
2025-06-01,GBR,TUR,2,0,0,0,0,0.0,0.0,7.0,2,2,2,-3.15126050420168,2026-02-25T18:33:45.798Z
2025-06-01,FRA,DEU,6,0,0,0,0,0.0,0.0,3.5,18,6,18,-2.07397222180647,2026-02-25T18:33:45.798Z
2025-06-01,GBR,IND,3,0,0,0,0,0.0,0.0,2.4999999999999996,17,3,17,1.8315776258766803,2026-02-25T18:33:45.798Z
2025-06-01,SYR,USA,2,0,0,0,0,0.0,0.0,1.0,4,2,4,-2.17687074829932,2026-02-25T18:33:45.798Z
2025-06-01,DEU,UKR,3,0,0,0,0,0.0,0.0,0.0,12,3,12,-1.3700614065577568,2026-02-25T18:33:45.798Z
2025-06-01,CHN,RUS,3,0,0,0,0,0.0,0.0,5.266666666666667,12,3,12,-2.4698261801575065,2026-02-25T18:33:45.798Z
2025-06-01,ISR,FRA,5,0,0,0,0,0.0,0.0,0.5599999999999999,14,5,14,-2.470898595645016,2026-02-25T18:33:45.798Z
2025-06-01,FRA,PSE,9,0,0,0,0,0.0,0.0,-1.488888888888889,22,9,22,-2.0526618495772446,2026-02-25T18:33:45.798Z
2025-06-01,BRA,MEX,2,0,0,0,0,0.0,0.0,6.4,2,2,2,-0.14513788098693,2026-02-25T18:33:45.798Z
2025-06-01,UKR,TUR,2,0,0,0,0,0.0,0.0,6.0,2,2,2,-1.03359173126615,2026-02-25T18:33:45.798Z
2025-06-01,EGY,IRN,2,0,0,0,0,0.0,0.0,-0.3,8,2,8,-3.03030303030303,2026-02-25T18:33:45.798Z
2025-06-01,PSE,FRA,5,0,0,0,0,0.0,0.0,-5.4,12,5,12,-2.11929898788236,2026-02-25T18:33:45.798Z
2025-06-01,IND,IRN,2,0,0,0,0,0.0,0.0,-10.0,5,2,5,-4.21052631578948,2026-02-25T18:33:45.798Z
2025-06-01,GBR,CHN,7,0,0,0,0,0.0,0.0,0.2857142857142857,18,7,18,0.47402733070969394,2026-02-25T18:33:45.798Z
2025-06-01,FRA,MEX,2,0,0,0,0,0.0,0.0,4.7,20,2,20,0.80321285140562,2026-02-25T18:33:45.798Z
2025-06-01,IND,GBR,4,0,0,0,0,0.0,0.0,0.6499999999999998,18,4,18,1.4305014012256927,2026-02-25T18:33:45.798Z
2025-06-01,IRN,UKR,4,0,0,0,0,0.0,0.0,-0.4249999999999998,8,4,8,0.07317073170731503,2026-02-25T18:33:45.798Z
2025-06-01,IRN,EGY,3,0,0,0,0,0.0,0.0,-3.3666666666666667,5,3,5,-3.9616301215511505,2026-02-25T18:33:45.798Z
2025-06-01,FRA,IRN,12,0,0,0,0,0.0,0.0,0.7666666666666667,32,12,32,-6.904226773002826,2026-02-25T18:33:45.798Z
2025-06-01,ISR,EGY,1,0,0,0,0,0.0,0.0,-9.5,1,1,1,-5.82428430404739,2026-02-25T18:33:45.798Z
2025-06-01,FRA,EGY,1,0,0,0,0,0.0,0.0,2.8,2,1,2,-6.54205607476635,2026-02-25T18:33:45.798Z
2025-06-01,EGY,FRA,1,0,0,0,0,0.0,0.0,1.9,2,1,2,-6.54205607476635,2026-02-25T18:33:45.798Z
2025-06-01,RUS,MEX,2,0,0,0,0,0.0,0.0,0.0,2,2,2,-0.28409090909091,2026-02-25T18:33:45.798Z
2025-06-01,IRN,FRA,12,0,0,0,0,0.0,0.0,3.2000000000000006,34,12,34,-5.635341497262737,2026-02-25T18:33:45.798Z
2025-06-01,ARG,IRN,2,2,0,0,0,0.0,0.0,-7.0,12,2,12,-9.330628803245471,2026-02-25T18:33:45.798Z
2025-06-01,TUR,USA,5,0,0,0,0,0.0,0.0,0.23999999999999985,20,5,20,-2.7830131228243062,2026-02-25T18:33:45.798Z
2025-06-01,ISR,CHN,1,0,0,0,0,0.0,0.0,1.9,20,1,20,-2.34375,2026-02-25T18:33:45.798Z
2025-06-01,FRA,BRA,2,2,0,0,0,0.0,0.0,-4.4,10,2,10,1.14942528735633,2026-02-25T18:33:45.798Z
2025-06-01,PAK,RUS,1,0,0,0,0,0.0,0.0,4.0,2,1,2,6.77966101694915,2026-02-25T18:33:45.798Z
2025-06-01,CHN,ISR,1,0,0,0,0,0.0,0.0,2.8,20,1,20,-2.34375,2026-02-25T18:33:45.798Z
2025-06-01,IRN,GBR,5,0,0,0,0,0.0,0.0,3.4,21,5,21,-4.224440461636458,2026-02-25T18:33:45.798Z
2025-06-01,USA,PRK,5,0,0,0,0,0.0,0.0,2.6,18,5,18,-1.1102514378532458,2026-02-25T18:33:45.798Z
2025-06-01,GBR,TWN,7,0,0,0,0,0.0,0.0,2.2857142857142856,16,7,16,-2.57913247362251,2026-02-25T18:33:45.798Z
2025-06-01,BRA,DEU,1,0,0,0,0,0.0,0.0,4.0,4,1,4,1.84834123222749,2026-02-25T18:33:45.798Z
2025-06-01,ISR,DEU,2,0,0,0,0,0.0,0.0,1.9,4,2,4,-0.37926675094817,2026-02-25T18:33:45.798Z
2025-06-01,ISR,TUR,3,0,0,0,0,0.0,0.0,4.0,7,3,7,-4.09090909090909,2026-02-25T18:33:45.798Z
2025-06-01,DEU,FRA,3,0,0,0,0,0.0,0.0,7.0,8,3,8,-3.02731161566304,2026-02-25T18:33:45.798Z
2025-06-01,RUS,PSE,1,0,0,0,0,0.0,0.0,2.8,1,1,1,-8.95522388059697,2026-02-25T18:33:45.798Z
2025-06-01,CHN,ARG,1,0,0,0,0,0.0,0.0,4.0,10,1,10,-0.58651026392961,2026-02-25T18:33:45.798Z
2025-06-01,TUR,IRN,4,0,0,0,0,0.0,0.0,1.7,40,4,30,-5.561648497365552,2026-02-25T18:33:45.798Z
2025-06-01,SYR,ISR,1,0,0,0,0,0.0,0.0,-10.0,10,1,10,-4.34782608695652,2026-02-25T18:33:45.798Z
2025-06-01,BRA,RUS,4,0,0,0,0,0.0,0.0,7.0,4,4,4,-1.34529147982063,2026-02-25T18:33:45.798Z
2025-06-01,EGY,EGY,1,0,0,0,0,0.0,0.0,4.0,2,1,2,-0.99009900990099,2026-02-25T18:33:45.798Z
2025-06-01,PAK,CHN,5,0,0,0,0,0.0,0.0,2.38,18,5,18,-1.086608822481336,2026-02-25T18:33:45.798Z
2025-06-01,RWA,USA,2,0,0,0,1,0.5,0.0,2.5,6,2,6,-3.279689535388625,2026-02-25T18:33:45.798Z
2025-06-01,PRK,USA,1,0,0,0,0,0.0,0.0,7.0,10,1,10,-1.93277310924369,2026-02-25T18:33:45.798Z
2025-06-01,PSE,RUS,1,0,0,0,0,0.0,0.0,1.9,1,1,1,-8.95522388059697,2026-02-25T18:33:45.798Z
2025-06-01,TWN,CHN,1,0,0,0,0,0.0,0.0,0.0,2,1,2,-3.68550368550369,2026-02-25T18:33:45.798Z
2025-06-01,RUS,DEU,2,0,0,0,0,0.0,0.0,2.8,2,2,2,-4.2553004310724045,2026-02-25T18:33:45.798Z
2025-06-01,BRA,GBR,1,0,0,0,0,0.0,0.0,1.0,2,1,2,1.30505709624796,2026-02-25T18:33:45.798Z
2025-06-01,DEU,BRA,3,0,0,0,0,0.0,0.0,3.3333333333333335,8,3,8,1.84834123222749,2026-02-25T18:33:45.798Z
2025-06-01,DEU,MEX,1,0,0,0,0,0.0,0.0,3.0,2,1,2,3.11027332704995,2026-02-25T18:33:45.798Z
2025-06-01,ARG,USA,4,0,0,0,0,0.0,0.0,6.4,16,4,16,2.11440117297858,2026-02-25T18:33:45.798Z
2025-06-01,EGY,PSE,1,0,0,0,0,0.0,0.0,0.0,1,1,1,-8.38709677419355,2026-02-25T18:33:45.798Z
2025-06-01,IRN,TUR,3,0,0,0,0,0.0,0.0,5.3,20,3,20,-4.790859413810236,2026-02-25T18:33:45.798Z
2025-06-01,RUS,TWN,1,0,0,0,0,0.0,0.0,6.4,5,1,5,-1.26582278481013,2026-02-25T18:33:45.798Z
2025-06-01,TWN,GBR,4,0,0,0,0,0.0,0.0,1.0,8,4,8,-2.57913247362251,2026-02-25T18:33:45.798Z
2025-06-01,DEU,IRN,4,0,0,0,0,0.0,0.0,7.0,12,4,12,-4.432788739100673,2026-02-25T18:33:45.798Z
2025-06-01,TWN,TWN,6,0,1,0,0,0.16666666666666666,0.0,3.3333333333333335,26,6,26,0.33552728103897156,2026-02-25T18:33:45.798Z
2025-06-01,RUS,BRA,2,0,0,0,0,0.0,0.0,7.0,4,2,4,-1.34529147982063,2026-02-25T18:33:45.798Z
2025-06-01,GBR,BRA,1,0,0,0,0,0.0,0.0,1.0,2,1,2,1.30505709624796,2026-02-25T18:33:45.798Z
2025-06-01,PAK,IND,1,0,0,0,0,0.0,0.0,-0.4,2,1,2,-3.63636363636363,2026-02-25T18:33:45.798Z
2025-06-01,ARG,CHN,1,0,0,0,0,0.0,0.0,4.0,10,1,10,-0.58651026392961,2026-02-25T18:33:45.798Z
2025-06-01,COD,USA,2,0,1,0,0,0.5,0.0,1.0,6,2,6,-0.56100981767181,2026-02-25T18:33:45.798Z
2025-06-01,GBR,EGY,2,0,0,0,0,0.0,0.0,0.0,4,2,4,-2.10708973723351,2026-02-25T18:33:45.798Z
2025-06-01,USA,ERI,6,0,0,0,0,0.0,0.0,-2.0,24,6,24,-7.849865951742615,2026-02-25T18:33:45.798Z
2025-06-01,CHN,DEU,1,0,0,0,0,0.0,0.0,0.0,4,1,4,4.1025641025641,2026-02-25T18:33:45.798Z
2025-07-01,DEU,GBR,67,0,0,0,0,0.0,0.0,4.4089552238805965,193,72,193,-1.9459923331854747,2026-02-25T14:48:53.541Z
2025-07-01,PSE,PAK,3,0,0,0,0,0.0,0.0,4.266666666666667,8,3,8,-0.4033415253927733,2026-02-25T14:48:53.541Z
2025-07-01,KOR,USA,238,7,22,2,1,0.10504201680672269,0.7352941176470589,3.321008403361342,834,256,826,0.1860967744203529,2026-02-25T14:48:53.541Z
2025-07-01,GBR,RUS,45,9,1,0,0,0.022222222222222223,0.2,-0.08666666666666671,111,45,108,-4.851816785756918,2026-02-25T14:48:53.541Z
2025-07-01,PSE,USA,155,3,0,1,0,0.0064516129032258064,0.01935483870967742,0.372258064516129,431,158,431,-4.243454308092748,2026-02-25T14:48:53.541Z
2025-07-01,VEN,VEN,5,0,0,0,0,0.0,0.0,1.48,10,5,10,-0.35718920645696006,2026-02-25T14:48:53.541Z
2025-07-01,RUS,DEU,15,0,0,0,0,0.0,0.0,1.9200000000000002,45,15,45,-2.7831057412910853,2026-02-25T14:48:53.541Z
2025-07-01,GBR,SYR,7,0,0,0,0,0.0,0.0,1.342857142857143,10,7,10,-5.461339931516053,2026-02-25T14:48:53.541Z
2025-07-01,USA,UKR,120,2,0,0,0,0.0,0.0,2.833333333333333,391,126,391,-2.48156605678691,2026-02-25T14:48:53.541Z
2025-07-01,DEU,FRA,38,0,0,0,0,0.0,0.0,4.4526315789473685,113,41,113,-2.3400986930588172,2026-02-25T14:48:53.541Z
2025-07-01,BRA,KOR,6,0,0,0,0,0.0,0.0,2.2000000000000006,11,6,11,-0.1509968556718833,2026-02-25T14:48:53.541Z
2025-07-01,BRA,RUS,5,0,0,0,0,0.0,0.0,0.72,13,5,13,-4.11885876470276,2026-02-25T14:48:53.541Z
2025-07-01,PRK,USA,21,1,0,0,0,0.0,0.0,4.352380952380952,58,21,55,0.037282292460966183,2026-02-25T14:48:53.541Z
2025-07-01,BRA,BRA,115,7,9,4,7,0.17391304347826086,1.2173913043478262,0.0895652173913043,457,126,457,-3.2145607831474154,2026-02-25T14:48:53.541Z
2025-07-01,USA,IRN,169,10,2,0,0,0.011834319526627219,0.11834319526627218,-0.5449704142011832,649,179,632,-4.350260751506198,2026-02-25T14:48:53.541Z
2025-07-01,FRA,CHN,7,0,0,0,0,0.0,0.0,0.3714285714285714,17,7,17,0.890230905980367,2026-02-25T14:48:53.541Z
2025-07-01,RWA,RWA,2,0,0,0,0,0.0,0.0,-0.75,12,2,12,1.3884472708002304,2026-02-25T14:48:53.541Z
2025-07-01,ISR,TWN,5,0,0,0,0,0.0,0.0,2.56,13,5,13,4.56081081081081,2026-02-25T14:48:53.541Z
2025-07-01,MEX,ARG,1,0,0,0,0,0.0,0.0,4.0,10,1,10,0.94339622641509,2026-02-25T14:48:53.541Z
2025-07-01,IRN,PAK,38,0,0,0,0,0.0,0.0,1.7131578947368415,131,38,125,-0.007958458143923037,2026-02-25T14:48:53.541Z
2025-07-01,ISR,IND,2,0,0,0,0,0.0,0.0,2.8,4,2,4,-2.55009107468124,2026-02-25T14:48:53.541Z
2025-07-01,CHN,UKR,16,0,0,0,0,0.0,0.0,0.55,57,16,57,-3.177699545963583,2026-02-25T14:48:53.541Z
2025-07-01,GBR,USA,285,4,4,1,0,0.017543859649122806,0.07017543859649122,1.5705263157894727,1016,297,1009,-1.4273969400708846,2026-02-25T14:48:53.541Z
2025-07-01,CHN,PRK,10,0,0,0,0,0.0,0.0,3.4299999999999997,38,10,38,1.064434689685751,2026-02-25T14:48:53.541Z
2025-07-01,COD,USA,11,0,0,0,0,0.0,0.0,-3.127272727272728,52,17,52,-3.256995805018367,2026-02-25T14:48:53.541Z
2025-07-01,FRA,EGY,1,0,0,0,0,0.0,0.0,4.0,2,1,2,-6.22568093385214,2026-02-25T14:48:53.541Z
2025-07-01,VEN,FRA,1,0,0,0,0,0.0,0.0,1.9,4,1,4,-4.8480463096961,2026-02-25T14:48:53.541Z
2025-07-01,EGY,KOR,6,0,0,0,0,0.0,0.0,2.1999999999999997,6,6,6,4.48275862068965,2026-02-25T14:48:53.541Z
2025-07-01,ISR,FRA,77,3,0,0,0,0.0,0.0,0.3883116883116883,189,79,189,-2.75449524689149,2026-02-25T14:48:53.541Z
2025-07-01,USA,RWA,10,0,0,0,0,0.0,0.0,7.0,32,12,32,-3.1540648945641303,2026-02-25T14:48:53.541Z
2025-07-01,TUR,UKR,15,0,0,0,0,0.0,0.0,0.46666666666666684,36,15,36,-1.9288342767342643,2026-02-25T14:48:53.541Z
2025-07-01,EGY,USA,35,0,1,0,0,0.02857142857142857,0.0,1.4114285714285713,113,35,113,-1.4508260685053613,2026-02-25T14:48:53.541Z
2025-07-01,PAK,ISR,9,0,0,0,0,0.0,0.0,1.711111111111111,18,9,18,-1.34701780604511,2026-02-25T14:48:53.541Z
2025-07-01,IND,KOR,5,0,0,0,0,0.0,0.0,3.5400000000000005,15,5,15,3.372137322246656,2026-02-25T14:48:53.541Z
2025-07-01,RUS,UKR,518,40,4,0,0,0.007722007722007722,0.3088803088803089,-2.3826254826254822,2027,582,2003,-4.38769406537224,2026-02-25T14:48:53.541Z
2025-07-01,MEX,USA,136,1,2,0,1,0.022058823529411766,0.022058823529411766,2.2735294117647067,472,142,459,-0.9330495441793448,2026-02-25T14:48:53.541Z
2025-07-01,PSE,IRN,10,0,0,2,0,0.2,0.0,-2.1100000000000003,27,10,27,-3.5846455037010885,2026-02-25T14:48:53.541Z
2025-07-01,ARG,USA,12,0,0,0,0,0.0,0.0,2.775,30,12,30,-1.5583997848246234,2026-02-25T14:48:53.541Z
2025-07-01,IND,IND,154,4,5,11,2,0.11688311688311688,0.4675324675324675,0.7798701298701298,697,163,695,-3.0955666344481223,2026-02-25T14:48:53.541Z
2025-07-01,SYR,IRN,1,0,0,0,0,0.0,0.0,2.8,3,1,3,-3.1582054309327,2026-02-25T14:48:53.541Z
2025-07-01,MEX,DEU,2,0,0,0,0,0.0,0.0,-5.0,10,2,10,-3.40030911901082,2026-02-25T14:48:53.541Z
2025-07-01,UKR,PAK,2,0,0,0,0,0.0,0.0,-2.0,4,2,4,-4.33255269320843,2026-02-25T14:48:53.541Z
2025-07-01,GBR,UKR,11,0,0,0,0,0.0,0.0,1.8,27,11,27,-0.9694773092566235,2026-02-25T14:48:53.541Z
2025-07-01,ARG,UKR,1,0,0,0,0,0.0,0.0,0.0,1,1,1,1.13314447592068,2026-02-25T14:48:53.541Z
2025-07-01,GBR,TUR,14,0,0,0,0,0.0,0.0,0.6357142857142858,52,14,52,-2.6090715050065927,2026-02-25T14:48:53.541Z
2025-07-01,SYR,FRA,20,0,0,0,0,0.0,0.0,3.07,38,20,38,-2.2271425088533254,2026-02-25T14:48:53.541Z
2025-07-01,EGY,PSE,54,8,0,0,0,0.0,0.0,1.7611111111111115,170,56,170,-2.7440549233412885,2026-02-25T14:48:53.541Z
2025-07-01,RUS,PRK,22,0,0,0,0,0.0,0.0,3.359090909090909,75,22,73,-0.5343504296698701,2026-02-25T14:48:53.541Z
2025-07-01,MEX,KOR,5,0,0,0,0,0.0,0.0,5.2,14,6,14,-1.2784645818726719,2026-02-25T14:48:53.541Z
2025-07-01,CHN,ARG,1,0,0,0,0,0.0,0.0,7.4,2,1,2,1.77304964539008,2026-02-25T14:48:53.541Z
2025-07-01,ISR,GBR,149,9,2,0,0,0.013422818791946308,0.12080536912751677,-0.20536912751677866,475,165,474,-3.645399532857412,2026-02-25T14:48:53.541Z
2025-07-01,PSE,FRA,37,0,0,0,0,0.0,0.0,2.3135135135135134,123,41,123,-2.778766831884482,2026-02-25T14:48:53.541Z
2025-07-01,IRN,CHN,7,2,0,0,0,0.0,0.0,-1.7714285714285711,20,7,20,-2.687497008183571,2026-02-25T14:48:53.541Z
2025-07-01,IRN,SYR,3,0,0,0,0,0.0,0.0,-0.7000000000000001,8,3,8,-3.8814075962318264,2026-02-25T14:48:53.541Z
2025-07-01,CHN,RUS,81,5,1,0,0,0.012345679012345678,0.06172839506172839,1.5037037037037038,212,85,212,-1.6316234090418855,2026-02-25T14:48:53.541Z
2025-07-01,USA,PAK,109,2,2,0,1,0.027522935779816515,0.05504587155963303,2.0321100917431196,362,121,355,-0.6035336912948023,2026-02-25T14:48:53.541Z
2025-07-01,IND,TUR,6,0,0,0,0,0.0,0.0,-1.5333333333333332,16,6,16,-7.119533153831753,2026-02-25T14:48:53.541Z
2025-07-01,BRA,FRA,6,0,0,0,0,0.0,0.0,2.3499999999999996,13,6,13,-0.39135176749856004,2026-02-25T14:48:53.541Z
2025-07-01,PSE,BRA,1,0,0,0,0,0.0,0.0,-5.0,3,1,3,-11.6279069767442,2026-02-25T14:48:53.541Z
2025-07-01,PRK,RUS,34,0,0,0,0,0.0,0.0,2.65,126,34,124,-1.7887094962198602,2026-02-25T14:48:53.541Z
2025-07-01,ISR,RUS,6,0,0,0,0,0.0,0.0,1.45,15,6,15,-2.0359320359320385,2026-02-25T14:48:53.541Z
2025-07-01,RUS,TUR,15,0,0,0,0,0.0,0.0,0.6466666666666666,37,15,37,-3.113419861294735,2026-02-25T14:48:53.541Z
2025-07-01,FRA,ISR,157,4,0,2,0,0.012738853503184714,0.050955414012738856,1.6528662420382172,392,161,392,-3.6209141517645396,2026-02-25T14:48:53.541Z
2025-07-01,UKR,DEU,7,0,0,0,0,0.0,0.0,6.742857142857142,12,7,12,-3.0517701869655203,2026-02-25T14:48:53.541Z
2025-07-01,IND,CHN,5,0,0,0,0,0.0,0.0,-2.0,29,5,29,-0.10080624948619202,2026-02-25T14:48:53.541Z
2025-07-01,TUR,PSE,5,0,0,0,0,0.0,0.0,3.4,14,5,14,1.760202020202022,2026-02-25T14:48:53.541Z
2025-07-01,TUR,IND,2,0,0,0,0,0.0,0.0,-1.55,6,2,6,-4.43213296398892,2026-02-25T14:48:53.541Z
2025-07-01,IND,USA,78,4,0,0,0,0.0,0.0,1.1076923076923073,189,81,189,-1.6228459593341948,2026-02-25T14:48:53.541Z
2025-07-01,PRK,PRK,9,0,0,0,0,0.0,0.0,0.39999999999999997,26,9,26,-2.21599861535177,2026-02-25T14:48:53.541Z
2025-07-01,ISR,USA,366,12,4,1,2,0.01912568306010929,0.22950819672131148,0.7975409836065582,1120,388,1108,-3.2181092708912478,2026-02-25T14:48:53.541Z
2025-07-01,GBR,DEU,62,0,0,0,0,0.0,0.0,5.30483870967742,203,68,203,-1.3072847703813102,2026-02-25T14:48:53.541Z
2025-07-01,PRK,PAK,5,0,0,0,0,0.0,0.0,2.8,20,5,20,1.02827763496144,2026-02-25T14:48:53.541Z
2025-07-01,PAK,PSE,5,0,0,0,0,0.0,0.0,2.32,15,5,15,0.47330749709684605,2026-02-25T14:48:53.541Z
2025-07-01,USA,FRA,131,3,0,0,0,0.0,0.0,1.770229007633589,522,136,522,-1.3037900322865426,2026-02-25T14:48:53.541Z
2025-07-01,ETH,ETH,21,1,0,0,0,0.0,0.0,0.8095238095238095,85,23,83,-1.7624115961272722,2026-02-25T14:48:53.541Z
2025-07-01,ISR,DEU,69,2,4,0,0,0.057971014492753624,0.11594202898550725,1.988405797101449,196,78,196,-3.142132370498114,2026-02-25T14:48:53.541Z
2025-07-01,RUS,ARG,2,0,0,0,0,0.0,0.0,3.4,10,2,10,0.23529411764706,2026-02-25T14:48:53.541Z
2025-07-01,TUR,PAK,6,0,0,0,0,0.0,0.0,5.8999999999999995,15,6,15,-0.10542664023479838,2026-02-25T14:48:53.541Z
2025-07-01,GBR,FRA,149,3,1,0,1,0.013422818791946308,0.040268456375838924,3.2946308724832214,493,169,492,-2.1908722532414027,2026-02-25T14:48:53.541Z
2025-07-01,PSE,ISR,718,30,0,17,1,0.025069637883008356,0.7520891364902507,-0.965459610027857,2325,800,2307,-4.55480858094216,2026-02-25T14:48:53.541Z
2025-07-01,IND,GBR,13,0,0,0,0,0.0,0.0,0.21538461538461545,50,13,50,-1.3667306380447428,2026-02-25T14:48:53.541Z
2025-07-01,SYR,RUS,69,0,2,2,0,0.057971014492753624,0.0,2.140579710144928,272,78,272,-0.3906407615835009,2026-02-25T14:48:53.541Z
2025-07-01,TWN,KOR,5,0,0,0,0,0.0,0.0,2.2600000000000002,16,5,16,1.2012012012012,2026-02-25T14:48:53.541Z
2025-07-01,USA,DEU,53,0,0,0,0,0.0,0.0,0.8924528301886788,210,59,210,-1.016779797394443,2026-02-25T14:48:53.541Z
2025-07-01,USA,KOR,228,9,19,1,1,0.09210526315789473,0.8289473684210525,2.4903508771929816,759,255,759,0.12758280245794848,2026-02-25T14:48:53.541Z
2025-07-01,GBR,PSE,286,11,0,0,6,0.02097902097902098,0.23076923076923078,2.219230769230767,724,302,724,-3.054384065563982,2026-02-25T14:48:53.541Z
2025-07-01,ISR,ISR,593,34,28,5,8,0.06913996627318718,2.350758853288364,-0.4264755480607077,1868,630,1864,-4.088009845941649,2026-02-25T14:48:53.541Z
2025-07-01,RUS,USA,197,20,9,3,1,0.06598984771573604,1.3197969543147208,0.9969543147208125,661,208,661,-3.3903470215369684,2026-02-25T14:48:53.541Z
2025-07-01,ISR,CHN,2,0,0,0,0,0.0,0.0,-2.0,2,2,2,-5.64516129032258,2026-02-25T14:48:53.541Z
2025-07-01,PAK,GBR,2,0,0,0,0,0.0,0.0,2.2,5,2,5,-0.6876310272536696,2026-02-25T14:48:53.541Z
2025-07-01,UKR,IRN,6,0,0,0,0,0.0,0.0,-10.0,14,6,14,-2.845395567264043,2026-02-25T14:48:53.541Z
2025-07-01,CHN,RWA,2,0,0,0,0,0.0,0.0,3.4,8,2,8,5.72916666666667,2026-02-25T14:48:53.541Z
2025-07-01,EGY,EGY,23,0,1,0,1,0.08695652173913043,0.0,2.821739130434782,54,23,53,1.2623283599272674,2026-02-25T14:48:53.541Z
2025-07-01,FRA,RUS,3,0,0,0,0,0.0,0.0,1.8999999999999997,10,3,10,-1.8611913348755502,2026-02-25T14:48:53.541Z
2025-07-01,SYR,USA,61,0,0,0,0,0.0,0.0,-4.118032786885246,238,67,229,-4.550778330839811,2026-02-25T14:48:53.541Z
2025-07-01,FRA,SYR,19,0,0,0,0,0.0,0.0,3.036842105263158,36,19,36,-2.1494287617559373,2026-02-25T14:48:53.541Z
2025-07-01,SYR,CHN,3,0,0,0,0,0.0,0.0,8.0,8,3,8,-3.1582054309327,2026-02-25T14:48:53.541Z
2025-07-01,KOR,PSE,2,0,0,0,0,0.0,0.0,-4.0,6,2,6,-1.98598130841122,2026-02-25T14:48:53.541Z
2025-07-01,TUR,GBR,10,0,0,0,0,0.0,0.0,0.38999999999999985,34,10,34,-4.374992883900828,2026-02-25T14:48:53.541Z
2025-07-01,FRA,VEN,1,0,0,0,0,0.0,0.0,2.8,4,1,4,-4.8480463096961,2026-02-25T14:48:53.541Z
2025-07-01,EGY,CHN,9,0,0,0,0,0.0,0.0,6.0,20,9,20,2.262856516867009,2026-02-25T14:48:53.541Z
2025-07-01,MEX,ISR,9,0,0,0,1,0.1111111111111111,0.0,-0.4444444444444444,24,9,24,-10.1412066752247,2026-02-25T14:48:53.541Z
2025-07-01,EGY,ISR,52,4,0,0,0,0.0,0.0,0.21153846153846126,156,52,156,-3.6050746865628747,2026-02-25T14:48:53.541Z
2025-07-01,EGY,ETH,6,0,0,0,0,0.0,0.0,0.5,22,6,22,-4.405359938517383,2026-02-25T14:48:53.541Z
2025-07-01,KOR,GBR,13,0,0,0,0,0.0,0.0,1.7384615384615385,116,58,116,0.16006148950177457,2026-02-25T14:48:53.541Z
2025-07-01,MEX,PSE,1,0,0,0,0,0.0,0.0,4.0,4,1,4,-1.72413793103449,2026-02-25T14:48:53.541Z
2025-07-01,CHN,KOR,19,0,0,0,0,0.0,0.0,3.1894736842105256,88,21,88,-0.09012814277067041,2026-02-25T14:48:53.541Z
2025-07-01,RUS,ISR,22,3,0,0,0,0.0,0.0,0.3409090909090909,69,25,69,-3.335233807635765,2026-02-25T14:48:53.541Z
2025-07-01,SYR,SYR,53,5,2,4,2,0.1509433962264151,0.7547169811320754,0.3490566037735848,200,59,200,-2.545905195776329,2026-02-25T14:48:53.541Z
2025-07-01,CHN,DEU,10,2,0,0,0,0.0,0.0,-0.1,42,10,42,1.9124591152748287,2026-02-25T14:48:53.541Z
2025-07-01,IRN,FRA,19,0,0,0,1,0.05263157894736842,0.0,4.552631578947368,70,19,70,-2.541240793149791,2026-02-25T14:48:53.541Z
2025-07-01,USA,VEN,34,0,1,0,0,0.029411764705882353,0.0,3.255882352941176,81,34,81,-4.695444454430339,2026-02-25T14:48:53.541Z
2025-07-01,CHN,PSE,7,0,0,0,0,0.0,0.0,0.8142857142857142,32,7,30,-0.3883345745622943,2026-02-25T14:48:53.541Z
2025-07-01,TWN,GBR,4,0,0,0,0,0.0,0.0,2.5749999999999997,12,4,12,-0.4080664219629926,2026-02-25T14:48:53.541Z
2025-07-01,ISR,PAK,8,0,0,0,0,0.0,0.0,-4.300000000000001,15,8,15,-0.7896799923219775,2026-02-25T14:48:53.541Z
2025-07-01,FRA,BRA,6,0,0,0,0,0.0,0.0,2.3499999999999996,13,6,13,-0.39135176749856004,2026-02-25T14:48:53.541Z
2025-07-01,SYR,TUR,16,0,0,0,0,0.0,0.0,4.5625,64,16,64,-1.7945666759300505,2026-02-25T14:48:53.541Z
2025-07-01,TWN,USA,38,0,0,0,0,0.0,0.0,2.655263157894737,197,52,197,-0.8573975748628573,2026-02-25T14:48:53.541Z
2025-07-01,IND,PAK,41,0,0,0,0,0.0,0.0,-0.9609756097560973,89,41,89,-4.472534981045718,2026-02-25T14:48:53.541Z
2025-07-01,USA,COD,14,0,0,0,0,0.0,0.0,6.5,45,17,45,-3.2514790300427423,2026-02-25T14:48:53.541Z
2025-07-01,USA,PRK,19,0,0,0,0,0.0,0.0,3.621052631578947,38,19,37,-0.1670455153856511,2026-02-25T14:48:53.541Z
2025-07-01,SYR,DEU,2,0,0,0,0,0.0,0.0,7.0,10,2,10,-6.90721649484536,2026-02-25T14:48:53.541Z
2025-07-01,TWN,TWN,23,0,0,0,0,0.0,0.0,1.0521739130434784,116,23,116,-1.2733848213835857,2026-02-25T14:48:53.541Z
2025-07-01,GBR,BRA,7,0,0,0,0,0.0,0.0,1.0428571428571427,13,7,13,-1.995795577250046,2026-02-25T14:48:53.541Z
2025-07-01,PRK,IRN,5,0,0,0,0,0.0,0.0,6.6,18,5,18,1.02827763496144,2026-02-25T14:48:53.541Z
2025-07-01,VEN,USA,52,0,1,0,0,0.019230769230769232,0.0,1.1115384615384614,132,57,132,-5.36205505689122,2026-02-25T14:48:53.541Z
2025-07-01,KOR,ISR,2,0,0,0,0,0.0,0.0,-4.0,4,2,4,-1.98598130841122,2026-02-25T14:48:53.541Z
2025-07-01,KOR,CHN,20,0,0,0,0,0.0,0.0,3.8199999999999994,79,20,79,1.029985705304321,2026-02-25T14:48:53.541Z
2025-07-01,USA,USA,4516,144,89,48,48,0.040965456155890166,5.899025686448184,0.5114703277236583,14106,4830,13948,-2.5057981861154235,2026-02-25T14:48:53.541Z
2025-07-01,FRA,PSE,185,4,0,2,3,0.02702702702702703,0.10810810810810811,2.364864864864863,462,187,462,-2.7779892317670565,2026-02-25T14:48:53.541Z
2025-07-01,ETH,DEU,3,0,0,0,0,0.0,0.0,2.2666666666666666,5,3,5,4.3810806765454595,2026-02-25T14:48:53.541Z
2025-07-01,EGY,PAK,20,0,0,0,1,0.05,0.0,3.88,67,20,67,0.7198472078775161,2026-02-25T14:48:53.541Z
2025-07-01,DEU,CHN,14,0,4,0,2,0.42857142857142855,0.0,0.7428571428571428,39,14,39,-2.0743154593294713,2026-02-25T14:48:53.541Z
2025-07-01,GBR,IND,10,0,0,1,0,0.1,0.0,-0.9800000000000001,29,10,29,-0.2590796417097242,2026-02-25T14:48:53.541Z
2025-07-01,RWA,USA,8,0,0,0,0,0.0,0.0,2.875,25,9,25,-2.6674040023003625,2026-02-25T14:48:53.541Z
2025-07-01,GBR,ISR,227,12,0,0,0,0.0,0.0,1.5511013215859024,691,242,690,-3.397225379347318,2026-02-25T14:48:53.541Z
2025-07-01,CHN,GBR,24,0,0,0,0,0.0,0.0,4.733333333333333,59,28,59,-2.459234454841285,2026-02-25T14:48:53.541Z
2025-07-01,ARG,CHN,2,0,0,0,0,0.0,0.0,6.2,10,2,10,-1.88118811881188,2026-02-25T14:48:53.541Z
2025-07-01,DEU,SYR,3,0,0,0,0,0.0,0.0,-8.333333333333334,10,3,10,-4.31266846361186,2026-02-25T14:48:53.541Z
2025-07-01,FRA,GBR,155,3,1,1,1,0.01935483870967742,0.05806451612903226,3.1690322580645156,482,181,478,-2.697764067825118,2026-02-25T14:48:53.541Z
2025-07-01,IRN,IND,4,0,0,0,0,0.0,0.0,2.125,34,6,34,-1.062373955632385,2026-02-25T14:48:53.541Z
2025-07-01,MEX,BRA,3,0,0,0,0,0.0,0.0,5.466666666666666,5,3,5,0.24120759414877,2026-02-25T14:48:53.541Z
2025-07-01,CHN,SYR,9,0,0,0,0,0.0,0.0,3.366666666666667,26,9,26,-3.0989065122308133,2026-02-25T14:48:53.541Z
2025-07-01,BRA,GBR,6,0,0,0,0,0.0,0.0,2.033333333333333,13,6,13,-0.9185707418167217,2026-02-25T14:48:53.541Z
2025-07-01,CHN,EGY,13,0,0,0,0,0.0,0.0,4.923076923076923,39,13,39,2.070651574831525,2026-02-25T14:48:53.541Z
2025-07-01,SYR,PSE,10,0,0,0,0,0.0,0.0,1.15,13,10,13,-4.964633588083592,2026-02-25T14:48:53.541Z
2025-07-01,FRA,DEU,39,0,0,0,0,0.0,0.0,4.205128205128205,107,42,107,-2.3724143414097076,2026-02-25T14:48:53.541Z
2025-07-01,MEX,MEX,47,4,0,0,1,0.02127659574468085,0.0851063829787234,-0.22978723404255327,165,53,165,-2.711446892420189,2026-02-25T14:48:53.541Z
2025-07-01,ISR,SYR,113,3,0,0,0,0.0,0.0,0.33716814159292025,414,119,406,-3.6107845256330124,2026-02-25T14:48:53.541Z
2025-07-01,GBR,GBR,430,25,12,2,3,0.03953488372093023,0.9883720930232558,0.9374418604651165,1378,447,1333,-2.007336892056548,2026-02-25T14:48:53.541Z
2025-07-01,CHN,TWN,39,0,0,0,0,0.0,0.0,0.7025641025641022,153,39,153,-0.8071379904093967,2026-02-25T14:48:53.541Z
2025-07-01,DEU,ISR,164,30,5,0,0,0.03048780487804878,0.9146341463414633,0.015243902439024336,487,183,487,-3.5235151113189827,2026-02-25T14:48:53.541Z
2025-07-01,IRN,DEU,22,0,0,0,0,0.0,0.0,4.681818181818182,87,22,87,-1.8841876899074677,2026-02-25T14:48:53.541Z
2025-07-01,USA,ARG,17,3,0,0,0,0.0,0.0,1.4176470588235295,82,26,82,0.09104176588416296,2026-02-25T14:48:53.541Z
2025-07-01,CHN,BRA,14,3,0,0,0,0.0,0.0,2.6571428571428575,63,14,55,-2.908080069224872,2026-02-25T14:48:53.541Z
2025-07-01,PAK,RUS,10,0,0,0,0,0.0,0.0,4.64,78,10,76,1.628303234005412,2026-02-25T14:48:53.541Z
2025-07-01,EGY,GBR,16,0,0,0,0,0.0,0.0,2.1562499999999996,64,16,64,-0.2865619805413807,2026-02-25T14:48:53.541Z
2025-07-01,PAK,PRK,7,0,0,0,0,0.0,0.0,2.3285714285714287,30,7,30,1.02827763496144,2026-02-25T14:48:53.541Z
2025-07-01,PAK,IRN,36,0,0,0,0,0.0,0.0,1.205555555555555,155,36,150,-0.21014761414810001,2026-02-25T14:48:53.541Z
2025-07-01,TUR,FRA,1,0,0,0,0,0.0,0.0,0.0,10,1,10,6.9582504970179,2026-02-25T14:48:53.541Z
2025-07-01,DEU,PSE,51,8,0,0,0,0.0,0.0,-0.4862745098039217,120,51,120,-2.3224757874951054,2026-02-25T14:48:53.541Z
2025-07-01,RUS,FRA,5,0,0,0,0,0.0,0.0,1.6799999999999997,14,5,14,-0.2518499360604659,2026-02-25T14:48:53.541Z
2025-07-01,KOR,KOR,98,1,5,0,0,0.05102040816326531,0.05102040816326531,2.443877551020409,319,104,300,0.5737120317198248,2026-02-25T14:48:53.541Z
2025-07-01,IRN,PSE,7,0,0,0,0,0.0,0.0,3.2428571428571433,37,7,34,-3.906793812451107,2026-02-25T14:48:53.541Z
2025-07-01,PSE,PSE,156,6,2,1,1,0.02564102564102564,0.15384615384615385,-0.6749999999999998,488,159,483,-4.646842878558618,2026-02-25T14:48:53.541Z
2025-07-01,RUS,IRN,20,0,0,0,0,0.0,0.0,1.56,77,20,75,-3.3399100190303352,2026-02-25T14:48:53.541Z
2025-07-01,IND,UKR,2,0,0,0,0,0.0,0.0,-10.0,3,2,3,-2.40343347639485,2026-02-25T14:48:53.541Z
2025-07-01,ISR,IRN,101,9,0,0,0,0.0,0.0,-0.8495049504950496,327,102,313,-4.318151347850676,2026-02-25T14:48:53.541Z
2025-07-01,PAK,PAK,196,9,11,0,5,0.08163265306122448,0.7346938775510203,0.21224489795918342,580,212,578,-2.6949331706007227,2026-02-25T14:48:53.541Z
2025-07-01,TUR,SYR,46,0,0,0,0,0.0,0.0,1.3434782608695652,130,46,130,-2.1774361335183183,2026-02-25T14:48:53.541Z
2025-07-01,KOR,PAK,5,0,0,0,0,0.0,0.0,1.0,5,5,5,-0.04089220471846,2026-02-25T14:48:53.541Z
2025-07-01,ISR,UKR,9,2,0,0,0,0.0,0.0,-2.9555555555555557,15,9,15,-3.0521980672583107,2026-02-25T14:48:53.541Z
2025-07-01,RUS,IND,16,0,0,0,0,0.0,0.0,2.7875,64,18,64,-2.369048017189548,2026-02-25T14:48:53.541Z
2025-07-01,TUR,USA,14,3,0,0,0,0.0,0.0,-1.8785714285714286,76,14,76,-2.657991854592861,2026-02-25T14:48:53.541Z
2025-07-01,IRN,IRN,103,10,2,1,0,0.02912621359223301,0.2912621359223301,-0.19805825242718467,313,108,305,-4.169245764012466,2026-02-25T14:48:53.541Z
2025-07-01,IRN,GBR,27,1,0,0,0,0.0,0.0,2.8666666666666663,83,27,83,-3.799493636026014,2026-02-25T14:48:53.541Z
2025-07-01,USA,MEX,170,3,2,2,0,0.023529411764705882,0.07058823529411765,1.750000000000001,532,176,530,-1.777964660002345,2026-02-25T14:48:53.541Z
2025-07-01,PSE,EGY,13,4,0,0,0,0.0,0.0,-2.4230769230769234,40,13,40,-4.0058356774763695,2026-02-25T14:48:53.541Z
2025-07-01,GBR,CHN,28,0,0,0,0,0.0,0.0,2.6607142857142856,81,32,81,-1.7553189669566513,2026-02-25T14:48:53.541Z
2025-07-01,ISR,TUR,2,0,0,0,0,0.0,0.0,4.45,20,2,20,-5.304242999150215,2026-02-25T14:48:53.541Z
2025-07-01,TWN,CHN,40,0,0,0,0,0.0,0.0,0.5424999999999998,139,40,137,-0.7136951997479709,2026-02-25T14:48:53.541Z
2025-07-01,FRA,UKR,14,0,0,0,0,0.0,0.0,-1.1714285714285713,39,14,39,-5.533104788583363,2026-02-25T14:48:53.541Z
2025-07-01,IRN,PRK,2,0,0,0,0,0.0,0.0,3.4,10,2,10,1.02827763496144,2026-02-25T14:48:53.541Z
2025-07-01,FRA,TUR,2,0,0,0,0,0.0,0.0,3.0,2,2,2,4.3421052631579,2026-02-25T14:48:53.541Z
2025-07-01,PRK,CHN,17,3,0,0,0,0.0,0.0,1.2058823529411764,44,17,44,-0.07388804287215119,2026-02-25T14:48:53.541Z
2025-07-01,CHN,USA,328,20,2,0,13,0.04573170731707317,0.9146341463414633,2.228353658536584,1339,351,1309,-1.3169836065477005,2026-02-25T14:48:53.541Z
2025-07-01,IND,RUS,21,0,0,0,0,0.0,0.0,-0.20476190476190498,80,23,80,-4.050537739704517,2026-02-25T14:48:53.541Z
2025-07-01,DEU,DEU,48,3,1,0,0,0.020833333333333332,0.0625,1.3791666666666664,127,49,127,-0.5655827501091665,2026-02-25T14:48:53.541Z
2025-07-01,RUS,PAK,13,0,0,0,0,0.0,0.0,5.538461538461538,54,13,52,1.2920667265981332,2026-02-25T14:48:53.541Z
2025-07-01,PAK,TUR,5,0,0,0,0,0.0,0.0,6.4,14,5,14,-0.6930842062420981,2026-02-25T14:48:53.541Z
2025-07-01,TUR,IRN,8,0,0,0,0,0.0,0.0,2.425,36,8,36,-2.461373266148845,2026-02-25T14:48:53.541Z
2025-07-01,IRN,RUS,35,4,0,0,0,0.0,0.0,1.8828571428571426,97,35,97,-2.4176354790215195,2026-02-25T14:48:53.541Z
2025-07-01,IND,IRN,11,0,0,0,0,0.0,0.0,0.18181818181818182,86,23,86,-2.1736726838655662,2026-02-25T14:48:53.541Z
2025-07-01,GBR,ETH,1,1,0,0,0,0.0,0.0,-6.5,1,1,1,-7.72727272727272,2026-02-25T14:48:53.541Z
2025-07-01,FRA,IRN,44,3,2,0,0,0.045454545454545456,0.13636363636363635,1.8090909090909089,143,44,143,-4.110506061100966,2026-02-25T14:48:53.541Z
2025-07-01,FRA,FRA,152,8,1,3,4,0.05263157894736842,0.42105263157894735,0.49342105263157887,416,164,412,-1.3196449344863665,2026-02-25T14:48:53.541Z
2025-07-01,PSE,GBR,103,6,0,3,0,0.02912621359223301,0.17475728155339806,1.6271844660194177,255,107,255,-3.153616707838001,2026-02-25T14:48:53.541Z
2025-07-01,GBR,PAK,11,4,0,0,0,0.0,0.0,-1.9454545454545453,26,11,26,-2.8050295334376667,2026-02-25T14:48:53.541Z
2025-07-01,KOR,TWN,8,0,0,0,0,0.0,0.0,2.6499999999999995,26,8,26,0.28382468071183886,2026-02-25T14:48:53.541Z
2025-07-01,PRK,KOR,12,0,0,0,0,0.0,0.0,1.325,46,12,46,0.07115910336331492,2026-02-25T14:48:53.541Z
2025-07-01,SYR,ISR,87,0,0,0,0,0.0,0.0,0.7172413793103447,342,99,342,-3.8506014225468945,2026-02-25T14:48:53.541Z
2025-07-01,DEU,UKR,11,0,0,0,0,0.0,0.0,4.8,25,12,25,-1.6631505410003846,2026-02-25T14:48:53.541Z
2025-07-01,USA,TWN,23,0,0,0,0,0.0,0.0,2.4826086956521736,143,32,143,-0.8665936111119705,2026-02-25T14:48:53.541Z
2025-07-01,DEU,USA,57,1,0,0,0,0.0,0.0,2.0824561403508777,225,63,219,-2.422511459821243,2026-02-25T14:48:53.541Z
2025-07-01,MEX,CHN,4,0,0,0,0,0.0,0.0,6.199999999999999,14,4,14,-6.289493946474085,2026-02-25T14:48:53.541Z
2025-07-01,IRN,USA,108,6,0,0,0,0.0,0.0,0.6324074074074072,376,111,369,-4.457724859828526,2026-02-25T14:48:53.541Z
2025-07-01,RUS,KOR,5,0,0,0,0,0.0,0.0,6.4,8,5,8,1.274878553478654,2026-02-25T14:48:53.541Z
2025-07-01,CHN,FRA,3,0,0,0,0,0.0,0.0,-1.3333333333333333,9,3,9,-0.43537808641975334,2026-02-25T14:48:53.541Z
2025-07-01,USA,GBR,287,8,4,2,0,0.020905923344947737,0.1672473867595819,1.6439024390243895,1038,310,1000,-1.4795860675539239,2026-02-25T14:48:53.541Z
2025-07-01,PAK,CHN,37,0,0,0,0,0.0,0.0,1.832432432432432,116,37,115,0.5392732143901229,2026-02-25T14:48:53.541Z
2025-07-01,GBR,KOR,6,0,0,0,0,0.0,0.0,3.033333333333333,58,33,58,-0.4313973498892903,2026-02-25T14:48:53.541Z
2025-07-01,UKR,UKR,165,5,2,3,1,0.03636363636363636,0.18181818181818182,-0.45515151515151503,418,166,414,-4.038591792983887,2026-02-25T14:48:53.541Z
2025-07-01,CHN,PAK,25,2,0,0,0,0.0,0.0,0.644,75,25,75,1.4543680194541349,2026-02-25T14:48:53.541Z
2025-07-01,USA,SYR,39,0,0,0,0,0.0,0.0,3.2487179487179496,121,39,121,-3.5814993894187874,2026-02-25T14:48:53.541Z
2025-07-01,USA,TUR,8,0,0,0,0,0.0,0.0,0.23750000000000004,31,8,31,-2.337619903879157,2026-02-25T14:48:53.541Z
2025-07-01,ISR,BRA,2,0,0,0,0,0.0,0.0,-5.0,2,2,2,-11.6279069767442,2026-02-25T14:48:53.541Z
2025-07-01,USA,RUS,291,33,10,1,3,0.048109965635738834,1.5876288659793816,0.17216494845360858,1111,315,1097,-3.502444291492981,2026-02-25T14:48:53.541Z
2025-07-01,PAK,KOR,5,0,0,0,0,0.0,0.0,1.0,5,5,5,-0.04089220471845998,2026-02-25T14:48:53.541Z
2025-07-01,SYR,GBR,24,0,0,0,0,0.0,0.0,-6.133333333333333,33,24,33,-6.958769828109514,2026-02-25T14:48:53.541Z
2025-07-01,TUR,RUS,17,0,0,0,0,0.0,0.0,-0.0352941176470587,53,17,53,-2.2905666496743233,2026-02-25T14:48:53.541Z
2025-07-01,ETH,PAK,2,0,0,0,0,0.0,0.0,7.0,10,2,10,3.98406374501992,2026-02-25T14:48:53.541Z
2025-07-01,KOR,BRA,2,0,0,0,0,0.0,0.0,-6.0,4,2,4,-0.72115384615385,2026-02-25T14:48:53.541Z
2025-07-01,RWA,COD,24,0,0,0,0,0.0,0.0,7.125,93,29,93,-2.414805338250242,2026-02-25T14:48:53.541Z
2025-07-01,IND,ISR,2,0,0,0,0,0.0,0.0,1.9,4,2,4,-2.55009107468124,2026-02-25T14:48:53.541Z
2025-07-01,BRA,PAK,4,4,0,0,0,0.0,0.0,-6.5,10,4,10,-0.1887682869278,2026-02-25T14:48:53.541Z
2025-07-01,GBR,IRN,56,6,0,3,0,0.05357142857142857,0.3214285714285714,-0.07499999999999989,180,58,180,-5.4904999915174955,2026-02-25T14:48:53.541Z
2025-07-01,UKR,USA,148,6,7,0,0,0.0472972972972973,0.28378378378378377,0.6851351351351356,408,163,408,-2.966599398976264,2026-02-25T14:48:53.541Z
2025-07-01,CHN,ISR,8,0,0,0,0,0.0,0.0,1.5999999999999999,26,8,26,-1.9542259438859564,2026-02-25T14:48:53.541Z
2025-07-01,UKR,GBR,9,0,0,0,0,0.0,0.0,-2.4222222222222225,28,9,28,-2.8016343432986504,2026-02-25T14:48:53.541Z
2025-07-01,GBR,EGY,2,0,0,0,0,0.0,0.0,2.8,8,2,8,-3.86965376782077,2026-02-25T14:48:53.541Z
2025-07-01,RWA,GBR,1,0,0,0,0,0.0,0.0,-9.5,4,1,4,-7.83783783783784,2026-02-25T14:48:53.541Z
2025-07-01,FRA,USA,128,2,1,0,2,0.0234375,0.046875,1.4734375000000013,471,135,469,-1.180005174479303,2026-02-25T14:48:53.541Z
2025-07-01,ERI,RUS,2,0,0,0,0,0.0,0.0,-4.0,4,2,4,0.35971223021583,2026-02-25T14:48:53.541Z
2025-07-01,PSE,DEU,21,0,0,0,0,0.0,0.0,0.14761904761904765,34,21,34,-2.5703679465844993,2026-02-25T14:48:53.541Z
2025-07-01,RUS,CHN,52,7,1,0,0,0.019230769230769232,0.13461538461538464,2.1653846153846152,134,52,134,-1.702539168392749,2026-02-25T14:48:53.541Z
2025-07-01,USA,BRA,109,15,5,1,0,0.05504587155963303,0.8256880733944955,-0.23302752293577983,373,118,373,-3.1120934834259515,2026-02-25T14:48:53.541Z
2025-07-01,USA,PSE,340,19,0,0,6,0.01764705882352941,0.3352941176470588,-0.18264705882352944,965,347,965,-3.860373089349004,2026-02-25T14:48:53.541Z
2025-07-01,IND,MEX,1,0,0,0,0,0.0,0.0,-5.0,5,1,5,-6.03693181818182,2026-02-25T14:48:53.541Z
2025-07-01,UKR,RUS,592,55,2,2,0,0.006756756756756757,0.37162162162162166,-0.9885135135135132,1970,636,1954,-3.950959637098291,2026-02-25T14:48:53.541Z
2025-07-01,UKR,FRA,10,0,0,0,0,0.0,0.0,-0.2999999999999999,23,10,23,-3.8247780765657304,2026-02-25T14:48:53.541Z
2025-07-01,COD,COD,4,0,0,0,0,0.0,0.0,7.75,14,4,14,-6.222851380701206,2026-02-25T14:48:53.541Z
2025-07-01,ETH,ISR,4,0,0,0,0,0.0,0.0,4.2,9,4,9,-0.19607843137255,2026-02-25T14:48:53.541Z
2025-07-01,PAK,IND,36,3,0,0,0,0.0,0.0,-0.3277777777777777,73,36,73,-1.6222959352548656,2026-02-25T14:48:53.541Z
2025-07-01,TUR,TUR,31,0,1,0,0,0.03225806451612903,0.0,0.10645161290322577,104,32,100,-1.986885039683244,2026-02-25T14:48:53.541Z
2025-07-01,ISR,ETH,7,0,0,0,0,0.0,0.0,5.799999999999999,17,7,17,-0.19607843137254996,2026-02-25T14:48:53.541Z
2025-07-01,TWN,ISR,6,0,0,0,0,0.0,0.0,3.3333333333333335,27,6,27,2.82028351881293,2026-02-25T14:48:53.541Z
2025-07-01,KOR,EGY,6,0,0,0,0,0.0,0.0,2.5,6,6,6,4.48275862068965,2026-02-25T14:48:53.541Z
2025-07-01,USA,CHN,369,7,3,8,1,0.032520325203252036,0.22764227642276424,1.9439024390243902,1596,393,1570,-1.6291608553184547,2026-02-25T14:48:53.541Z
2025-07-01,CHN,IRN,16,0,0,0,0,0.0,0.0,0.8062500000000001,50,16,50,-1.132902675660402,2026-02-25T14:48:53.541Z
2025-07-01,ARG,ARG,14,0,0,0,0,0.0,0.0,2.6785714285714284,48,14,48,-0.5499231366351571,2026-02-25T14:48:53.541Z
2025-07-01,ETH,EGY,5,0,0,0,0,0.0,0.0,0.4,20,5,20,-5.3670770875111815,2026-02-25T14:48:53.541Z
2025-07-01,IRN,ISR,123,3,2,0,0,0.016260162601626018,0.04878048780487805,-1.4560975609756095,365,124,358,-4.751959758122971,2026-02-25T14:48:53.541Z
2025-07-01,EGY,SYR,1,0,0,0,0,0.0,0.0,-9.5,1,1,1,-5.31670495569412,2026-02-25T14:48:53.541Z
2025-07-01,RUS,BRA,4,0,0,0,0,0.0,0.0,1.45,7,4,7,-2.363427567284275,2026-02-25T14:48:53.541Z
2025-07-01,RUS,PSE,2,0,0,0,0,0.0,0.0,5.0,9,2,9,-1.944333549578325,2026-02-25T14:48:53.541Z
2025-07-01,TUR,ISR,16,4,1,0,0,0.0625,0.25,1.3,78,16,78,-2.0030755333719625,2026-02-25T14:48:53.541Z
2025-07-01,RUS,SYR,75,3,2,0,2,0.05333333333333334,0.16,1.5306666666666666,334,81,318,-1.632753984379801,2026-02-25T14:48:53.541Z
2025-07-01,CHN,CHN,216,2,7,2,2,0.05092592592592592,0.10185185185185185,2.406018518518519,791,239,749,-0.30058071090252764,2026-02-25T14:48:53.541Z
2025-07-01,PAK,EGY,15,0,0,0,0,0.0,0.0,2.9066666666666663,52,15,52,0.6993639383732101,2026-02-25T14:48:53.541Z
2025-07-01,USA,EGY,38,0,0,0,0,0.0,0.0,1.5763157894736837,110,38,110,-1.7111933984232812,2026-02-25T14:48:53.541Z
2025-07-01,CHN,MEX,6,0,0,0,0,0.0,0.0,3.466666666666667,20,6,20,-6.373681322571507,2026-02-25T14:48:53.541Z
2025-07-01,DEU,RUS,15,0,0,0,0,0.0,0.0,0.21999999999999992,47,15,47,-2.1554429095020526,2026-02-25T14:48:53.541Z
2025-07-01,ETH,USA,1,0,0,0,0,0.0,0.0,3.4,6,1,5,5.03597122302158,2026-02-25T14:48:53.541Z
2025-07-01,ISR,PSE,874,50,1,0,24,0.028604118993135013,1.4302059496567507,-1.2843249427917638,2510,932,2489,-4.287021996009233,2026-02-25T14:48:53.541Z
2025-07-01,KOR,PRK,16,0,0,0,0,0.0,0.0,1.5875000000000001,44,16,44,0.3351966653541438,2026-02-25T14:48:53.541Z
2025-07-01,PSE,SYR,8,0,0,0,0,0.0,0.0,-1.2375,8,8,8,-5.532668472827024,2026-02-25T14:48:53.541Z
2025-07-01,EGY,FRA,8,0,0,0,0,0.0,0.0,4.5,20,8,20,-6.027870118767786,2026-02-25T14:48:53.541Z
2025-07-01,TUR,CHN,8,0,0,0,0,0.0,0.0,1.45,23,8,23,-0.37378809514862515,2026-02-25T14:48:53.541Z
2025-07-01,RUS,GBR,24,2,0,0,0,0.0,0.0,0.19166666666666665,50,24,50,-3.1320286019145414,2026-02-25T14:48:53.541Z
2025-07-01,VEN,ISR,4,0,0,0,0,0.0,0.0,-3.0,20,4,20,-2.28658536585365,2026-02-25T14:48:53.541Z
2025-07-01,RUS,RUS,269,43,15,6,5,0.09665427509293681,4.156133828996283,-0.7944237918215611,936,286,908,-3.7744420642319234,2026-02-25T14:48:53.541Z
2025-07-01,DEU,IRN,44,3,0,0,0,0.0,0.0,1.7068181818181818,161,44,161,-3.297966732645084,2026-02-25T14:48:53.541Z
2025-07-01,KOR,IND,4,0,0,0,0,0.0,0.0,1.7000000000000002,7,4,7,2.2345505065248026,2026-02-25T14:48:53.541Z
2025-07-01,IRN,TUR,8,0,0,0,0,0.0,0.0,4.625,25,8,25,0.8124027382562812,2026-02-25T14:48:53.541Z
2025-07-01,BRA,MEX,5,0,0,0,0,0.0,0.0,1.6800000000000002,10,5,10,1.184640522875818,2026-02-25T14:48:53.541Z
2025-07-01,CHN,TUR,6,0,0,0,0,0.0,0.0,3.1999999999999997,15,6,15,-0.06360151816918003,2026-02-25T14:48:53.541Z
2025-07-01,ARG,MEX,1,0,0,0,0,0.0,0.0,4.0,10,1,10,0.94339622641509,2026-02-25T14:48:53.541Z
2025-07-01,GBR,TWN,4,0,0,0,0,0.0,0.0,2.125,12,4,12,-0.4080664219629926,2026-02-25T14:48:53.541Z
2025-07-01,BRA,CHN,19,0,0,0,0,0.0,0.0,1.8052631578947367,83,19,75,-1.4683792295295892,2026-02-25T14:48:53.541Z
2025-07-01,USA,IND,89,1,2,2,0,0.0449438202247191,0.0449438202247191,1.1303370786516858,239,90,239,-1.5072238392973305,2026-02-25T14:48:53.541Z
2025-07-01,BRA,USA,93,2,4,0,0,0.043010752688172046,0.08602150537634409,1.482795698924732,304,95,304,-3.8117176816713547,2026-02-25T14:48:53.541Z
2025-07-01,USA,ISR,582,32,3,2,3,0.013745704467353952,0.43986254295532645,0.49536082474226883,1782,618,1774,-3.590781256300564,2026-02-25T14:48:53.541Z
2025-07-01,CHN,IND,13,0,0,0,0,0.0,0.0,2.9076923076923076,58,19,54,-1.5879052356226144,2026-02-25T14:48:53.541Z
2025-07-01,KOR,FRA,1,0,0,0,0,0.0,0.0,0.4,7,1,7,-3.38680926916221,2026-02-25T14:48:53.541Z
2025-07-01,PSE,UKR,3,0,0,0,0,0.0,0.0,3.4,6,3,6,-5.05952380952381,2026-02-25T14:48:53.541Z
2025-07-01,KOR,RUS,3,0,0,0,0,0.0,0.0,7.0,5,3,5,1.8500812898181636,2026-02-25T14:48:53.541Z
2025-07-01,PAK,USA,107,2,2,1,0,0.028037383177570093,0.056074766355140186,2.8046728971962613,445,123,418,-0.067980599835646,2026-02-25T14:48:53.541Z
2025-07-01,DEU,PAK,1,0,0,0,0,0.0,0.0,3.4,2,1,2,-6.77655677655677,2026-02-25T14:48:53.541Z
2025-07-01,ISR,EGY,11,1,0,0,0,0.0,0.0,-0.4090909090909091,24,11,24,-2.547096166614734,2026-02-25T14:48:53.541Z
2025-07-01,KOR,TUR,2,0,0,0,0,0.0,0.0,0.4,8,2,8,-2.21518987341773,2026-02-25T14:48:53.541Z
2025-07-01,UKR,ISR,11,0,0,0,0,0.0,0.0,-3.1454545454545455,19,11,19,-3.713977916421207,2026-02-25T14:48:53.541Z
2025-07-01,UKR,CHN,6,0,0,0,0,0.0,0.0,-0.3333333333333333,6,6,6,-0.6969836727795035,2026-02-25T14:48:53.541Z
2025-07-01,PSE,CHN,1,0,0,0,0,0.0,0.0,3.4,10,1,10,2.89855072463768,2026-02-25T14:48:53.541Z
2025-07-01,ARG,RUS,3,0,0,0,1,0.3333333333333333,0.0,3.4,13,3,13,-2.58823529411764,2026-02-25T14:48:53.541Z
2025-07-01,USA,ETH,1,0,0,0,0,0.0,0.0,3.4,8,1,8,5.03597122302158,2026-02-25T14:48:53.541Z
2025-07-01,UKR,TUR,16,0,0,0,0,0.0,0.0,0.25625,37,16,37,-1.8465929143997104,2026-02-25T14:48:53.541Z
2025-07-01,COD,RWA,21,0,0,0,0,0.0,0.0,5.20952380952381,77,24,77,-1.0857832477556062,2026-02-25T14:48:53.541Z
2025-07-01,PAK,ETH,4,0,0,0,0,0.0,0.0,4.3,16,4,16,5.134889015367105,2026-02-25T14:48:53.541Z
2025-07-01,DEU,EGY,1,1,0,0,0,0.0,0.0,-5.0,2,1,2,-3.92464678178964,2026-02-25T14:48:53.541Z
2025-07-01,MEX,GBR,1,0,0,0,0,0.0,0.0,7.0,2,1,2,4.52674897119342,2026-02-25T14:48:53.541Z
2025-07-01,GBR,MEX,1,0,0,0,0,0.0,0.0,7.0,2,1,2,4.52674897119342,2026-02-25T14:48:53.541Z
2025-07-01,ETH,GBR,2,0,0,0,0,0.0,0.0,-6.5,12,2,12,-4.54545454545454,2026-02-25T14:48:53.541Z
2025-07-01,PRK,UKR,4,0,0,0,0,0.0,0.0,-2.0,16,4,16,-4.881169691112779,2026-02-25T14:48:53.541Z
2025-07-01,KOR,UKR,1,0,0,0,0,0.0,0.0,3.4,2,1,2,2.50696378830084,2026-02-25T14:48:53.541Z
2025-07-01,VEN,MEX,2,0,0,0,0,0.0,0.0,3.4,2,2,2,-6.16929698708752,2026-02-25T14:48:53.541Z
2025-08-01,KOR,RUS,2,0,0,0,0,0.0,0.0,8.3,5,2,5,-0.96385542168674,2026-02-25T15:03:43.356Z
2025-08-01,EGY,GBR,7,3,1,0,0,0.14285714285714285,0.42857142857142855,-4.5,14,7,14,-6.060536157623547,2026-02-25T15:03:43.356Z
2025-08-01,TUR,CHN,45,3,2,0,3,0.1111111111111111,0.3333333333333333,2.3511111111111114,130,47,130,0.5759475487175704,2026-02-25T15:03:43.356Z
2025-08-01,TUR,PAK,16,0,0,0,0,0.0,0.0,2.4374999999999996,32,16,32,-2.2347706302624997,2026-02-25T15:03:43.356Z
2025-08-01,UKR,FRA,10,0,1,0,0,0.1,0.0,2.68,28,10,28,-1.4763505528271679,2026-02-25T15:03:43.356Z
2025-08-01,EGY,EGY,21,3,0,0,0,0.0,0.0,0.7238095238095238,85,23,79,0.08710047177184144,2026-02-25T15:03:43.356Z
2025-08-01,DEU,PAK,5,0,0,0,0,0.0,0.0,-3.4,14,5,14,-5.216319212757434,2026-02-25T15:03:43.356Z
2025-08-01,MEX,CHN,13,0,0,0,0,0.0,0.0,1.2307692307692308,24,15,24,-1.5201805940736828,2026-02-25T15:03:43.356Z
2025-08-01,CHN,PAK,83,2,5,0,0,0.060240963855421686,0.12048192771084337,2.319277108433736,276,84,270,0.12220296141504904,2026-02-25T15:03:43.356Z
2025-08-01,MEX,VEN,3,0,0,0,0,0.0,0.0,3.4,10,3,10,-3.85185185185186,2026-02-25T15:03:43.356Z
2025-08-01,PAK,RUS,9,0,2,0,0,0.2222222222222222,0.0,2.0,24,9,24,0.4463785644389833,2026-02-25T15:03:43.356Z
2025-08-01,KOR,PRK,12,0,0,0,0,0.0,0.0,-0.9833333333333331,31,12,31,-1.9066953136936704,2026-02-25T15:03:43.356Z
2025-08-01,CHN,FRA,2,0,0,0,0,0.0,0.0,1.9,8,2,8,1.26050420168068,2026-02-25T15:03:43.356Z
2025-08-01,UKR,UKR,171,9,1,3,4,0.04678362573099415,0.42105263157894735,-1.8485380116959065,521,176,517,-3.8038416736993663,2026-02-25T15:03:43.356Z
2025-08-01,GBR,FRA,67,3,0,0,0,0.0,0.0,1.5611940298507463,181,68,181,-2.1356160817109395,2026-02-25T15:03:43.356Z
2025-08-01,FRA,FRA,92,3,1,0,1,0.021739130434782608,0.06521739130434782,0.759782608695652,368,99,368,-3.641625157209456,2026-02-25T15:03:43.356Z
2025-08-01,CHN,ETH,7,0,1,0,0,0.14285714285714285,0.0,5.485714285714286,17,7,17,2.33329759402669,2026-02-25T15:03:43.356Z
2025-08-01,IRN,ISR,52,1,0,0,0,0.0,0.0,-1.9115384615384614,176,52,173,-5.129288657919849,2026-02-25T15:03:43.356Z
2025-08-01,CHN,VEN,3,0,0,0,0,0.0,0.0,0.0,4,3,4,-1.18518518518518,2026-02-25T15:03:43.356Z
2025-08-01,IND,DEU,11,0,0,0,0,0.0,0.0,3.1,33,14,29,2.2234196141477938,2026-02-25T15:03:43.356Z
2025-08-01,IRN,TUR,17,0,4,0,0,0.23529411764705882,0.0,4.352941176470588,55,19,55,-2.7229429342426803,2026-02-25T15:03:43.356Z
2025-08-01,RUS,PRK,37,0,0,0,0,0.0,0.0,2.986486486486486,130,37,130,-1.3374251928552765,2026-02-25T15:03:43.356Z
2025-08-01,ARG,ARG,2,0,1,0,0,0.5,0.0,-0.1,2,2,2,-6.23376623376624,2026-02-25T15:03:43.356Z
2025-08-01,IRN,USA,26,0,0,0,0,0.0,0.0,0.08076923076923076,91,29,91,-3.9177013935224463,2026-02-25T15:03:43.356Z
2025-08-01,USA,TUR,6,0,0,0,0,0.0,0.0,-0.8333333333333334,11,6,11,-1.0151901905953864,2026-02-25T15:03:43.356Z
2025-08-01,UKR,SYR,1,0,0,0,0,0.0,0.0,-10.0,1,1,1,1.92102454642476,2026-02-25T15:03:43.356Z
2025-08-01,IND,RUS,23,0,0,0,0,0.0,0.0,0.6130434782608697,41,23,41,-1.477211517710866,2026-02-25T15:03:43.356Z
2025-08-01,TWN,CHN,11,1,0,0,0,0.0,0.0,1.6909090909090907,58,11,58,-0.20679674390403183,2026-02-25T15:03:43.356Z
2025-08-01,CHN,IRN,42,0,0,0,0,0.0,0.0,3.5333333333333337,133,44,133,-0.5926127948243334,2026-02-25T15:03:43.356Z
2025-08-01,UKR,GBR,3,0,0,0,0,0.0,0.0,5.6000000000000005,6,3,6,-1.8036676035657002,2026-02-25T15:03:43.356Z
2025-08-01,BRA,ISR,7,0,2,0,0,0.2857142857142857,0.0,2.0000000000000004,15,7,15,-3.525590389190462,2026-02-25T15:03:43.356Z
2025-08-01,GBR,ISR,42,0,0,0,0,0.0,0.0,2.604761904761905,163,46,161,-3.0243797335903557,2026-02-25T15:03:43.356Z
2025-08-01,RUS,FRA,15,0,0,0,0,0.0,0.0,2.7866666666666666,30,15,30,-1.3915741832634878,2026-02-25T15:03:43.356Z
2025-08-01,TUR,SYR,17,0,0,0,0,0.0,0.0,2.076470588235294,87,17,87,-1.9307561224785459,2026-02-25T15:03:43.356Z
2025-08-01,TWN,USA,16,0,0,0,0,0.0,0.0,3.6249999999999996,76,16,76,0.8700298274495487,2026-02-25T15:03:43.356Z
2025-08-01,USA,TWN,16,0,0,0,0,0.0,0.0,2.5124999999999997,58,16,58,1.9216796086253343,2026-02-25T15:03:43.356Z
2025-08-01,FRA,RUS,25,0,2,0,0,0.08,0.0,1.692,55,25,55,-1.9203759708426285,2026-02-25T15:03:43.356Z
2025-08-01,EGY,USA,4,0,0,0,0,0.0,0.0,1.725,22,4,22,-1.0043281472408325,2026-02-25T15:03:43.356Z
2025-08-01,MEX,USA,48,0,1,0,0,0.020833333333333332,0.0,0.4708333333333334,167,50,165,-2.8263137366279056,2026-02-25T15:03:43.356Z
2025-08-01,PAK,TUR,16,0,0,0,0,0.0,0.0,3.0624999999999996,29,16,29,0.0030267626597431097,2026-02-25T15:03:43.356Z
2025-08-01,CHN,EGY,22,0,0,0,0,0.0,0.0,3.3045454545454547,79,33,75,3.8228742194866627,2026-02-25T15:03:43.356Z
2025-08-01,DEU,IND,4,0,0,0,0,0.0,0.0,2.8,16,5,16,3.5477428022853172,2026-02-25T15:03:43.356Z
2025-08-01,CHN,KOR,12,2,0,0,0,0.0,0.0,0.3249999999999998,30,13,30,0.222066937055971,2026-02-25T15:03:43.356Z
2025-08-01,CHN,BRA,3,0,0,0,0,0.0,0.0,1.4666666666666668,15,3,15,0.3577517461365,2026-02-25T15:03:43.356Z
2025-08-01,PSE,ISR,338,23,0,6,0,0.01775147928994083,0.4082840236686391,-2.3674556213017763,962,355,957,-5.08419071686917,2026-02-25T15:03:43.356Z
2025-08-01,TUR,TUR,48,0,6,0,0,0.125,0.0,2.956250000000001,121,48,106,-0.6837397173766019,2026-02-25T15:03:43.356Z
2025-08-01,IRN,IRN,37,4,1,0,0,0.02702702702702703,0.10810810810810811,-0.5756756756756756,100,37,96,-3.2797975058708997,2026-02-25T15:03:43.356Z
2025-08-01,ISR,IRN,68,8,0,0,0,0.0,0.0,-2.676470588235295,265,70,257,-5.224557943711682,2026-02-25T15:03:43.356Z
2025-08-01,USA,IRN,14,0,0,0,0,0.0,0.0,2.2285714285714286,42,14,42,-5.10150738661846,2026-02-25T15:03:43.356Z
2025-08-01,BRA,USA,15,0,0,1,0,0.06666666666666667,0.0,0.9933333333333335,57,15,57,-1.7138175101919413,2026-02-25T15:03:43.356Z
2025-08-01,RUS,ETH,6,0,0,0,0,0.0,0.0,1.2666666666666666,20,6,20,-2.2178485761731896,2026-02-25T15:03:43.356Z
2025-08-01,ARG,USA,3,0,0,0,0,0.0,0.0,3.4,10,3,10,-1.79694519317161,2026-02-25T15:03:43.356Z
2025-08-01,USA,BRA,19,1,0,0,0,0.0,0.0,-2.6631578947368424,72,19,72,-1.9349734390967332,2026-02-25T15:03:43.356Z
2025-08-01,FRA,ISR,36,0,0,0,0,0.0,0.0,0.3277777777777777,100,36,100,-4.729479673734982,2026-02-25T15:03:43.356Z
2025-08-01,FRA,EGY,5,2,0,0,0,0.0,0.0,-2.6,30,5,30,-6.286609469708073,2026-02-25T15:03:43.356Z
2025-08-01,GBR,BRA,2,0,0,0,0,0.0,0.0,3.0,4,2,4,0.90909090909091,2026-02-25T15:03:43.356Z
2025-08-01,FRA,MEX,7,0,0,0,0,0.0,0.0,2.542857142857143,15,8,15,-0.8303704665239428,2026-02-25T15:03:43.356Z
2025-08-01,GBR,DEU,50,3,0,0,0,0.0,0.0,4.488,150,52,150,-3.7424940069435304,2026-02-25T15:03:43.356Z
2025-08-01,ISR,SYR,44,0,3,0,0,0.06818181818181818,0.0,3.3863636363636362,142,44,142,-3.0192946882341682,2026-02-25T15:03:43.356Z
2025-08-01,PSE,TUR,2,0,0,0,0,0.0,0.0,-9.0,10,2,10,-6.90423162583519,2026-02-25T15:03:43.356Z
2025-08-01,ERI,EGY,1,0,0,0,0,0.0,0.0,2.8,10,1,10,4.58715596330275,2026-02-25T15:03:43.356Z
2025-08-01,TUR,USA,9,0,0,0,0,0.0,0.0,2.1555555555555554,19,9,19,0.5859842890121804,2026-02-25T15:03:43.356Z
2025-08-01,UKR,KOR,7,0,0,0,0,0.0,0.0,3.5714285714285716,7,7,7,-1.0368125479933443,2026-02-25T15:03:43.356Z
2025-08-01,TUR,IRN,13,0,4,0,0,0.3076923076923077,0.0,4.461538461538462,50,15,50,-3.543116496762387,2026-02-25T15:03:43.356Z
2025-08-01,PRK,UKR,8,0,0,0,0,0.0,0.0,4.2125,21,8,21,-0.91217188192325,2026-02-25T15:03:43.356Z
2025-08-01,MEX,GBR,3,0,0,0,0,0.0,0.0,5.3,4,3,4,3.65811965811966,2026-02-25T15:03:43.356Z
2025-08-01,BRA,FRA,2,0,0,0,0,0.0,0.0,3.4,8,2,8,3.71621621621621,2026-02-25T15:03:43.356Z
2025-08-01,PAK,DEU,1,0,0,0,0,0.0,0.0,-5.0,2,1,2,-4.12979351032449,2026-02-25T15:03:43.356Z
2025-08-01,TUR,RUS,21,0,2,0,0,0.09523809523809523,0.0,4.671428571428572,43,21,43,-2.735938896399814,2026-02-25T15:03:43.356Z
2025-08-01,PSE,EGY,13,0,0,0,0,0.0,0.0,-0.5,32,13,32,-1.6728994548206833,2026-02-25T15:03:43.356Z
2025-08-01,PAK,PAK,82,3,1,0,0,0.012195121951219513,0.03658536585365854,-0.2158536585365854,229,85,229,-3.717532574659221,2026-02-25T15:03:43.356Z
2025-08-01,VEN,USA,18,6,0,0,0,0.0,0.0,-1.8444444444444446,74,18,74,-4.837710470258008,2026-02-25T15:03:43.356Z
2025-08-01,DEU,TUR,2,0,0,0,0,0.0,0.0,4.0,8,2,8,-2.46516613076099,2026-02-25T15:03:43.356Z
2025-08-01,GBR,RUS,42,0,0,2,0,0.047619047619047616,0.0,2.4999999999999996,105,42,105,-1.2318520282287029,2026-02-25T15:03:43.356Z
2025-08-01,BRA,BRA,21,0,1,0,0,0.047619047619047616,0.0,1.1380952380952376,68,22,68,-2.9409888175059047,2026-02-25T15:03:43.356Z
2025-08-01,USA,COD,1,0,0,0,0,0.0,0.0,-2.0,8,1,8,-6.09171800136893,2026-02-25T15:03:43.356Z
2025-08-01,PAK,ISR,11,0,0,0,0,0.0,0.0,-1.2,35,11,35,-1.5253053267563437,2026-02-25T15:03:43.356Z
2025-08-01,DEU,USA,50,2,2,0,0,0.04,0.08,1.6699999999999997,128,50,124,-1.7794280928056478,2026-02-25T15:03:43.356Z
2025-08-01,FRA,IRN,20,12,1,0,0,0.05,0.6000000000000001,-2.2800000000000002,51,20,51,-8.382653543397712,2026-02-25T15:03:43.356Z
2025-08-01,BRA,DEU,1,0,0,0,0,0.0,0.0,0.0,2,1,2,-1.50943396226416,2026-02-25T15:03:43.356Z
2025-08-01,IRN,GBR,14,0,0,0,0,0.0,0.0,2.442857142857143,39,14,39,-4.010412886245585,2026-02-25T15:03:43.356Z
2025-08-01,CHN,RUS,375,6,30,2,0,0.08533333333333333,0.512,3.154133333333329,1207,405,1189,-0.3419375566585295,2026-02-25T15:03:43.356Z
2025-08-01,CHN,USA,242,12,2,1,1,0.01652892561983471,0.19834710743801653,1.559917355371901,844,246,834,-1.2693300051792493,2026-02-25T15:03:43.356Z
2025-08-01,USA,PSE,63,1,0,0,0,0.0,0.0,0.2063492063492063,186,64,181,-3.2727405411545645,2026-02-25T15:03:43.356Z
2025-08-01,TUR,UKR,27,0,3,0,0,0.1111111111111111,0.0,2.962962962962963,51,29,51,-0.6657062081087004,2026-02-25T15:03:43.356Z
2025-08-01,DEU,GBR,51,0,0,0,0,0.0,0.0,4.268627450980392,156,53,156,-3.6607248776807393,2026-02-25T15:03:43.356Z
2025-08-01,SYR,IRN,3,0,0,0,0,0.0,0.0,-4.333333333333333,8,3,8,-4.17789757412399,2026-02-25T15:03:43.356Z
2025-08-01,ETH,ETH,12,0,0,0,0,0.0,0.0,-2.6583333333333337,42,12,42,-1.963596553891165,2026-02-25T15:03:43.356Z
2025-08-01,ISR,USA,107,2,2,0,2,0.037383177570093455,0.07476635514018691,0.23364485981308414,368,114,367,-3.335406858666097,2026-02-25T15:03:43.356Z
2025-08-01,PAK,USA,34,0,1,0,0,0.029411764705882353,0.0,2.73529411764706,90,34,90,-2.0627410735501104,2026-02-25T15:03:43.356Z
2025-08-01,USA,PRK,10,0,0,0,0,0.0,0.0,1.4400000000000002,27,10,27,-4.983801744604695,2026-02-25T15:03:43.356Z
2025-08-01,KOR,CHN,17,0,0,0,0,0.0,0.0,-0.052941176470588255,45,18,45,-0.855729821989306,2026-02-25T15:03:43.356Z
2025-08-01,UKR,TUR,26,0,3,0,0,0.11538461538461539,0.0,3.5384615384615383,45,28,45,-0.9079373891770529,2026-02-25T15:03:43.356Z
2025-08-01,USA,ARG,2,0,0,0,0,0.0,0.0,2.0,4,2,4,-4.663754728915305,2026-02-25T15:03:43.356Z
2025-08-01,GBR,ARG,3,0,0,0,0,0.0,0.0,3.1999999999999997,6,3,6,-1.2902862294343065,2026-02-25T15:03:43.356Z
2025-08-01,TUR,ISR,44,2,0,0,0,0.0,0.0,-1.9227272727272726,147,44,147,-3.5191644083860836,2026-02-25T15:03:43.356Z
2025-08-01,PAK,CHN,88,0,4,0,0,0.045454545454545456,0.0,2.782954545454546,286,89,285,0.4267104777570571,2026-02-25T15:03:43.356Z
2025-08-01,CHN,UKR,47,0,0,0,0,0.0,0.0,3.1276595744680864,153,52,153,-1.633044806828815,2026-02-25T15:03:43.356Z
2025-08-01,IRN,CHN,49,0,0,0,0,0.0,0.0,2.7,184,54,174,-0.8110790208007697,2026-02-25T15:03:43.356Z
2025-08-01,USA,ISR,141,1,1,0,1,0.014184397163120567,0.014184397163120567,0.2219858156028368,435,146,432,-4.083111743996041,2026-02-25T15:03:43.356Z
2025-08-01,IRN,PAK,9,0,0,0,0,0.0,0.0,2.0,20,9,20,-1.1903032231136101,2026-02-25T15:03:43.356Z
2025-08-01,RUS,RUS,298,8,58,4,2,0.21476510067114093,1.7181208053691275,1.8426174496644296,880,319,801,-1.4735990077557248,2026-02-25T15:03:43.356Z
2025-08-01,USA,DEU,25,0,1,0,0,0.04,0.0,-0.13999999999999985,65,25,65,-1.6799227183835908,2026-02-25T15:03:43.356Z
2025-08-01,USA,SYR,3,0,0,0,0,0.0,0.0,5.8,42,9,42,-4.649191564504503,2026-02-25T15:03:43.356Z
2025-08-01,KOR,ISR,3,0,0,0,0,0.0,0.0,1.0,4,3,4,1.48760330578512,2026-02-25T15:03:43.356Z
2025-08-01,SYR,ISR,34,0,3,0,0,0.08823529411764706,0.0,5.147058823529412,117,34,117,-2.6379302948459515,2026-02-25T15:03:43.356Z
2025-08-01,PSE,DEU,1,1,0,0,0,0.0,0.0,-6.5,1,1,1,-5.69395017793595,2026-02-25T15:03:43.356Z
2025-08-01,TWN,GBR,2,0,0,0,0,0.0,0.0,-5.0,10,2,10,-5.88235294117647,2026-02-25T15:03:43.356Z
2025-08-01,IRN,IND,1,0,1,0,0,1.0,0.0,6.0,2,1,2,-0.18518518518519,2026-02-25T15:03:43.356Z
2025-08-01,TUR,GBR,3,0,0,0,0,0.0,0.0,-7.0,16,3,16,-3.495633107571633,2026-02-25T15:03:43.356Z
2025-08-01,GBR,EGY,9,2,0,0,0,0.0,0.0,-6.222222222222222,21,9,21,-7.438880254414248,2026-02-25T15:03:43.356Z
2025-08-01,IND,UKR,3,0,0,0,0,0.0,0.0,3.4,10,3,10,-1.69491525423728,2026-02-25T15:03:43.356Z
2025-08-01,BRA,RUS,3,0,0,0,0,0.0,0.0,2.8000000000000003,7,3,7,-0.30378966142801583,2026-02-25T15:03:43.356Z
2025-08-01,USA,EGY,8,0,0,0,0,0.0,0.0,0.85,30,8,30,-0.5179686652886802,2026-02-25T15:03:43.356Z
2025-08-01,IND,USA,51,0,0,0,3,0.058823529411764705,0.0,2.503921568627451,124,52,124,-2.597956918385039,2026-02-25T15:03:43.356Z
2025-08-01,BRA,MEX,1,0,0,0,0,0.0,0.0,2.8,4,1,4,2.44604316546763,2026-02-25T15:03:43.356Z
2025-08-01,PAK,IRN,8,0,0,0,0,0.0,0.0,7.1,15,8,15,0.09400461964769256,2026-02-25T15:03:43.356Z
2025-08-01,ISR,BRA,4,0,2,0,0,0.5,0.0,2.8,8,4,8,-3.76106194690266,2026-02-25T15:03:43.356Z
2025-08-01,USA,GBR,134,4,3,0,2,0.03731343283582089,0.14925373134328357,0.6686567164179105,472,134,454,-1.4318094579447842,2026-02-25T15:03:43.356Z
2025-08-01,USA,CHN,213,9,4,3,3,0.046948356807511735,0.4225352112676056,2.443661971830986,755,217,745,-1.355615691631971,2026-02-25T15:03:43.356Z
2025-08-01,USA,UKR,291,8,3,2,0,0.01718213058419244,0.13745704467353953,2.402405498281787,865,322,852,-1.537015752198388,2026-02-25T15:03:43.356Z
2025-08-01,VEN,VEN,9,1,0,0,0,0.0,0.0,-2.9000000000000004,42,10,42,-5.210801380193352,2026-02-25T15:03:43.356Z
2025-08-01,IND,PAK,24,1,0,0,0,0.0,0.0,-1.0,60,24,60,-1.5186792637399629,2026-02-25T15:03:43.356Z
2025-08-01,EGY,CHN,18,2,0,0,0,0.0,0.0,2.6111111111111107,83,24,79,3.685816857175379,2026-02-25T15:03:43.356Z
2025-08-01,PSE,PSE,108,4,0,0,0,0.0,0.0,-2.262037037037037,295,114,295,-5.228748680530106,2026-02-25T15:03:43.356Z
2025-08-01,FRA,CHN,2,0,0,0,0,0.0,0.0,2.8,8,2,8,1.26050420168068,2026-02-25T15:03:43.356Z
2025-08-01,DEU,FRA,60,0,5,0,0,0.08333333333333333,0.0,4.891666666666667,165,62,165,-3.8002025530877424,2026-02-25T15:03:43.356Z
2025-08-01,UKR,USA,265,5,3,0,1,0.01509433962264151,0.07547169811320754,2.069056603773585,749,298,733,-1.5360649225192096,2026-02-25T15:03:43.356Z
2025-08-01,FRA,UKR,37,3,2,0,0,0.05405405405405406,0.16216216216216217,1.281081081081081,110,37,103,-2.57690457375016,2026-02-25T15:03:43.356Z
2025-08-01,GBR,ETH,8,2,0,0,0,0.0,0.0,-7.85,21,8,21,-5.890364563589133,2026-02-25T15:03:43.356Z
2025-08-01,PRK,KOR,17,1,0,0,0,0.0,0.0,-0.07058823529411769,56,17,56,-1.6407155972471306,2026-02-25T15:03:43.356Z
2025-08-01,CHN,TWN,23,0,0,0,0,0.0,0.0,2.1695652173913045,53,23,53,-1.1470991147915128,2026-02-25T15:03:43.356Z
2025-08-01,USA,FRA,49,0,1,0,0,0.02040816326530612,0.0,1.1714285714285713,153,49,153,-0.3704628269279915,2026-02-25T15:03:43.356Z
2025-08-01,ISR,DEU,7,1,1,0,0,0.14285714285714285,0.14285714285714285,2.442857142857143,24,7,24,-3.567787479936917,2026-02-25T15:03:43.356Z
2025-08-01,MEX,BRA,1,0,0,0,0,0.0,0.0,1.9,4,1,4,2.44604316546763,2026-02-25T15:03:43.356Z
2025-08-01,ISR,ISR,309,16,1,2,2,0.016181229773462782,0.2588996763754045,-1.0640776699029133,1080,331,1078,-5.509478101053819,2026-02-25T15:03:43.356Z
2025-08-01,PAK,ERI,2,0,0,0,0,0.0,0.0,7.0,2,2,2,-3.37837837837838,2026-02-25T15:03:43.356Z
2025-08-01,GBR,USA,137,0,3,0,0,0.021897810218978103,0.0,1.0386861313868625,484,143,460,-1.3564211828721278,2026-02-25T15:03:43.356Z
2025-08-01,MEX,FRA,6,0,0,0,0,0.0,0.0,4.266666666666667,12,6,12,-1.6992301244688601,2026-02-25T15:03:43.356Z
2025-08-01,PSE,USA,47,3,0,0,0,0.0,0.0,0.03829787234042546,124,49,124,-3.444607441536507,2026-02-25T15:03:43.356Z
2025-08-01,CHN,MEX,23,0,0,0,0,0.0,0.0,2.769565217391304,49,26,49,-2.0254505913020493,2026-02-25T15:03:43.356Z
2025-08-01,RUS,GBR,16,0,0,0,0,0.0,0.0,1.90625,32,16,32,-0.3085162439179277,2026-02-25T15:03:43.356Z
2025-08-01,SYR,SYR,19,0,2,0,0,0.10526315789473684,0.0,0.036842105263158044,110,25,110,-3.978130815485269,2026-02-25T15:03:43.356Z
2025-08-01,RUS,PSE,9,0,0,0,0,0.0,0.0,-0.43333333333333357,36,9,36,0.81614597592756,2026-02-25T15:03:43.356Z
2025-08-01,UKR,PRK,2,0,0,0,0,0.0,0.0,8.3,5,2,5,-0.96385542168674,2026-02-25T15:03:43.356Z
2025-08-01,BRA,GBR,2,0,0,0,0,0.0,0.0,7.4,6,2,6,-0.55632823365786,2026-02-25T15:03:43.356Z
2025-08-01,UKR,ISR,10,3,0,0,0,0.0,0.0,-4.0,31,10,31,-8.344955628878262,2026-02-25T15:03:43.356Z
2025-08-01,PRK,RUS,36,0,0,0,0,0.0,0.0,1.9222222222222218,136,36,136,-2.818980763377679,2026-02-25T15:03:43.356Z
2025-08-01,FRA,PSE,35,0,0,0,1,0.02857142857142857,0.0,0.9257142857142857,98,35,98,-4.96714568305536,2026-02-25T15:03:43.356Z
2025-08-01,IND,FRA,1,0,0,0,0,0.0,0.0,1.9,6,1,6,0.89503661513426,2026-02-25T15:03:43.356Z
2025-08-01,ETH,RUS,4,0,0,0,0,0.0,0.0,2.8,10,4,10,-3.42066957787481,2026-02-25T15:03:43.356Z
2025-08-01,FRA,USA,72,0,0,0,0,0.0,0.0,0.5222222222222221,177,72,177,-1.661462071536584,2026-02-25T15:03:43.356Z
2025-08-01,PAK,GBR,1,0,0,0,0,0.0,0.0,5.2,2,1,2,1.27388535031847,2026-02-25T15:03:43.356Z
2025-08-01,FRA,GBR,63,2,0,0,0,0.0,0.0,2.6206349206349207,199,69,195,-1.6670171923792054,2026-02-25T15:03:43.356Z
2025-08-01,GBR,IRN,19,5,0,0,0,0.0,0.0,0.34210526315789463,44,19,44,-7.508712259659183,2026-02-25T15:03:43.356Z
2025-08-01,MEX,MEX,37,2,1,0,0,0.02702702702702703,0.05405405405405406,-0.30000000000000016,117,38,117,-1.0941135368808388,2026-02-25T15:03:43.356Z
2025-08-01,IND,GBR,3,0,0,0,0,0.0,0.0,4.133333333333334,8,4,8,-2.4069509874270736,2026-02-25T15:03:43.356Z
2025-08-01,RWA,USA,2,0,0,0,0,0.0,0.0,1.9,2,2,2,-8.22622107969152,2026-02-25T15:03:43.356Z
2025-08-01,ISR,RUS,3,0,0,0,0,0.0,0.0,-5.333333333333333,6,3,6,-7.286629235674177,2026-02-25T15:03:43.356Z
2025-08-01,SYR,TUR,10,0,0,0,0,0.0,0.0,5.74,71,10,71,-3.2755076714600526,2026-02-25T15:03:43.356Z
2025-08-01,RUS,IND,11,2,0,0,0,0.0,0.0,0.9545454545454546,31,11,31,-1.3890157201664783,2026-02-25T15:03:43.356Z
2025-08-01,USA,USA,2294,107,33,32,35,0.043591979075850044,4.6643417611159546,0.29612031386224985,7390,2387,7306,-2.439583372400844,2026-02-25T15:03:43.356Z
2025-08-01,IRN,PSE,11,0,0,0,0,0.0,0.0,3.3636363636363638,33,11,33,-5.111705212121827,2026-02-25T15:03:43.356Z
2025-08-01,CHN,IND,136,3,0,0,0,0.0,0.0,2.0205882352941194,346,162,344,-0.7265377424341396,2026-02-25T15:03:43.356Z
2025-08-01,USA,MEX,81,5,0,0,0,0.0,0.0,1.237037037037037,295,99,295,-2.450597016971332,2026-02-25T15:03:43.356Z
2025-08-01,DEU,DEU,61,5,1,0,2,0.04918032786885246,0.2459016393442623,-1.2180327868852459,225,63,225,-3.8760169850388606,2026-02-25T15:03:43.356Z
2025-08-01,DEU,CHN,6,0,0,0,0,0.0,0.0,3.5,9,8,9,-0.6167042507193666,2026-02-25T15:03:43.356Z
2025-08-01,CHN,PRK,19,0,0,0,0,0.0,0.0,3.8421052631578947,62,21,62,-0.7315441372276137,2026-02-25T15:03:43.356Z
2025-08-01,ISR,TUR,16,0,0,0,0,0.0,0.0,-2.4625,55,16,55,-4.140796349379595,2026-02-25T15:03:43.356Z
2025-08-01,RUS,DEU,25,3,0,0,0,0.0,0.0,-1.932,61,25,61,-3.476610123843372,2026-02-25T15:03:43.356Z
2025-08-01,USA,PAK,40,0,1,0,0,0.025,0.0,1.4874999999999996,87,40,87,-2.593097739000086,2026-02-25T15:03:43.356Z
2025-08-01,RUS,USA,408,8,9,0,0,0.022058823529411766,0.17647058823529413,1.4938725490196079,1108,439,1100,-1.3201412607498526,2026-02-25T15:03:43.356Z
2025-08-01,CHN,TUR,47,0,5,0,0,0.10638297872340426,0.0,2.717021276595745,160,49,158,0.5363374606342081,2026-02-25T15:03:43.356Z
2025-08-01,RUS,PAK,9,0,2,0,0,0.2222222222222222,0.0,2.0,24,9,24,0.4463785644389833,2026-02-25T15:03:43.356Z
2025-08-01,GBR,MEX,3,0,0,0,0,0.0,0.0,5.6000000000000005,4,3,4,3.65811965811966,2026-02-25T15:03:43.356Z
2025-08-01,FRA,IND,1,0,0,0,0,0.0,0.0,2.8,6,1,6,0.89503661513426,2026-02-25T15:03:43.356Z
2025-08-01,USA,RWA,2,0,0,0,0,0.0,0.0,2.8,2,2,2,-8.22622107969152,2026-02-25T15:03:43.356Z
2025-08-01,KOR,KOR,30,0,0,0,0,0.0,0.0,2.4133333333333336,117,30,117,-1.5615199600269227,2026-02-25T15:03:43.356Z
2025-08-01,UKR,DEU,17,0,2,0,0,0.11764705882352941,0.0,2.2058823529411766,60,17,60,-2.0872253123792603,2026-02-25T15:03:43.356Z
2025-08-01,IND,IND,99,3,6,3,1,0.10101010101010101,0.30303030303030304,-0.08282828282828295,410,106,410,-1.8233268429359415,2026-02-25T15:03:43.356Z
2025-08-01,TUR,PSE,8,0,0,0,0,0.0,0.0,1.25,24,8,24,-2.814032908470645,2026-02-25T15:03:43.356Z
2025-08-01,PSE,IRN,4,0,0,0,0,0.0,0.0,2.5,9,4,9,-5.79809098497046,2026-02-25T15:03:43.356Z
2025-08-01,TWN,TWN,13,1,0,0,0,0.0,0.0,-3.207692307692308,56,13,56,-1.0631677335030354,2026-02-25T15:03:43.356Z
2025-08-01,ISR,GBR,28,0,0,0,0,0.0,0.0,1.2857142857142858,90,31,90,-4.242361589796135,2026-02-25T15:03:43.356Z
2025-08-01,ISR,FRA,53,1,4,0,0,0.07547169811320754,0.07547169811320754,-1.209433962264151,135,56,135,-4.503303776387666,2026-02-25T15:03:43.356Z
2025-08-01,DEU,UKR,67,6,1,0,0,0.014925373134328358,0.08955223880597014,0.3850746268656716,291,74,289,-2.6119981080842556,2026-02-25T15:03:43.356Z
2025-08-01,GBR,GBR,186,2,5,2,1,0.043010752688172046,0.08602150537634409,1.7940860215053782,639,217,633,-1.3206517700236626,2026-02-25T15:03:43.356Z
2025-08-01,RUS,BRA,5,0,0,0,0,0.0,0.0,0.64,9,5,9,-0.20855500579241734,2026-02-25T15:03:43.356Z
2025-08-01,IRN,RUS,18,5,0,0,0,0.0,0.0,0.8388888888888889,50,18,50,-1.6592053895569234,2026-02-25T15:03:43.356Z
2025-08-01,BRA,CHN,8,0,0,0,0,0.0,0.0,0.5,23,8,23,-0.6729893050693074,2026-02-25T15:03:43.356Z
2025-08-01,GBR,PSE,49,5,0,0,0,0.0,0.0,1.4551020408163264,132,51,132,-3.0845188842414366,2026-02-25T15:03:43.356Z
2025-08-01,FRA,DEU,66,4,4,0,0,0.06060606060606061,0.24242424242424243,4.131818181818183,205,74,205,-4.213781503064497,2026-02-25T15:03:43.356Z
2025-08-01,EGY,PSE,12,0,0,0,0,0.0,0.0,0.5833333333333334,29,12,29,-1.9679207051296617,2026-02-25T15:03:43.356Z
2025-08-01,GBR,UKR,20,3,0,0,0,0.0,0.0,-0.004999999999999982,71,20,71,-3.096748132498372,2026-02-25T15:03:43.356Z
2025-08-01,DEU,ISR,7,1,0,0,0,0.0,0.0,2.0142857142857142,10,7,10,-1.99423881223189,2026-02-25T15:03:43.356Z
2025-08-01,USA,KOR,52,0,2,0,0,0.038461538461538464,0.0,2.0173076923076922,190,65,190,-0.5704116947444817,2026-02-25T15:03:43.356Z
2025-08-01,RUS,SYR,1,0,0,0,0,0.0,0.0,-10.0,2,1,2,0.23148148148148,2026-02-25T15:03:43.356Z
2025-08-01,RUS,IRN,14,6,0,0,0,0.0,0.0,0.39999999999999986,38,14,38,-1.4012264924269744,2026-02-25T15:03:43.356Z
2025-08-01,UKR,RUS,476,41,9,3,0,0.025210084033613446,1.0336134453781514,-0.21260504201680705,1441,511,1420,-2.6574802684864753,2026-02-25T15:03:43.356Z
2025-08-01,USA,IND,38,4,0,0,0,0.0,0.0,-1.6421052631578945,94,38,94,-4.17881402458048,2026-02-25T15:03:43.356Z
2025-08-01,USA,VEN,39,17,0,0,0,0.0,0.0,-2.5410256410256418,133,39,133,-4.17893090789539,2026-02-25T15:03:43.356Z
2025-08-01,SYR,USA,1,0,0,0,0,0.0,0.0,0.0,8,4,8,-6.08621338225971,2026-02-25T15:03:43.356Z
2025-08-01,DEU,PSE,1,1,0,0,0,0.0,0.0,-6.5,4,1,4,-10.9756097560976,2026-02-25T15:03:43.356Z
2025-08-01,DEU,RUS,31,2,0,0,0,0.0,0.0,1.6193548387096774,58,31,58,-3.378357727934715,2026-02-25T15:03:43.356Z
2025-08-01,EGY,ERI,3,0,0,0,0,0.0,0.0,5.433333333333334,30,3,30,4.58715596330275,2026-02-25T15:03:43.356Z
2025-08-01,RUS,UKR,545,37,4,0,4,0.014678899082568808,0.5431192660550459,-1.659816513761468,1714,570,1659,-3.0764840650408662,2026-02-25T15:03:43.356Z
2025-08-01,IRN,EGY,1,0,0,0,0,0.0,0.0,3.0,2,1,2,-1.96850393700787,2026-02-25T15:03:43.356Z
2025-08-01,PRK,CHN,18,0,0,1,0,0.05555555555555555,0.0,2.444444444444444,75,18,75,-0.9585490257141811,2026-02-25T15:03:43.356Z
2025-08-01,CHN,GBR,15,0,0,0,0,0.0,0.0,0.5000000000000001,62,15,61,0.5769221087386974,2026-02-25T15:03:43.356Z
2025-08-01,ISR,EGY,14,0,0,0,0,0.0,0.0,-3.5,84,16,78,-2.684618110296046,2026-02-25T15:03:43.356Z
2025-08-01,ETH,CHN,3,0,1,0,0,0.3333333333333333,0.0,7.0,8,3,8,1.50753768844221,2026-02-25T15:03:43.356Z
2025-08-01,IND,CHN,120,0,0,0,0,0.0,0.0,2.2625000000000015,321,145,321,-0.7925071051896688,2026-02-25T15:03:43.356Z
2025-08-01,RUS,TUR,17,0,2,0,0,0.11764705882352941,0.0,4.811764705882353,34,17,34,-1.9543532463543571,2026-02-25T15:03:43.356Z
2025-08-01,SYR,DEU,2,0,0,0,0,0.0,0.0,1.9,2,2,2,-2.83877878950188,2026-02-25T15:03:43.356Z
2025-08-01,ISR,PSE,482,36,1,0,13,0.029045643153526972,1.045643153526971,-2.3064315352697116,1574,525,1554,-5.501025184650796,2026-02-25T15:03:43.356Z
2025-08-01,USA,RUS,480,22,18,0,0,0.0375,0.825,1.7714583333333345,1234,512,1221,-1.4817798103847617,2026-02-25T15:03:43.356Z
2025-08-01,RUS,CHN,437,2,23,0,3,0.059496567505720827,0.11899313501144165,2.718306636155601,1405,481,1378,-0.3784054984181215,2026-02-25T15:03:43.356Z
2025-08-01,UKR,IRN,6,0,0,0,0,0.0,0.0,4.0,6,6,6,-2.29147914791479,2026-02-25T15:03:43.356Z
2025-08-01,ARG,GBR,3,0,0,0,0,0.0,0.0,2.9,9,3,9,4.12622162640782,2026-02-25T15:03:43.356Z
2025-08-01,UKR,CHN,49,0,0,0,0,0.0,0.0,2.7469387755102046,162,55,162,-1.6075225500446417,2026-02-25T15:03:43.356Z
2025-08-01,PRK,PRK,8,0,0,0,0,0.0,0.0,2.925,18,8,18,-2.4571604627293775,2026-02-25T15:03:43.356Z
2025-08-01,PSE,GBR,14,4,0,0,0,0.0,0.0,-0.8285714285714284,34,14,34,-5.121531634500407,2026-02-25T15:03:43.356Z
2025-08-01,SYR,FRA,20,3,0,0,0,0.0,0.0,-1.735,68,20,68,-3.267626036319341,2026-02-25T15:03:43.356Z
2025-08-01,EGY,ISR,15,0,0,0,0,0.0,0.0,0.7533333333333334,63,16,63,-5.352898731472377,2026-02-25T15:03:43.356Z
2025-08-01,EGY,IRN,11,1,0,0,0,0.0,0.0,-1.3636363636363635,41,15,41,-5.59686278374645,2026-02-25T15:03:43.356Z
2025-08-01,IRN,UKR,8,0,0,0,0,0.0,0.0,5.074999999999999,16,8,16,-1.6857362511399079,2026-02-25T15:03:43.356Z
2025-08-01,KOR,UKR,1,0,0,0,0,0.0,0.0,1.0,1,1,1,-1.40845070422535,2026-02-25T15:03:43.356Z
2025-08-01,CHN,CHN,860,10,49,4,5,0.06744186046511629,0.6744186046511629,2.371627906976748,2623,918,2527,0.6216459450901173,2026-02-25T15:03:43.356Z
2025-08-01,PAK,IND,27,5,0,0,0,0.0,0.0,-2.685185185185185,73,27,73,-2.24010095913197,2026-02-25T15:03:43.356Z
2025-08-01,PRK,USA,13,0,0,0,0,0.0,0.0,-1.5923076923076924,41,13,41,-3.140412926781474,2026-02-25T15:03:43.356Z
2025-08-01,SYR,RUS,6,0,0,0,0,0.0,0.0,4.466666666666667,17,6,17,0.48244834957522004,2026-02-25T15:03:43.356Z
2025-08-01,FRA,SYR,9,0,0,0,0,0.0,0.0,1.7666666666666666,33,9,33,-4.004209328024938,2026-02-25T15:03:43.356Z
2025-08-01,DEU,SYR,3,0,0,0,0,0.0,0.0,3.533333333333333,22,4,22,-2.4272785512900232,2026-02-25T15:03:43.356Z
2025-08-01,GBR,IND,1,0,0,0,0,0.0,0.0,3.0,6,1,6,-1.61770966368668,2026-02-25T15:03:43.356Z
2025-08-01,KOR,USA,41,0,5,0,0,0.12195121951219512,0.0,2.4707317073170736,143,43,143,0.05600266057641751,2026-02-25T15:03:43.356Z
2025-08-01,CHN,PSE,2,0,0,0,0,0.0,0.0,3.5,2,2,2,1.72155688622754,2026-02-25T15:03:43.356Z
2025-08-01,GBR,CHN,14,0,0,0,0,0.0,0.0,0.09285714285714265,38,14,37,-1.5232247913334933,2026-02-25T15:03:43.356Z
2025-08-01,ARG,BRA,1,0,0,0,0,0.0,0.0,5.0,10,1,10,-0.28409090909091,2026-02-25T15:03:43.356Z
2025-08-01,PSE,FRA,15,4,0,0,0,0.0,0.0,-4.786666666666667,36,15,36,-7.154711732408742,2026-02-25T15:03:43.356Z
2025-08-01,CHN,DEU,3,0,0,0,0,0.0,0.0,7.0,5,5,5,-1.2334085014387333,2026-02-25T15:03:43.356Z
2025-08-01,GBR,SYR,2,0,0,0,0,0.0,0.0,-10.0,6,2,6,-2.73972602739726,2026-02-25T15:03:43.356Z
2025-08-01,PAK,PSE,2,0,0,0,0,0.0,0.0,0.0,4,2,4,-1.72839506172839,2026-02-25T15:03:43.356Z
2025-08-01,RUS,VEN,2,0,0,0,0,0.0,0.0,-2.0,5,2,5,-4.62962962962963,2026-02-25T15:03:43.356Z
2025-08-01,DEU,IRN,11,5,0,0,0,0.0,0.0,-1.1090909090909091,34,11,34,-9.586252621095554,2026-02-25T15:03:43.356Z
2025-08-01,TWN,IND,1,0,0,0,0,0.0,0.0,1.9,1,1,1,-6.70926517571885,2026-02-25T15:03:43.356Z
2025-08-01,UKR,BRA,1,0,0,0,0,0.0,0.0,-5.0,1,1,1,-3.87902695595004,2026-02-25T15:03:43.356Z
2025-08-01,IRN,DEU,7,2,0,0,0,0.0,0.0,1.1714285714285713,28,7,28,-4.11551162943005,2026-02-25T15:03:43.356Z
2025-08-01,ARG,ISR,2,0,0,0,0,0.0,0.0,-4.0,10,2,10,-4.76017441860465,2026-02-25T15:03:43.356Z
2025-08-01,IRN,FRA,8,1,0,0,0,0.0,0.0,3.325,28,8,28,-3.9841593670821607,2026-02-25T15:03:43.356Z
2025-08-01,IND,TWN,1,0,0,0,0,0.0,0.0,2.8,1,1,1,-6.70926517571885,2026-02-25T15:03:43.356Z
2025-08-01,MEX,RUS,1,0,0,0,0,0.0,0.0,4.0,1,1,1,-1.89873417721519,2026-02-25T15:03:43.356Z
2025-08-01,PSE,PAK,1,0,0,0,0,0.0,0.0,0.0,4,1,4,-0.86206896551725,2026-02-25T15:03:43.356Z
2025-08-01,VEN,BRA,3,0,0,0,0,0.0,0.0,1.0,10,3,10,-1.79694519317161,2026-02-25T15:03:43.356Z
2025-08-01,EGY,FRA,1,0,0,0,0,0.0,0.0,4.0,10,1,10,1.83098591549296,2026-02-25T15:03:43.356Z
2025-08-01,ISR,PAK,1,0,0,0,0,0.0,0.0,0.0,4,1,4,-0.86206896551725,2026-02-25T15:03:43.356Z
2025-08-01,GBR,TUR,2,0,0,0,0,0.0,0.0,-0.3,2,2,2,-1.76991150442478,2026-02-25T15:03:43.356Z
2025-08-01,BRA,VEN,3,0,0,0,0,0.0,0.0,1.0,10,3,10,-1.79694519317161,2026-02-25T15:03:43.356Z
2025-08-01,MEX,DEU,2,0,0,0,0,0.0,0.0,3.0,8,2,8,-5.41141586360266,2026-02-25T15:03:43.356Z
2025-08-01,RWA,RWA,1,0,0,0,0,0.0,0.0,4.0,1,1,1,-0.49751243781095,2026-02-25T15:03:43.356Z
2025-08-01,GBR,TWN,2,0,0,0,0,0.0,0.0,0.0,4,2,4,0.86206896551724,2026-02-25T15:03:43.356Z
2025-08-01,GBR,RWA,1,0,0,0,0,0.0,0.0,4.0,1,1,1,-0.49751243781095,2026-02-25T15:03:43.356Z
2025-08-01,RWA,GBR,1,0,0,0,0,0.0,0.0,4.0,1,1,1,-0.49751243781095,2026-02-25T15:03:43.356Z
2025-09-01,USA,PAK,97,0,8,0,2,0.10309278350515463,0.0,3.320618556701033,274,98,273,-0.13828684451894832,2026-02-25T15:18:08.784Z
2025-09-01,TUR,PSE,71,5,0,0,1,0.014084507042253521,0.07042253521126761,2.7028169014084504,214,90,214,-1.2189463082378016,2026-02-25T15:18:08.784Z
2025-09-01,USA,PRK,12,0,0,0,0,0.0,0.0,1.8500000000000003,34,12,33,-0.3552188290112133,2026-02-25T15:18:08.784Z
2025-09-01,RWA,COD,12,0,0,0,0,0.0,0.0,3.3499999999999996,32,12,32,-10.318435162146523,2026-02-25T15:18:08.784Z
2025-09-01,PSE,USA,249,6,0,25,0,0.10040160642570281,0.6024096385542168,1.3626506024096383,617,277,614,-1.4813829712228286,2026-02-25T15:18:08.784Z
2025-09-01,IRN,ISR,50,2,0,0,0,0.0,0.0,-0.00599999999999973,159,52,159,-2.2405368113821496,2026-02-25T15:18:08.784Z
2025-09-01,UKR,CHN,3,0,0,0,0,0.0,0.0,2.2666666666666666,7,3,7,-1.3774104683195567,2026-02-25T15:18:08.784Z
2025-09-01,USA,BRA,36,0,0,0,0,0.0,0.0,2.1944444444444446,148,36,148,-0.359131482572547,2026-02-25T15:18:08.784Z
2025-09-01,PSE,CHN,9,1,0,0,0,0.0,0.0,0.5333333333333332,34,11,34,0.827802411004574,2026-02-25T15:18:08.784Z
2025-09-01,PSE,FRA,14,2,0,0,0,0.0,0.0,0.21428571428571427,27,18,27,-0.8013245148981049,2026-02-25T15:18:08.784Z
2025-09-01,COD,USA,6,0,0,0,0,0.0,0.0,2.5,25,6,25,-8.007278297874123,2026-02-25T15:18:08.784Z
2025-09-01,SYR,USA,22,0,9,0,0,0.4090909090909091,0.0,0.5454545454545454,67,22,67,-2.0778011906647262,2026-02-25T15:18:08.784Z
2025-09-01,BRA,ARG,2,0,0,0,0,0.0,0.0,1.0,10,2,10,-1.58730158730158,2026-02-25T15:18:08.784Z
2025-09-01,DEU,KOR,1,1,0,0,0,0.0,0.0,-5.0,16,1,8,0.0,2026-02-25T15:18:08.784Z
2025-09-01,CHN,RUS,90,3,8,0,0,0.08888888888888889,0.26666666666666666,2.326666666666666,304,92,302,-1.6118407140526294,2026-02-25T15:18:08.784Z
2025-09-01,COD,DEU,6,0,0,0,0,0.0,0.0,1.1500000000000001,13,6,13,-6.418401419431448,2026-02-25T15:18:08.784Z
2025-09-01,GBR,TUR,14,0,0,0,0,0.0,0.0,1.1714285714285713,47,14,47,-6.478539779156272,2026-02-25T15:18:08.784Z
2025-09-01,MEX,DEU,2,0,0,0,0,0.0,0.0,0.0,4,2,4,2.22222222222222,2026-02-25T15:18:08.784Z
2025-09-01,TUR,IRN,4,0,0,0,0,0.0,0.0,7.4,10,4,10,-1.33096716947649,2026-02-25T15:18:08.784Z
2025-09-01,GBR,PAK,12,1,0,0,0,0.0,0.0,0.27499999999999997,32,12,32,-5.076173246502138,2026-02-25T15:18:08.784Z
2025-09-01,IRN,EGY,3,0,0,0,0,0.0,0.0,3.6,22,3,22,0.3203048191926232,2026-02-25T15:18:08.784Z
2025-09-01,USA,RUS,125,5,2,0,1,0.024,0.12,-0.24880000000000002,424,127,424,-2.9682973693768187,2026-02-25T15:18:08.784Z
2025-09-01,SYR,EGY,2,0,0,0,0,0.0,0.0,2.65,4,2,4,-2.15944720304657,2026-02-25T15:18:08.784Z
2025-09-01,DEU,PRK,1,0,0,0,0,0.0,0.0,0.0,20,1,10,0.0,2026-02-25T15:18:08.784Z
2025-09-01,PSE,TUR,29,0,0,0,0,0.0,0.0,2.0344827586206895,89,42,89,-2.1939639893715412,2026-02-25T15:18:08.784Z
2025-09-01,PSE,MEX,4,0,0,0,0,0.0,0.0,5.2,4,4,4,-1.621953032104635,2026-02-25T15:18:08.784Z
2025-09-01,MEX,GBR,7,0,0,0,0,0.0,0.0,0.5714285714285714,34,7,34,1.6084249373558728,2026-02-25T15:18:08.784Z
2025-09-01,USA,PSE,363,22,0,0,24,0.06611570247933884,1.4545454545454546,1.4088154269972448,1077,437,1047,-1.8954407877772297,2026-02-25T15:18:08.784Z
2025-09-01,GBR,IND,10,0,0,0,0,0.0,0.0,2.9799999999999995,22,10,22,2.529255617440756,2026-02-25T15:18:08.784Z
2025-09-01,GBR,IRN,27,0,0,0,0,0.0,0.0,-1.2777777777777777,160,31,160,-4.94101397067691,2026-02-25T15:18:08.784Z
2025-09-01,DEU,PSE,23,3,0,0,1,0.043478260869565216,0.13043478260869565,1.5869565217391304,44,28,44,-0.37246631096969846,2026-02-25T15:18:08.784Z
2025-09-01,FRA,EGY,1,0,0,0,0,0.0,0.0,-0.4,4,1,4,-1.18203309692671,2026-02-25T15:18:08.784Z
2025-09-01,TUR,DEU,1,0,0,0,0,0.0,0.0,3.0,7,1,7,-0.91984231274639,2026-02-25T15:18:08.784Z
2025-09-01,IND,FRA,3,0,0,0,0,0.0,0.0,1.2,10,3,10,1.4732965009208066,2026-02-25T15:18:08.784Z
2025-09-01,ISR,UKR,24,0,0,0,0,0.0,0.0,2.4875,147,24,103,-2.365132948434302,2026-02-25T15:18:08.784Z
2025-09-01,VEN,EGY,2,0,0,0,0,0.0,0.0,0.0,4,2,4,1.23456790123457,2026-02-25T15:18:08.784Z
2025-09-01,IRN,CHN,13,0,0,0,0,0.0,0.0,4.738461538461538,39,13,39,-1.5472689229499836,2026-02-25T15:18:08.784Z
2025-09-01,DEU,IRN,28,0,0,0,0,0.0,0.0,-0.35357142857142854,109,28,109,-4.781807722453642,2026-02-25T15:18:08.784Z
2025-09-01,ARG,PSE,1,0,0,0,0,0.0,0.0,-10.0,7,1,7,-3.44186046511628,2026-02-25T15:18:08.784Z
2025-09-01,USA,USA,4903,166,77,59,76,0.043238833367326125,7.177646338976137,0.09449204406365105,15514,5187,15294,-2.7509879971088758,2026-02-25T15:18:08.784Z
2025-09-01,TWN,TWN,28,2,0,0,0,0.0,0.0,1.9749999999999999,86,28,86,-1.930076331258039,2026-02-25T15:18:08.784Z
2025-09-01,BRA,BRA,41,2,6,0,0,0.14634146341463414,0.2926829268292683,-0.8829268292682928,128,41,123,-2.5632736751787473,2026-02-25T15:18:08.784Z
2025-09-01,FRA,KOR,1,0,0,0,0,0.0,0.0,2.8,10,1,10,9.2702169625247,2026-02-25T15:18:08.784Z
2025-09-01,IND,ISR,11,0,0,0,0,0.0,0.0,4.2727272727272725,22,12,22,0.8339731732766483,2026-02-25T15:18:08.784Z
2025-09-01,CHN,KOR,20,1,0,0,0,0.0,0.0,2.835,58,20,58,0.09927340680057599,2026-02-25T15:18:08.784Z
2025-09-01,DEU,COD,3,0,0,0,0,0.0,0.0,2.7999999999999994,7,3,7,-1.8895348837209298,2026-02-25T15:18:08.784Z
2025-09-01,VEN,PSE,3,0,0,0,0,0.0,0.0,-10.0,9,3,9,-0.5888376856118799,2026-02-25T15:18:08.784Z
2025-09-01,RUS,ETH,2,0,0,0,0,0.0,0.0,2.8,2,2,2,1.10650069156294,2026-02-25T15:18:08.784Z
2025-09-01,UKR,USA,140,0,4,0,1,0.03571428571428571,0.0,1.0471428571428572,429,144,427,-3.128677217835142,2026-02-25T15:18:08.784Z
2025-09-01,PAK,TUR,23,0,0,0,0,0.0,0.0,2.7478260869565214,75,29,75,0.23798145823901654,2026-02-25T15:18:08.784Z
2025-09-01,ETH,RUS,2,0,0,0,0,0.0,0.0,1.9,2,2,2,1.10650069156294,2026-02-25T15:18:08.784Z
2025-09-01,RUS,SYR,1,0,0,0,0,0.0,0.0,3.4,2,1,2,-6.15577889447237,2026-02-25T15:18:08.784Z
2025-09-01,FRA,GBR,54,2,0,0,0,0.0,0.0,2.3592592592592596,159,56,157,-1.2623849404974836,2026-02-25T15:18:08.784Z
2025-09-01,FRA,FRA,107,6,0,1,1,0.018691588785046728,0.11214953271028036,0.13644859813084106,294,107,294,-3.594395190227834,2026-02-25T15:18:08.784Z
2025-09-01,DEU,TWN,7,0,0,0,0,0.0,0.0,5.8,30,7,29,1.7675512389109826,2026-02-25T15:18:08.784Z
2025-09-01,SYR,PAK,4,0,0,0,0,0.0,0.0,4.0,4,4,4,0.80321285140563,2026-02-25T15:18:08.784Z
2025-09-01,FRA,IND,2,0,0,0,0,0.0,0.0,1.9,4,2,4,1.1049723756906,2026-02-25T15:18:08.784Z
2025-09-01,GBR,SYR,11,0,0,0,0,0.0,0.0,1.5727272727272728,30,11,30,-7.029279419550949,2026-02-25T15:18:08.784Z
2025-09-01,ISR,RUS,11,0,0,0,0,0.0,0.0,3.709090909090909,30,11,30,-2.827526671610315,2026-02-25T15:18:08.784Z
2025-09-01,GBR,FRA,54,3,0,0,1,0.018518518518518517,0.05555555555555555,2.590740740740741,207,54,207,-2.4342648192976677,2026-02-25T15:18:08.784Z
2025-09-01,PSE,RUS,7,0,0,0,0,0.0,0.0,4.0,25,7,25,-1.7629355925534216,2026-02-25T15:18:08.784Z
2025-09-01,USA,ETH,4,0,0,0,0,0.0,0.0,1.4249999999999998,16,4,16,-1.46596858638743,2026-02-25T15:18:08.784Z
2025-09-01,EGY,ETH,4,0,0,0,0,0.0,0.0,3.4,11,4,11,-1.631691721651585,2026-02-25T15:18:08.784Z
2025-09-01,ISR,CHN,4,0,0,0,0,0.0,0.0,0.95,10,4,10,0.4660302659805595,2026-02-25T15:18:08.784Z
2025-09-01,VEN,VEN,24,3,0,0,1,0.041666666666666664,0.125,-1.9749999999999999,66,24,66,-5.492717842580798,2026-02-25T15:18:08.784Z
2025-09-01,ISR,SYR,39,3,1,0,0,0.02564102564102564,0.07692307692307693,2.948717948717949,94,39,94,-1.2660551388577583,2026-02-25T15:18:08.784Z
2025-09-01,FRA,UKR,6,0,0,0,0,0.0,0.0,4.8,37,10,37,-1.9609425929594118,2026-02-25T15:18:08.784Z
2025-09-01,PSE,UKR,7,0,0,0,0,0.0,0.0,3.7142857142857144,23,7,23,-1.0379314730402471,2026-02-25T15:18:08.784Z
2025-09-01,TUR,CHN,9,0,0,0,0,0.0,0.0,2.3333333333333335,50,9,50,3.190204515583055,2026-02-25T15:18:08.784Z
2025-09-01,IRN,UKR,2,0,0,0,1,0.5,0.0,1.0,9,2,9,-4.33212996389892,2026-02-25T15:18:08.784Z
2025-09-01,CHN,PRK,55,0,2,0,0,0.03636363636363636,0.0,3.0254545454545463,137,55,136,0.15310922251220674,2026-02-25T15:18:08.784Z
2025-09-01,RWA,USA,5,0,0,0,0,0.0,0.0,2.2600000000000002,13,5,13,0.23958333333333215,2026-02-25T15:18:08.784Z
2025-09-01,ISR,IND,3,0,0,0,0,0.0,0.0,3.6666666666666665,4,3,4,-3.5421555481059266,2026-02-25T15:18:08.784Z
2025-09-01,CHN,IND,9,0,0,0,0,0.0,0.0,3.355555555555555,14,9,14,-0.5675949706689678,2026-02-25T15:18:08.784Z
2025-09-01,PAK,FRA,2,0,0,0,0,0.0,0.0,-4.0,5,2,5,2.7027027027027,2026-02-25T15:18:08.784Z
2025-09-01,GBR,GBR,587,16,15,5,9,0.049403747870528106,0.7904599659284497,0.9015332197614987,2332,744,2299,-1.4477966375649873,2026-02-25T15:18:08.784Z
2025-09-01,UKR,UKR,185,10,3,0,0,0.016216216216216217,0.16216216216216217,-0.3486486486486485,580,225,568,-3.90472867838446,2026-02-25T15:18:08.784Z
2025-09-01,DEU,IND,6,0,0,0,0,0.0,0.0,4.0,36,6,36,2.3746946577236296,2026-02-25T15:18:08.784Z
2025-09-01,TUR,GBR,14,0,0,0,0,0.0,0.0,2.3428571428571425,41,14,41,-7.2152415484315515,2026-02-25T15:18:08.784Z
2025-09-01,USA,EGY,26,0,0,0,0,0.0,0.0,3.5846153846153843,108,31,104,-2.76458829680056,2026-02-25T15:18:08.784Z
2025-09-01,UKR,DEU,18,0,0,0,0,0.0,0.0,1.1555555555555554,34,18,34,-5.846941496206003,2026-02-25T15:18:08.784Z
2025-09-01,PRK,RUS,24,0,0,0,0,0.0,0.0,2.3416666666666663,61,24,61,-1.7128805483655307,2026-02-25T15:18:08.784Z
2025-09-01,PAK,RUS,4,0,0,0,0,0.0,0.0,5.699999999999999,7,4,7,-1.4173024943767802,2026-02-25T15:18:08.784Z
2025-09-01,GBR,EGY,1,0,0,0,0,0.0,0.0,1.9,10,1,10,2.48447204968944,2026-02-25T15:18:08.784Z
2025-09-01,RUS,UKR,369,30,4,3,0,0.018970189701897018,0.5691056910569106,-2.5853658536585384,1445,403,1433,-3.9768039774660053,2026-02-25T15:18:08.784Z
2025-09-01,UKR,ISR,19,0,0,0,0,0.0,0.0,0.7052631578947368,72,19,54,-2.0847108677289827,2026-02-25T15:18:08.784Z
2025-09-01,PRK,KOR,20,0,0,0,0,0.0,0.0,2.42,47,20,47,0.12042697700652956,2026-02-25T15:18:08.784Z
2025-09-01,GBR,ISR,173,6,1,2,0,0.017341040462427744,0.10404624277456646,1.7231213872832374,691,269,677,-3.1191805432448,2026-02-25T15:18:08.784Z
2025-09-01,EGY,EGY,34,1,0,0,0,0.0,0.0,0.6705882352941176,135,39,129,-0.34875693981380423,2026-02-25T15:18:08.784Z
2025-09-01,UKR,IRN,4,0,0,1,0,0.25,0.0,4.0,19,4,19,-4.33212996389892,2026-02-25T15:18:08.784Z
2025-09-01,ARG,BRA,3,0,0,0,0,0.0,0.0,1.0,10,3,10,-1.58730158730158,2026-02-25T15:18:08.784Z
2025-09-01,RUS,VEN,9,3,0,0,0,0.0,0.0,-0.5000000000000002,26,9,26,-5.82719329690431,2026-02-25T15:18:08.784Z
2025-09-01,EGY,GBR,10,4,0,0,0,0.0,0.0,0.15999999999999978,29,10,29,-0.12503177989288403,2026-02-25T15:18:08.784Z
2025-09-01,USA,IRN,143,5,0,5,0,0.03496503496503497,0.17482517482517484,1.562237762237763,722,164,722,-4.038166944032103,2026-02-25T15:18:08.784Z
2025-09-01,CHN,PSE,31,0,0,0,0,0.0,0.0,1.1032258064516125,84,35,84,0.39717918838596294,2026-02-25T15:18:08.784Z
2025-09-01,MEX,FRA,5,0,0,0,0,0.0,0.0,3.5799999999999996,15,5,15,0.8598362068774181,2026-02-25T15:18:08.784Z
2025-09-01,PAK,USA,112,1,8,1,4,0.11607142857142858,0.11607142857142858,2.8000000000000007,339,117,337,-0.7797550319301015,2026-02-25T15:18:08.784Z
2025-09-01,RUS,FRA,8,0,0,0,2,0.25,0.0,6.6,21,8,21,-2.6213529601501326,2026-02-25T15:18:08.784Z
2025-09-01,SYR,DEU,5,0,0,0,0,0.0,0.0,-0.019999999999999928,24,5,24,-4.079995275288286,2026-02-25T15:18:08.784Z
2025-09-01,DEU,GBR,30,1,0,0,0,0.0,0.0,3.89,91,31,91,-1.1627525063497228,2026-02-25T15:18:08.784Z
2025-09-01,RWA,GBR,2,0,0,0,0,0.0,0.0,-4.0,3,2,3,-6.44171779141105,2026-02-25T15:18:08.784Z
2025-09-01,IRN,MEX,6,2,0,0,0,0.0,0.0,-2.75,11,6,11,-4.471018103305097,2026-02-25T15:18:08.784Z
2025-09-01,SYR,KOR,2,0,0,0,0,0.0,0.0,2.8,4,2,4,1.73913043478261,2026-02-25T15:18:08.784Z
2025-09-01,DEU,ISR,32,3,0,0,0,0.0,0.0,1.275,100,35,100,-2.07457766011332,2026-02-25T15:18:08.784Z
2025-09-01,COD,COD,14,0,0,0,0,0.0,0.0,-6.928571428571429,22,15,22,-11.482696703708376,2026-02-25T15:18:08.784Z
2025-09-01,USA,RWA,5,0,0,0,0,0.0,0.0,2.44,13,5,13,0.23958333333333215,2026-02-25T15:18:08.784Z
2025-09-01,TWN,FRA,5,0,0,0,0,0.0,0.0,2.8,11,5,11,-0.003450168587781377,2026-02-25T15:18:08.784Z
2025-09-01,IND,IND,88,11,4,0,0,0.045454545454545456,0.5,-0.03977272727272725,349,90,343,-2.2357112985507848,2026-02-25T15:18:08.784Z
2025-09-01,RUS,ISR,13,1,2,1,0,0.23076923076923078,0.23076923076923078,-1.0076923076923077,34,13,34,-1.0340281960271014,2026-02-25T15:18:08.784Z
2025-09-01,PSE,ISR,909,67,0,19,1,0.022002200220022004,1.4741474147414741,-0.13256325632563257,2392,1022,2384,-2.333507365548216,2026-02-25T15:18:08.784Z
2025-09-01,ARG,ARG,18,0,0,0,0,0.0,0.0,-1.4222222222222225,50,18,50,-5.821881630730383,2026-02-25T15:18:08.784Z
2025-09-01,SYR,GBR,8,0,0,0,0,0.0,0.0,1.6749999999999998,22,8,22,-4.602030673470919,2026-02-25T15:18:08.784Z
2025-09-01,CHN,DEU,30,0,0,0,0,0.0,0.0,0.09999999999999988,157,37,157,-1.1724544265582066,2026-02-25T15:18:08.784Z
2025-09-01,PSE,PAK,39,0,0,0,0,0.0,0.0,2.151282051282051,83,39,83,0.5871347122159717,2026-02-25T15:18:08.784Z
2025-09-01,SYR,ISR,46,1,1,0,0,0.021739130434782608,0.021739130434782608,2.776086956521739,121,46,121,-1.2962176512531323,2026-02-25T15:18:08.784Z
2025-09-01,BRA,FRA,3,0,0,0,0,0.0,0.0,3.0,3,3,3,-1.3779046247271534,2026-02-25T15:18:08.784Z
2025-09-01,RUS,KOR,4,1,0,0,0,0.0,0.0,3.25,7,4,7,0.0,2026-02-25T15:18:08.784Z
2025-09-01,ISR,PSE,1014,79,3,0,39,0.04142011834319527,3.272189349112426,-0.05315581854043395,3045,1133,2977,-2.561531482492349,2026-02-25T15:18:08.784Z
2025-09-01,IRN,PSE,14,0,0,0,0,0.0,0.0,-5.514285714285714,33,14,33,-5.456042310465739,2026-02-25T15:18:08.784Z
2025-09-01,GBR,RUS,79,7,0,0,0,0.0,0.0,0.40632911392405063,308,99,308,-4.421994842261437,2026-02-25T15:18:08.784Z
2025-09-01,SYR,TUR,4,0,0,0,0,0.0,0.0,1.9,14,8,14,-8.568016805129979,2026-02-25T15:18:08.784Z
2025-09-01,IRN,USA,168,8,1,1,5,0.041666666666666664,0.3333333333333333,0.49702380952380953,676,180,674,-4.235516942037982,2026-02-25T15:18:08.784Z
2025-09-01,USA,GBR,337,7,3,3,1,0.020771513353115726,0.14540059347181009,0.8080118694362032,1734,414,1732,-0.497643783938965,2026-02-25T15:18:08.784Z
2025-09-01,CHN,GBR,52,0,0,0,0,0.0,0.0,0.05000000000000001,195,52,183,-3.4618636449358275,2026-02-25T15:18:08.784Z
2025-09-01,SYR,RUS,3,1,0,0,0,0.0,0.0,-1.0,13,3,13,-10.3960396039604,2026-02-25T15:18:08.784Z
2025-09-01,FRA,MEX,5,2,0,0,0,0.0,0.0,-0.5599999999999999,17,5,17,-4.532715573226318,2026-02-25T15:18:08.784Z
2025-09-01,ETH,PSE,3,0,0,0,0,0.0,0.0,2.7999999999999994,6,3,6,-1.21739130434783,2026-02-25T15:18:08.784Z
2025-09-01,FRA,TWN,5,0,0,0,0,0.0,0.0,1.9,11,5,11,-0.003450168587781377,2026-02-25T15:18:08.784Z
2025-09-01,ETH,ISR,4,0,0,0,1,0.25,0.0,7.699999999999999,17,4,17,-1.947127774544855,2026-02-25T15:18:08.784Z
2025-09-01,CHN,ARG,17,0,0,0,0,0.0,0.0,4.523529411764706,57,18,57,-1.8598986678838179,2026-02-25T15:18:08.784Z
2025-09-01,KOR,CHN,19,0,0,0,0,0.0,0.0,3.71578947368421,44,19,44,0.8952910108341865,2026-02-25T15:18:08.784Z
2025-09-01,FRA,ISR,70,2,0,0,0,0.0,0.0,1.7500000000000002,176,78,174,-1.7820106838588337,2026-02-25T15:18:08.784Z
2025-09-01,CHN,UKR,18,2,0,0,0,0.0,0.0,2.6500000000000004,66,18,66,-2.0102089400530176,2026-02-25T15:18:08.784Z
2025-09-01,GBR,PSE,121,6,0,0,2,0.01652892561983471,0.09917355371900827,1.2685950413223146,341,156,337,-2.4102676685528035,2026-02-25T15:18:08.784Z
2025-09-01,ISR,DEU,9,0,0,0,0,0.0,0.0,1.1666666666666667,24,9,24,-2.1701642376426555,2026-02-25T15:18:08.784Z
2025-09-01,RWA,RWA,10,0,0,0,0,0.0,0.0,3.44,45,10,45,-1.874292722745103,2026-02-25T15:18:08.784Z
2025-09-01,TUR,UKR,2,0,0,0,0,0.0,0.0,-2.0,3,2,3,2.42751180040459,2026-02-25T15:18:08.784Z
2025-09-01,USA,TUR,53,0,1,0,0,0.018867924528301886,0.0,1.3169811320754716,129,53,129,-2.020801467246503,2026-02-25T15:18:08.784Z
2025-09-01,PAK,ETH,1,0,0,0,0,0.0,0.0,3.4,2,1,2,-4.43213296398892,2026-02-25T15:18:08.784Z
2025-09-01,EGY,UKR,1,0,0,0,0,0.0,0.0,6.4,5,1,5,-5.34351145038168,2026-02-25T15:18:08.784Z
2025-09-01,ERI,ERI,2,0,0,0,0,0.0,0.0,1.0,8,2,8,2.67857142857143,2026-02-25T15:18:08.784Z
2025-09-01,DEU,CHN,76,1,0,0,0,0.0,0.0,-1.7486842105263158,512,105,475,-4.718092389938319,2026-02-25T15:18:08.784Z
2025-09-01,IRN,IRN,68,4,0,0,0,0.0,0.0,0.7382352941176467,249,68,249,-4.960649237928979,2026-02-25T15:18:08.784Z
2025-09-01,DEU,PAK,6,0,1,0,0,0.16666666666666666,0.0,1.6666666666666667,24,6,24,4.22535211267606,2026-02-25T15:18:08.784Z
2025-09-01,KOR,RUS,8,0,0,0,0,0.0,0.0,4.6,22,8,22,-0.30080213903743375,2026-02-25T15:18:08.784Z
2025-09-01,VEN,ISR,4,0,0,0,0,0.0,0.0,-10.0,12,4,12,0.15360983102918513,2026-02-25T15:18:08.784Z
2025-09-01,USA,COD,8,0,0,0,0,0.0,0.0,4.1875,37,8,37,-6.855078576320645,2026-02-25T15:18:08.784Z
2025-09-01,CHN,MEX,2,0,0,0,0,0.0,0.0,7.0,20,2,20,-0.89779872620275,2026-02-25T15:18:08.784Z
2025-09-01,GBR,ETH,7,0,0,0,0,0.0,0.0,1.5142857142857145,60,15,60,-7.273733899807917,2026-02-25T15:18:08.784Z
2025-09-01,VEN,USA,51,3,0,0,4,0.0784313725490196,0.23529411764705882,-1.8352941176470587,168,53,168,-3.9074794585876123,2026-02-25T15:18:08.784Z
2025-09-01,IND,DEU,4,0,0,0,0,0.0,0.0,4.0,24,4,24,2.3121387283237,2026-02-25T15:18:08.784Z
2025-09-01,USA,MEX,137,2,0,0,0,0.0,0.0,-0.9875912408759127,480,144,476,-4.4082068476977705,2026-02-25T15:18:08.784Z
2025-09-01,TUR,USA,67,0,1,0,0,0.014925373134328358,0.0,1.5328358208955222,156,70,154,-1.073818954382115,2026-02-25T15:18:08.784Z
2025-09-01,USA,IND,36,0,0,0,0,0.0,0.0,2.7416666666666663,98,36,98,-0.18232958962149126,2026-02-25T15:18:08.784Z
2025-09-01,GBR,TWN,2,2,0,0,0,0.0,0.0,-5.75,18,2,18,0.8299892824206749,2026-02-25T15:18:08.784Z
2025-09-01,PAK,GBR,21,0,0,0,0,0.0,0.0,-0.36190476190476195,66,33,66,-1.4842606267652418,2026-02-25T15:18:08.784Z
2025-09-01,PSE,IRN,7,0,0,0,0,0.0,0.0,4.3428571428571425,18,7,18,-1.3275180139131686,2026-02-25T15:18:08.784Z
2025-09-01,ISR,MEX,2,0,0,0,0,0.0,0.0,7.0,2,2,2,-0.11890606420927,2026-02-25T15:18:08.784Z
2025-09-01,EGY,CHN,6,0,0,0,0,0.0,0.0,0.9,31,6,31,1.3205645734433982,2026-02-25T15:18:08.784Z
2025-09-01,ERI,ISR,2,0,0,0,0,0.0,0.0,3.5,10,2,10,-4.76190476190477,2026-02-25T15:18:08.784Z
2025-09-01,KOR,USA,110,1,0,1,2,0.02727272727272727,0.02727272727272727,-0.40272727272727277,433,132,433,-2.688313060556119,2026-02-25T15:18:08.784Z
2025-09-01,FRA,IRN,19,0,0,0,0,0.0,0.0,0.8421052631578947,77,19,77,-5.368738190488841,2026-02-25T15:18:08.784Z
2025-09-01,FRA,DEU,34,0,0,0,0,0.0,0.0,3.114705882352941,133,34,133,-4.105295569631381,2026-02-25T15:18:08.784Z
2025-09-01,ISR,FRA,36,2,0,0,0,0.0,0.0,0.36111111111111105,87,40,87,-1.2547541350866898,2026-02-25T15:18:08.784Z
2025-09-01,ARG,CHN,26,0,0,0,0,0.0,0.0,4.369230769230769,91,26,91,-3.157497205676312,2026-02-25T15:18:08.784Z
2025-09-01,FRA,SYR,5,0,0,0,0,0.0,0.0,3.4,13,5,13,-0.5711022272986863,2026-02-25T15:18:08.784Z
2025-09-01,VEN,CHN,1,0,0,0,0,0.0,0.0,-9.0,8,1,8,-9.86842105263159,2026-02-25T15:18:08.784Z
2025-09-01,ARG,USA,17,5,0,0,0,0.0,0.0,-0.9529411764705882,65,19,57,-2.0524659506675302,2026-02-25T15:18:08.784Z
2025-09-01,PAK,PAK,141,3,5,0,0,0.03546099290780142,0.10638297872340427,-1.1588652482269495,416,142,410,-3.485932027491143,2026-02-25T15:18:08.784Z
2025-09-01,GBR,MEX,4,0,0,0,0,0.0,0.0,3.85,13,4,13,-0.586788381323295,2026-02-25T15:18:08.784Z
2025-09-01,ISR,KOR,2,0,0,0,0,0.0,0.0,1.0,4,2,4,3.03030303030303,2026-02-25T15:18:08.784Z
2025-09-01,IRN,FRA,8,0,0,0,0,0.0,0.0,1.9749999999999996,22,8,22,-5.188951655810724,2026-02-25T15:18:08.784Z
2025-09-01,IND,USA,37,0,0,0,0,0.0,0.0,1.9108108108108106,119,37,119,-0.3860442516018219,2026-02-25T15:18:08.784Z
2025-09-01,PAK,EGY,28,0,0,0,0,0.0,0.0,3.5214285714285714,144,36,144,-0.5478564174029338,2026-02-25T15:18:08.784Z
2025-09-01,ISR,EGY,46,0,0,0,0,0.0,0.0,2.030434782608696,83,48,83,-1.6721860176147858,2026-02-25T15:18:08.784Z
2025-09-01,MEX,MEX,42,0,0,1,3,0.09523809523809523,0.0,0.1714285714285714,96,42,96,-3.0678676343536826,2026-02-25T15:18:08.784Z
2025-09-01,UKR,PSE,28,3,0,0,0,0.0,0.0,-1.7714285714285716,77,28,75,-1.9186699423616473,2026-02-25T15:18:08.784Z
2025-09-01,ISR,USA,602,11,40,2,2,0.07308970099667775,0.8039867109634552,1.6008305647840497,1555,684,1500,-2.0121915065921447,2026-02-25T15:18:08.784Z
2025-09-01,PAK,SYR,4,0,0,0,0,0.0,0.0,4.0,4,4,4,0.80321285140563,2026-02-25T15:18:08.784Z
2025-09-01,RUS,PSE,14,1,0,0,0,0.0,0.0,2.685714285714286,47,16,47,0.7007691526893186,2026-02-25T15:18:08.784Z
2025-09-01,GBR,COD,1,0,0,0,0,0.0,0.0,-5.0,1,1,1,3.20102432778489,2026-02-25T15:18:08.784Z
2025-09-01,USA,SYR,25,0,9,0,0,0.36,0.0,1.8719999999999999,51,25,51,-1.1498123009866525,2026-02-25T15:18:08.784Z
2025-09-01,KOR,KOR,124,1,0,2,8,0.08064516129032258,0.08064516129032258,-3.1596774193548387,490,154,490,-2.779262906732907,2026-02-25T15:18:08.784Z
2025-09-01,TUR,SYR,2,0,0,0,0,0.0,0.0,2.8,12,6,12,-8.46637740697147,2026-02-25T15:18:08.784Z
2025-09-01,MEX,IRN,2,0,0,0,0,0.0,0.0,-1.1,6,2,6,-3.88598808280607,2026-02-25T15:18:08.784Z
2025-09-01,IND,PAK,14,0,0,0,0,0.0,0.0,0.31428571428571433,39,14,39,-4.748991349081957,2026-02-25T15:18:08.784Z
2025-09-01,ETH,USA,5,0,0,0,0,0.0,0.0,1.6799999999999997,18,5,18,-1.9086198601620599,2026-02-25T15:18:08.784Z
2025-09-01,IRN,IND,2,0,0,0,0,0.0,0.0,0.0,3,2,3,-5.0531914893617,2026-02-25T15:18:08.784Z
2025-09-01,DEU,UKR,29,3,0,0,0,0.0,0.0,-1.789655172413793,92,29,92,-3.6007945782265303,2026-02-25T15:18:08.784Z
2025-09-01,PSE,KOR,2,0,0,0,0,0.0,0.0,1.0,4,2,4,3.03030303030303,2026-02-25T15:18:08.784Z
2025-09-01,KOR,PRK,16,0,0,0,0,0.0,0.0,2.7375,55,16,55,-0.574212398469283,2026-02-25T15:18:08.784Z
2025-09-01,EGY,IRN,2,0,0,0,0,0.0,0.0,2.95,12,2,12,-0.7301965242376951,2026-02-25T15:18:08.784Z
2025-09-01,CHN,PAK,33,2,0,0,0,0.0,0.0,1.4575757575757575,128,39,128,-0.6954882562458526,2026-02-25T15:18:08.784Z
2025-09-01,FRA,USA,84,1,0,1,0,0.011904761904761904,0.011904761904761904,0.7690476190476192,252,93,244,-0.4566229900759985,2026-02-25T15:18:08.784Z
2025-09-01,USA,TWN,31,3,0,0,0,0.0,0.0,1.8709677419354835,116,31,114,0.7456210355102233,2026-02-25T15:18:08.784Z
2025-09-01,TUR,PAK,30,0,0,0,0,0.0,0.0,2.5599999999999996,105,36,105,-0.25598525360271845,2026-02-25T15:18:08.784Z
2025-09-01,ETH,EGY,9,0,0,0,0,0.0,0.0,2.411111111111111,39,9,39,-3.4559373830686084,2026-02-25T15:18:08.784Z
2025-09-01,MEX,USA,103,0,0,0,0,0.0,0.0,-1.2970873786407766,391,110,382,-3.6162638272305188,2026-02-25T15:18:08.784Z
2025-09-01,MEX,CHN,4,0,0,0,0,0.0,0.0,6.7,22,4,22,-1.010697115910365,2026-02-25T15:18:08.784Z
2025-09-01,EGY,ISR,108,1,0,0,0,0.0,0.0,1.8074074074074087,274,119,273,-1.0496474499388233,2026-02-25T15:18:08.784Z
2025-09-01,USA,KOR,141,0,0,0,8,0.05673758865248227,0.0,-2.158156028368794,577,172,577,-3.0222588908121426,2026-02-25T15:18:08.784Z
2025-09-01,USA,ISR,673,38,36,1,2,0.05794947994056464,2.2020802377414563,1.4078751857355103,1785,722,1758,-2.2510858818651074,2026-02-25T15:18:08.784Z
2025-09-01,EGY,USA,53,0,0,0,0,0.0,0.0,1.2490566037735844,184,56,184,-2.870311535801728,2026-02-25T15:18:08.784Z
2025-09-01,DEU,USA,67,1,0,0,0,0.0,0.0,2.298507462686568,221,67,221,-0.8458372592720541,2026-02-25T15:18:08.784Z
2025-09-01,ISR,GBR,148,4,1,0,2,0.02027027027027027,0.08108108108108109,1.7445945945945953,591,232,591,-3.207314453562076,2026-02-25T15:18:08.784Z
2025-09-01,ETH,ETH,6,0,0,0,0,0.0,0.0,2.533333333333333,9,6,9,0.5413053572622198,2026-02-25T15:18:08.784Z
2025-09-01,IRN,RUS,8,0,0,0,0,0.0,0.0,3.7749999999999995,23,8,23,-2.7184317407485272,2026-02-25T15:18:08.784Z
2025-09-01,PSE,SYR,2,0,0,0,0,0.0,0.0,1.0,5,2,5,0.2710027100271,2026-02-25T15:18:08.784Z
2025-09-01,GBR,DEU,32,0,0,0,0,0.0,0.0,3.371875,115,32,115,-0.8660517102065827,2026-02-25T15:18:08.784Z
2025-09-01,IRN,GBR,8,0,0,0,0,0.0,0.0,2.6,35,10,35,-4.54540575173581,2026-02-25T15:18:08.784Z
2025-09-01,ISR,PAK,65,3,2,0,0,0.03076923076923077,0.09230769230769231,2.9092307692307697,145,65,145,0.29915818953639045,2026-02-25T15:18:08.784Z
2025-09-01,SYR,FRA,5,0,0,0,0,0.0,0.0,4.9,15,5,15,1.96078431372549,2026-02-25T15:18:08.784Z
2025-09-01,IND,GBR,18,0,0,0,0,0.0,0.0,2.4666666666666663,36,18,36,3.185142761689026,2026-02-25T15:18:08.784Z
2025-09-01,CHN,FRA,11,0,0,0,0,0.0,0.0,5.363636363636363,41,11,41,0.14630459745511182,2026-02-25T15:18:08.784Z
2025-09-01,RUS,TUR,7,0,0,0,0,0.0,0.0,1.8285714285714287,24,7,24,-1.1295518643891513,2026-02-25T15:18:08.784Z
2025-09-01,CHN,USA,196,9,7,0,2,0.04591836734693878,0.413265306122449,1.43265306122449,694,202,692,-0.9761887649336753,2026-02-25T15:18:08.784Z
2025-09-01,BRA,USA,24,0,0,0,0,0.0,0.0,0.6666666666666666,86,24,86,-0.9884375543671148,2026-02-25T15:18:08.784Z
2025-09-01,PSE,GBR,45,0,0,0,0,0.0,0.0,1.1355555555555554,159,74,159,-3.1213776559764765,2026-02-25T15:18:08.784Z
2025-09-01,FRA,RWA,2,0,0,0,0,0.0,0.0,5.0,8,2,8,-6.29370629370629,2026-02-25T15:18:08.784Z
2025-09-01,ISR,VEN,2,0,0,0,0,0.0,0.0,-10.0,4,2,4,2.38095238095238,2026-02-25T15:18:08.784Z
2025-09-01,DEU,DEU,91,1,1,0,1,0.02197802197802198,0.02197802197802198,2.1626373626373643,326,100,326,-3.625677590536318,2026-02-25T15:18:08.784Z
2025-09-01,PSE,DEU,11,0,0,1,0,0.09090909090909091,0.0,1.4636363636363638,23,16,23,-1.6795334274587939,2026-02-25T15:18:08.784Z
2025-09-01,DEU,SYR,14,0,0,0,0,0.0,0.0,-4.957142857142857,57,19,57,-10.549012470895297,2026-02-25T15:18:08.784Z
2025-09-01,MEX,PSE,4,0,0,0,0,0.0,0.0,2.5,4,4,4,-0.11890606420927,2026-02-25T15:18:08.784Z
2025-09-01,UKR,RUS,408,36,4,0,0,0.00980392156862745,0.3529411764705882,-1.5083333333333342,1466,446,1461,-3.8284395792374504,2026-02-25T15:18:08.784Z
2025-09-01,PAK,ISR,126,4,2,0,0,0.015873015873015872,0.06349206349206349,2.061111111111112,339,132,328,-0.3828532855964825,2026-02-25T15:18:08.784Z
2025-09-01,ERI,ETH,6,0,1,0,0,0.16666666666666666,0.0,1.9333333333333333,12,6,12,-2.869395516967989,2026-02-25T15:18:08.784Z
2025-09-01,USA,FRA,101,0,0,0,0,0.0,0.0,0.5386138613861384,321,103,313,-0.31743369984448383,2026-02-25T15:18:08.784Z
2025-09-01,ISR,ARG,5,0,0,0,0,0.0,0.0,3.16,14,5,14,-0.30941540815319196,2026-02-25T15:18:08.784Z
2025-09-01,SYR,SYR,29,5,0,0,0,0.0,0.0,0.006896551724138029,79,29,79,-5.597567390246287,2026-02-25T15:18:08.784Z
2025-09-01,ISR,IRN,65,9,0,0,0,0.0,0.0,-2.209230769230769,206,65,206,-2.493674713962276,2026-02-25T15:18:08.784Z
2025-09-01,SYR,PSE,8,0,0,0,0,0.0,0.0,-1.825,19,8,19,-1.1584631982704663,2026-02-25T15:18:08.784Z
2025-09-01,ETH,GBR,6,0,0,0,0,0.0,0.0,0.3,28,6,28,-9.462686567164178,2026-02-25T15:18:08.784Z
2025-09-01,IND,CHN,5,0,0,0,0,0.0,0.0,-0.5000000000000002,9,5,9,-1.726141557449138,2026-02-25T15:18:08.784Z
2025-09-01,PAK,IRN,14,0,0,0,0,0.0,0.0,0.8285714285714284,34,14,34,-4.2060583871454975,2026-02-25T15:18:08.784Z
2025-09-01,USA,CHN,217,24,6,5,1,0.055299539170506916,1.327188940092166,0.38847926267281113,784,221,777,-0.9987502018215881,2026-02-25T15:18:08.784Z
2025-09-01,UKR,GBR,60,0,0,0,0,0.0,0.0,1.346666666666666,321,116,321,-0.24191273592977455,2026-02-25T15:18:08.784Z
2025-09-01,FRA,CHN,22,0,0,0,0,0.0,0.0,2.6636363636363636,73,22,73,0.2765248920611182,2026-02-25T15:18:08.784Z
2025-09-01,USA,ARG,17,0,0,0,0,0.0,0.0,2.2176470588235295,50,17,50,0.010130712080546415,2026-02-25T15:18:08.784Z
2025-09-01,CHN,CHN,254,12,10,1,3,0.05511811023622047,0.6614173228346456,0.9236220472440948,948,265,907,-0.711577760684717,2026-02-25T15:18:08.784Z
2025-09-01,PSE,EGY,52,0,0,0,0,0.0,0.0,2.3384615384615386,121,52,121,-2.15755520812416,2026-02-25T15:18:08.784Z
2025-09-01,GBR,UKR,53,0,0,0,0,0.0,0.0,2.0018867924528294,247,135,247,-0.21449261973619854,2026-02-25T15:18:08.784Z
2025-09-01,CHN,IRN,16,0,0,0,0,0.0,0.0,5.125,72,16,72,-1.5034278417440567,2026-02-25T15:18:08.784Z
2025-09-01,USA,VEN,40,4,0,2,0,0.05,0.2,-1.6950000000000003,129,40,129,-3.944780118353882,2026-02-25T15:18:08.784Z
2025-09-01,EGY,PAK,23,0,0,0,0,0.0,0.0,3.6608695652173915,74,23,74,-1.250570971690432,2026-02-25T15:18:08.784Z
2025-09-01,BRA,CHN,2,0,0,0,0,0.0,0.0,2.8,2,2,2,0.54578532443905,2026-02-25T15:18:08.784Z
2025-09-01,MEX,ISR,6,0,0,0,0,0.0,0.0,4.133333333333334,6,6,6,-0.22874754056403004,2026-02-25T15:18:08.784Z
2025-09-01,GBR,PRK,2,0,0,0,0,0.0,0.0,-5.0,6,2,6,-3.52112676056338,2026-02-25T15:18:08.784Z
2025-09-01,RUS,GBR,70,9,1,0,0,0.014285714285714285,0.12857142857142856,0.11714285714285713,312,119,304,-5.623494932355314,2026-02-25T15:18:08.784Z
2025-09-01,TUR,ISR,88,3,0,0,0,0.0,0.0,1.9534090909090922,241,98,241,-0.25995721396761623,2026-02-25T15:18:08.784Z
2025-09-01,IRN,PAK,6,0,0,0,0,0.0,0.0,1.8999999999999997,20,6,20,-0.6880329184250801,2026-02-25T15:18:08.784Z
2025-09-01,PRK,PRK,25,0,3,0,0,0.12,0.0,1.9679999999999997,52,25,52,-2.110490600919159,2026-02-25T15:18:08.784Z
2025-09-01,IND,PSE,13,0,0,0,0,0.0,0.0,4.323076923076923,28,13,28,0.27707992102789386,2026-02-25T15:18:08.784Z
2025-09-01,KOR,PSE,1,0,0,0,0,0.0,0.0,3.4,2,1,2,0.68104426787741,2026-02-25T15:18:08.784Z
2025-09-01,CHN,EGY,1,0,0,0,0,0.0,0.0,1.0,4,1,4,5.64516129032258,2026-02-25T15:18:08.784Z
2025-09-01,PAK,PSE,79,2,0,0,0,0.0,0.0,2.729113924050634,181,79,173,0.507519066311396,2026-02-25T15:18:08.784Z
2025-09-01,GBR,CHN,63,2,0,0,0,0.0,0.0,-2.022222222222222,248,63,246,-3.051442989730038,2026-02-25T15:18:08.784Z
2025-09-01,PAK,CHN,28,0,0,0,0,0.0,0.0,2.3607142857142853,68,28,68,-1.1857227224717717,2026-02-25T15:18:08.784Z
2025-09-01,BRA,MEX,2,0,0,0,0,0.0,0.0,0.0,4,2,4,2.77264325323475,2026-02-25T15:18:08.784Z
2025-09-01,TUR,EGY,50,0,0,0,0,0.0,0.0,4.332000000000001,166,64,166,-0.40602236331472624,2026-02-25T15:18:08.784Z
2025-09-01,ISR,TUR,47,0,1,0,0,0.02127659574468085,0.0,0.23829787234042552,163,53,163,-1.2582748162320727,2026-02-25T15:18:08.784Z
2025-09-01,KOR,SYR,4,0,0,0,0,0.0,0.0,3.55,14,4,14,4.9872122762148345,2026-02-25T15:18:08.784Z
2025-09-01,SYR,UKR,2,0,0,0,0,0.0,0.0,7.7,4,2,4,-0.5353269647884101,2026-02-25T15:18:08.784Z
2025-09-01,RUS,DEU,29,0,1,0,0,0.034482758620689655,0.0,0.18275862068965518,86,29,86,-4.888156231952952,2026-02-25T15:18:08.784Z
2025-09-01,PAK,DEU,8,0,0,0,0,0.0,0.0,4.425,18,8,18,5.744732974032332,2026-02-25T15:18:08.784Z
2025-09-01,TWN,CHN,41,8,0,0,0,0.0,0.0,-2.5878048780487806,129,41,129,-1.8150890579330143,2026-02-25T15:18:08.784Z
2025-09-01,PRK,USA,15,0,0,0,0,0.0,0.0,2.9533333333333327,30,15,30,-0.5979403570716626,2026-02-25T15:18:08.784Z
2025-09-01,EGY,SYR,1,0,0,0,0,0.0,0.0,2.8,2,1,2,-1.90343546889507,2026-02-25T15:18:08.784Z
2025-09-01,RUS,CHN,83,10,8,0,0,0.0963855421686747,0.963855421686747,1.0048192771084334,326,101,324,-2.2046348029606833,2026-02-25T15:18:08.784Z
2025-09-01,CHN,TWN,52,5,0,0,0,0.0,0.0,-0.076923076923077,199,53,194,-1.4612462667567117,2026-02-25T15:18:08.784Z
2025-09-01,TWN,DEU,9,0,0,0,0,0.0,0.0,5.300000000000001,30,9,26,1.7496431120628133,2026-02-25T15:18:08.784Z
2025-09-01,TUR,TUR,61,2,6,0,0,0.09836065573770492,0.19672131147540983,1.1278688524590164,137,61,131,-1.6806693575158411,2026-02-25T15:18:08.784Z
2025-09-01,GBR,USA,326,3,5,2,0,0.02147239263803681,0.06441717791411043,1.3438650306748463,1063,354,1063,-0.7996620756533697,2026-02-25T15:18:08.784Z
2025-09-01,RUS,PRK,16,0,0,0,0,0.0,0.0,1.81875,43,16,43,-1.3799744142181944,2026-02-25T15:18:08.784Z
2025-09-01,FRA,PSE,40,4,0,0,0,0.0,0.0,1.2575000000000003,138,42,138,-1.580425405860667,2026-02-25T15:18:08.784Z
2025-09-01,PSE,VEN,1,0,0,0,0,0.0,0.0,-10.0,3,1,3,2.38095238095238,2026-02-25T15:18:08.784Z
2025-09-01,PAK,IND,7,0,0,0,0,0.0,0.0,-1.5999999999999999,12,7,12,-7.41047185451277,2026-02-25T15:18:08.784Z
2025-09-01,COD,RWA,17,0,0,0,0,0.0,0.0,1.5294117647058825,52,17,44,-10.394219928625937,2026-02-25T15:18:08.784Z
2025-09-01,TWN,USA,31,4,0,0,0,0.0,0.0,1.0,97,31,97,0.8191279756580664,2026-02-25T15:18:08.784Z
2025-09-01,ISR,ETH,10,0,0,1,0,0.1,0.0,3.34,52,10,52,-1.90678036552907,2026-02-25T15:18:08.784Z
2025-09-01,USA,DEU,76,2,0,0,0,0.0,0.0,1.7381578947368435,243,76,239,-0.9088826150856008,2026-02-25T15:18:08.784Z
2025-09-01,RUS,USA,131,5,0,0,0,0.0,0.0,-0.27709923664122155,411,137,411,-4.017067171964306,2026-02-25T15:18:08.784Z
2025-09-01,CHN,TUR,9,0,0,0,0,0.0,0.0,-0.1333333333333333,34,9,34,1.7776151884094478,2026-02-25T15:18:08.784Z
2025-09-01,ARG,ISR,5,0,0,0,0,0.0,0.0,3.5200000000000005,14,5,14,-0.30941540815319196,2026-02-25T15:18:08.784Z
2025-09-01,RUS,IRN,22,4,0,0,0,0.0,0.0,-1.8363636363636366,60,22,60,-4.011707452024011,2026-02-25T15:18:08.784Z
2025-09-01,IRN,DEU,13,0,0,0,0,0.0,0.0,-0.08461538461538459,47,13,47,-5.585219862549792,2026-02-25T15:18:08.784Z
2025-09-01,TUR,RUS,11,0,0,0,0,0.0,0.0,0.4636363636363636,55,11,55,-0.10506878724458278,2026-02-25T15:18:08.784Z
2025-09-01,EGY,PSE,144,7,0,0,0,0.0,0.0,2.4631944444444454,338,149,335,-1.354683734103117,2026-02-25T15:18:08.784Z
2025-09-01,VEN,UKR,3,0,0,0,0,0.0,0.0,-10.0,10,3,10,-2.07373271889401,2026-02-25T15:18:08.784Z
2025-09-01,ISR,ISR,560,31,31,1,8,0.07142857142857142,2.214285714285714,0.6371428571428562,1450,630,1429,-2.224375574999012,2026-02-25T15:18:08.784Z
2025-09-01,KOR,GBR,2,0,0,0,0,0.0,0.0,-0.2,12,2,12,-2.244376569993145,2026-02-25T15:18:08.784Z
2025-09-01,PSE,ETH,5,0,0,0,0,0.0,0.0,-0.8599999999999998,8,5,8,-1.21739130434783,2026-02-25T15:18:08.784Z
2025-09-01,VEN,RUS,6,0,0,0,0,0.0,0.0,1.8999999999999997,16,6,16,-4.8946360992026205,2026-02-25T15:18:08.784Z
2025-09-01,IND,TUR,2,0,0,0,0,0.0,0.0,0.0,4,2,4,2.05479452054794,2026-02-25T15:18:08.784Z
2025-09-01,KOR,FRA,1,0,0,0,0,0.0,0.0,1.9,10,1,10,9.2702169625247,2026-02-25T15:18:08.784Z
2025-09-01,USA,UKR,138,5,1,0,0,0.007246376811594203,0.036231884057971016,1.9094202898550734,416,139,416,-2.7877516373894706,2026-02-25T15:18:08.784Z
2025-09-01,PSE,PSE,334,25,3,6,7,0.04790419161676647,1.1976047904191618,0.3628742514970065,931,359,929,-2.1769007711551707,2026-02-25T15:18:08.784Z
2025-09-01,CHN,ISR,23,0,0,0,0,0.0,0.0,0.9304347826086953,59,23,56,-0.30056203692071076,2026-02-25T15:18:08.784Z
2025-09-01,RUS,RUS,162,11,10,1,5,0.09876543209876543,1.0864197530864197,0.029629629629629492,561,176,528,-3.1539876461798904,2026-02-25T15:18:08.784Z
2025-09-01,ETH,ERI,4,0,0,0,0,0.0,0.0,-6.525,22,4,22,-4.340851254927393,2026-02-25T15:18:08.784Z
2025-09-01,EGY,TUR,47,0,0,0,0,0.0,0.0,5.034042553191489,116,48,116,-0.5113647998302803,2026-02-25T15:18:08.784Z
2025-09-01,PRK,UKR,17,0,0,0,0,0.0,0.0,-1.6941176470588235,98,17,98,0.07245571480989588,2026-02-25T15:18:08.784Z
2025-09-01,DEU,FRA,30,0,0,0,0,0.0,0.0,4.283333333333333,103,30,103,-4.03254369999171,2026-02-25T15:18:08.784Z
2025-09-01,DEU,RUS,46,3,0,0,0,0.0,0.0,-2.565217391304348,197,46,197,-3.058446915276258,2026-02-25T15:18:08.784Z
2025-09-01,UKR,PRK,11,0,0,0,0,0.0,0.0,-5.363636363636363,50,11,50,-0.19276138750965552,2026-02-25T15:18:08.784Z
2025-09-01,CHN,BRA,1,0,0,0,0,0.0,0.0,1.9,2,1,2,0.54578532443905,2026-02-25T15:18:08.784Z
2025-09-01,PRK,CHN,67,0,0,0,0,0.0,0.0,2.014925373134328,142,67,142,0.6516553877952269,2026-02-25T15:18:08.784Z
2025-09-01,FRA,RUS,18,2,0,0,0,0.0,0.0,-2.3,74,18,74,-4.060365853348191,2026-02-25T15:18:08.784Z
2025-09-01,EGY,DEU,3,0,0,0,0,0.0,0.0,3.0,10,3,10,-2.60688216892597,2026-02-25T15:18:08.784Z
2025-09-01,VEN,MEX,2,0,0,0,0,0.0,0.0,1.9,4,2,4,-2.83944243675788,2026-02-25T15:18:08.784Z
2025-09-01,GBR,ERI,1,0,0,0,0,0.0,0.0,2.8,2,1,2,-3.04347826086956,2026-02-25T15:18:08.784Z
2025-09-01,RUS,BRA,4,0,0,0,0,0.0,0.0,3.25,12,4,12,-2.46723207401696,2026-02-25T15:18:08.784Z
2025-09-01,RWA,MEX,1,0,0,0,0,0.0,0.0,0.0,2,1,2,-2.0,2026-02-25T15:18:08.784Z
2025-09-01,TWN,ISR,4,0,0,0,0,0.0,0.0,1.0,8,4,8,-1.98019801980198,2026-02-25T15:18:08.784Z
2025-09-01,ISR,TWN,6,0,0,0,0,0.0,0.0,1.8,16,6,16,-1.98019801980198,2026-02-25T15:18:08.784Z
2025-09-01,BRA,RUS,3,0,0,0,0,0.0,0.0,3.0,8,3,8,-2.46723207401696,2026-02-25T15:18:08.784Z
2025-09-01,ERI,FRA,1,0,0,0,0,0.0,0.0,7.4,10,1,10,-3.04347826086956,2026-02-25T15:18:08.784Z
2025-09-01,MEX,VEN,2,0,0,0,0,0.0,0.0,2.8,4,2,4,-2.83944243675788,2026-02-25T15:18:08.784Z
2025-09-01,UKR,BRA,2,0,0,0,0,0.0,0.0,4.0,4,2,4,-2.16329378925331,2026-02-25T15:18:08.784Z
2025-09-01,ERI,GBR,3,0,0,0,0,0.0,0.0,1.8999999999999997,12,3,12,-5.090209997042304,2026-02-25T15:18:08.784Z
2025-09-01,UKR,IND,3,0,0,0,0,0.0,0.0,0.26666666666666666,6,3,6,0.0,2026-02-25T15:18:08.784Z
2025-09-01,UKR,SYR,2,0,0,0,0,0.0,0.0,5.75,2,2,2,-2.14592274678112,2026-02-25T15:18:08.784Z
2025-10-01,PAK,IRN,13,1,1,0,0,0.07692307692307693,0.07692307692307693,0.8538461538461538,61,13,61,2.5229795551307665,2026-02-25T15:32:53.438Z
2025-10-01,CHN,ARG,6,0,0,0,0,0.0,0.0,4.6000000000000005,15,6,15,-2.5599395960235225,2026-02-25T15:32:53.438Z
2025-10-01,RUS,VEN,26,0,0,0,0,0.0,0.0,2.1653846153846152,74,26,74,-3.0815164782300895,2026-02-25T15:32:53.438Z
2025-10-01,CHN,CHN,504,10,49,5,3,0.1130952380952381,1.130952380952381,2.178174603174602,1557,523,1511,-0.5978206827410811,2026-02-25T15:32:53.438Z
2025-10-01,BRA,USA,26,0,0,0,1,0.038461538461538464,0.0,0.26538461538461544,92,26,92,-2.8892188046817893,2026-02-25T15:32:53.438Z
2025-10-01,RUS,USA,298,22,6,5,0,0.03691275167785235,0.8120805369127517,1.5372483221476512,919,340,904,-2.3335323689682608,2026-02-25T15:32:53.438Z
2025-10-01,IND,KOR,2,0,0,0,0,0.0,0.0,2.8,5,2,5,1.70575692963752,2026-02-25T15:32:53.438Z
2025-10-01,ARG,UKR,4,0,0,0,0,0.0,0.0,-10.0,21,4,21,-8.57142857142857,2026-02-25T15:32:53.438Z
2025-10-01,ARG,CHN,10,0,0,0,0,0.0,0.0,5.52,38,10,38,-2.2518650573860155,2026-02-25T15:32:53.438Z
2025-10-01,SYR,UKR,3,0,0,0,0,0.0,0.0,1.0,10,3,10,-0.66225165562914,2026-02-25T15:32:53.438Z
2025-10-01,IND,MEX,1,0,0,0,0,0.0,0.0,-2.0,4,1,4,-7.5,2026-02-25T15:32:53.438Z
2025-10-01,PAK,IND,7,1,0,0,0,0.0,0.0,-2.0,29,8,29,-3.9303206423146,2026-02-25T15:32:53.438Z
2025-10-01,IND,CHN,19,0,0,0,0,0.0,0.0,2.6631578947368424,47,20,47,0.8256303944907732,2026-02-25T15:32:53.438Z
2025-10-01,VEN,ARG,2,0,0,0,0,0.0,0.0,3.4,2,2,2,-3.97936624907885,2026-02-25T15:32:53.438Z
2025-10-01,IND,USA,63,0,0,0,1,0.015873015873015872,0.0,1.9634920634920634,199,65,199,-0.19925050478814546,2026-02-25T15:32:53.438Z
2025-10-01,BRA,CHN,8,0,0,0,0,0.0,0.0,2.825,26,8,26,2.9046704046704055,2026-02-25T15:32:53.438Z
2025-10-01,USA,IRN,84,0,0,0,0,0.0,0.0,-2.210714285714285,252,85,252,-3.5560769311194944,2026-02-25T15:32:53.438Z
2025-10-01,RWA,COD,13,0,0,0,0,0.0,0.0,2.4923076923076923,64,13,64,-2.354916736060333,2026-02-25T15:32:53.438Z
2025-10-01,ISR,RUS,7,0,0,0,0,0.0,0.0,1.4285714285714286,18,7,18,-3.1566384335646567,2026-02-25T15:32:53.438Z
2025-10-01,IND,DEU,2,0,0,0,0,0.0,0.0,2.3499999999999996,10,2,10,7.05289672544081,2026-02-25T15:32:53.438Z
2025-10-01,GBR,USA,293,4,0,1,5,0.020477815699658702,0.08191126279863481,0.8000000000000018,845,300,838,-1.3323495707595774,2026-02-25T15:32:53.438Z
2025-10-01,GBR,RUS,68,3,1,0,0,0.014705882352941176,0.044117647058823525,-0.45588235294117646,310,93,292,-3.1223718377648586,2026-02-25T15:32:53.438Z
2025-10-01,EGY,ETH,3,0,0,0,0,0.0,0.0,-2.6666666666666665,25,3,25,-8.06782621632339,2026-02-25T15:32:53.438Z
2025-10-01,DEU,IRN,4,0,0,0,0,0.0,0.0,-2.25,10,4,10,-0.25380710659899,2026-02-25T15:32:53.438Z
2025-10-01,CHN,RWA,2,0,0,0,0,0.0,0.0,2.8,8,2,8,4.24242424242424,2026-02-25T15:32:53.438Z
2025-10-01,UKR,UKR,153,2,0,0,2,0.013071895424836602,0.026143790849673203,-0.9993464052287581,591,176,590,-3.748056421215498,2026-02-25T15:32:53.438Z
2025-10-01,USA,ISR,308,7,3,1,2,0.01948051948051948,0.13636363636363635,0.5240259740259742,844,334,844,-3.475497587422089,2026-02-25T15:32:53.438Z
2025-10-01,USA,VEN,129,16,1,1,0,0.015503875968992248,0.24806201550387597,-2.6170542635658913,441,139,441,-4.748515228989829,2026-02-25T15:32:53.438Z
2025-10-01,CHN,PAK,16,1,0,0,0,0.0,0.0,2.4499999999999997,77,16,77,0.3601749828912159,2026-02-25T15:32:53.438Z
2025-10-01,IND,GBR,17,0,0,0,0,0.0,0.0,0.823529411764706,50,19,50,-0.6135953614859952,2026-02-25T15:32:53.438Z
2025-10-01,KOR,USA,248,0,1,0,8,0.036290322580645164,0.0,2.886693548387096,852,253,818,0.7913501249906071,2026-02-25T15:32:53.438Z
2025-10-01,VEN,USA,125,6,0,0,3,0.024,0.14400000000000002,-0.2479999999999999,404,130,402,-4.415826404496399,2026-02-25T15:32:53.438Z
2025-10-01,CHN,FRA,12,0,0,0,0,0.0,0.0,-2.5833333333333335,33,12,33,3.2497812198036358,2026-02-25T15:32:53.438Z
2025-10-01,CHN,RUS,140,4,3,1,0,0.02857142857142857,0.11428571428571428,1.7050000000000003,470,157,470,-1.879671371225714,2026-02-25T15:32:53.438Z
2025-10-01,MEX,CHN,6,0,0,0,0,0.0,0.0,6.3999999999999995,16,6,16,-2.3501567319372003,2026-02-25T15:32:53.438Z
2025-10-01,IRN,KOR,3,0,0,0,0,0.0,0.0,0.0,10,3,10,-9.51351351351351,2026-02-25T15:32:53.438Z
2025-10-01,ETH,GBR,4,0,0,0,0,0.0,0.0,-1.55,8,4,8,-5.7626774847870195,2026-02-25T15:32:53.438Z
2025-10-01,CHN,USA,612,20,12,2,2,0.026143790849673203,0.5228758169934641,1.9673202614379062,2018,625,2003,-1.0635168621977555,2026-02-25T15:32:53.438Z
2025-10-01,DEU,DEU,67,2,3,0,1,0.05970149253731343,0.11940298507462686,0.680597014925373,215,70,215,-1.867485026616057,2026-02-25T15:32:53.438Z
2025-10-01,IND,PSE,2,0,0,0,0,0.0,0.0,8.3,6,2,6,0.98039215686275,2026-02-25T15:32:53.438Z
2025-10-01,PRK,IRN,2,2,0,0,0,0.0,0.0,-4.4,6,2,6,-3.61290322580645,2026-02-25T15:32:53.438Z
2025-10-01,USA,PSE,97,9,0,0,1,0.010309278350515464,0.09278350515463918,-1.1567010309278347,315,124,313,-2.9677997542957133,2026-02-25T15:32:53.438Z
2025-10-01,SYR,ISR,6,2,0,0,0,0.0,0.0,-0.2833333333333335,12,6,12,-1.4832561652169682,2026-02-25T15:32:53.438Z
2025-10-01,BRA,MEX,1,0,0,0,0,0.0,0.0,1.9,2,1,2,0.37174721189591,2026-02-25T15:32:53.438Z
2025-10-01,USA,CHN,595,22,11,5,3,0.031932773109243695,0.7025210084033613,2.0685714285714254,1967,622,1944,-0.8797136514183148,2026-02-25T15:32:53.438Z
2025-10-01,TWN,KOR,5,0,0,0,0,0.0,0.0,1.3599999999999999,9,5,9,-0.03141952565864199,2026-02-25T15:32:53.438Z
2025-10-01,BRA,TUR,3,0,0,0,0,0.0,0.0,6.400000000000001,10,3,10,-0.8595988538681999,2026-02-25T15:32:53.438Z
2025-10-01,PSE,PSE,119,5,0,0,2,0.01680672268907563,0.08403361344537814,0.6966386554621847,561,154,559,-4.800184184775684,2026-02-25T15:32:53.438Z
2025-10-01,DEU,PSE,5,0,0,0,0,0.0,0.0,-6.840000000000001,12,5,12,-5.217626125203642,2026-02-25T15:32:53.438Z
2025-10-01,MEX,TWN,3,0,0,0,0,0.0,0.0,-4.0,6,3,6,1.32132132132132,2026-02-25T15:32:53.438Z
2025-10-01,KOR,RUS,49,0,0,0,0,0.0,0.0,1.6816326530612247,133,49,133,-1.9192784962433735,2026-02-25T15:32:53.438Z
2025-10-01,IND,PAK,11,1,0,0,0,0.0,0.0,-2.8181818181818183,34,11,34,-2.9176841174994026,2026-02-25T15:32:53.438Z
2025-10-01,CHN,VEN,4,0,1,0,0,0.25,0.0,2.15,14,4,14,-3.5290987605941146,2026-02-25T15:32:53.438Z
2025-10-01,EGY,COD,3,0,0,0,0,0.0,0.0,4.933333333333334,9,3,9,2.9072045288363366,2026-02-25T15:32:53.438Z
2025-10-01,IND,RUS,3,0,0,0,0,0.0,0.0,-2.0,16,3,16,-3.1229172908794696,2026-02-25T15:32:53.438Z
2025-10-01,RWA,FRA,6,2,0,0,0,0.0,0.0,-1.9333333333333336,11,8,11,-1.0517179516937498,2026-02-25T15:32:53.438Z
2025-10-01,SYR,DEU,6,1,1,0,0,0.16666666666666666,0.16666666666666666,0.6,29,6,29,-0.89058524173028,2026-02-25T15:32:53.438Z
2025-10-01,EGY,TUR,1,0,0,0,0,0.0,0.0,5.2,1,1,1,1.18946474086661,2026-02-25T15:32:53.438Z
2025-10-01,EGY,CHN,2,0,0,0,0,0.0,0.0,-0.30000000000000004,7,2,7,-0.745845552297165,2026-02-25T15:32:53.438Z
2025-10-01,KOR,PSE,1,0,0,0,0,0.0,0.0,0.0,2,1,2,3.66430260047281,2026-02-25T15:32:53.438Z
2025-10-01,RUS,ISR,2,0,0,0,0,0.0,0.0,0.7,6,2,6,-3.506757426560485,2026-02-25T15:32:53.438Z
2025-10-01,SYR,IRN,1,0,0,0,0,0.0,0.0,2.8,4,1,4,-3.39366515837104,2026-02-25T15:32:53.438Z
2025-10-01,GBR,PSE,19,0,0,0,0,0.0,0.0,0.6894736842105262,50,19,50,-4.376535282872901,2026-02-25T15:32:53.438Z
2025-10-01,RUS,GBR,28,0,1,0,0,0.03571428571428571,0.0,-0.6142857142857142,127,52,127,-2.970549933053783,2026-02-25T15:32:53.438Z
2025-10-01,MEX,SYR,1,0,0,0,0,0.0,0.0,6.4,2,1,2,1.42405063291139,2026-02-25T15:32:53.438Z
2025-10-01,KOR,ISR,2,0,0,0,0,0.0,0.0,3.2,7,2,7,1.36222648820633,2026-02-25T15:32:53.438Z
2025-10-01,KOR,MEX,2,0,0,0,0,0.0,0.0,7.0,14,2,14,0.52317537184365,2026-02-25T15:32:53.438Z
2025-10-01,FRA,IRN,11,0,0,0,0,0.0,0.0,0.2545454545454545,39,11,39,-5.438841843762864,2026-02-25T15:32:53.438Z
2025-10-01,PSE,UKR,10,0,0,0,0,0.0,0.0,3.44,15,10,15,-1.354258950721412,2026-02-25T15:32:53.438Z
2025-10-01,USA,RUS,358,27,5,1,5,0.030726256983240222,0.829608938547486,0.8139664804469277,1108,386,1098,-2.2783792415534134,2026-02-25T15:32:53.438Z
2025-10-01,TUR,UKR,1,0,0,0,0,0.0,0.0,4.0,4,1,4,0.0,2026-02-25T15:32:53.438Z
2025-10-01,USA,MEX,129,1,0,3,0,0.023255813953488372,0.023255813953488372,0.5713178294573639,395,134,395,-2.7986711300627136,2026-02-25T15:32:53.438Z
2025-10-01,UKR,ISR,14,0,1,0,0,0.07142857142857142,0.0,2.0214285714285714,40,14,40,-3.1686520153780404,2026-02-25T15:32:53.438Z
2025-10-01,IRN,SYR,2,0,0,0,0,0.0,0.0,1.9,4,2,4,-3.39366515837104,2026-02-25T15:32:53.438Z
2025-10-01,COD,CHN,3,0,0,0,0,0.0,0.0,8.0,5,3,5,2.57826887661141,2026-02-25T15:32:53.438Z
2025-10-01,DEU,ISR,29,0,0,0,0,0.0,0.0,1.4689655172413791,65,29,65,-3.4640998204226277,2026-02-25T15:32:53.438Z
2025-10-01,TWN,TWN,22,2,0,0,0,0.0,0.0,1.6363636363636365,61,22,61,-0.059125702808747,2026-02-25T15:32:53.438Z
2025-10-01,KOR,VEN,4,0,0,0,0,0.0,0.0,-2.0,20,4,20,-9.51351351351351,2026-02-25T15:32:53.438Z
2025-10-01,PRK,KOR,72,3,1,0,0,0.013888888888888888,0.041666666666666664,1.8680555555555556,308,102,307,-0.8974731372343121,2026-02-25T15:32:53.438Z
2025-10-01,TUR,GBR,12,0,0,0,0,0.0,0.0,2.3000000000000003,38,12,38,-0.6291022047250001,2026-02-25T15:32:53.438Z
2025-10-01,RUS,PSE,5,0,0,0,0,0.0,0.0,1.3800000000000001,20,5,20,-2.2778111014092923,2026-02-25T15:32:53.438Z
2025-10-01,FRA,COD,10,0,0,0,0,0.0,0.0,1.24,58,11,55,-2.682548391031933,2026-02-25T15:32:53.438Z
2025-10-01,ARG,BRA,5,0,0,0,0,0.0,0.0,3.5199999999999996,11,5,11,-0.298075346031244,2026-02-25T15:32:53.438Z
2025-10-01,TUR,CHN,5,0,0,0,0,0.0,0.0,3.28,8,5,8,1.740282331915798,2026-02-25T15:32:53.438Z
2025-10-01,EGY,IRN,9,0,0,0,2,0.2222222222222222,0.0,1.2222222222222223,34,9,34,1.1848077154843313,2026-02-25T15:32:53.438Z
2025-10-01,IRN,CHN,20,3,0,0,0,0.0,0.0,0.9400000000000002,60,20,60,-1.6173614594775603,2026-02-25T15:32:53.438Z
2025-10-01,KOR,PAK,3,0,0,0,0,0.0,0.0,5.666666666666667,7,3,7,-0.2327044025157233,2026-02-25T15:32:53.438Z
2025-10-01,FRA,KOR,3,0,0,0,0,0.0,0.0,2.6333333333333333,4,3,4,2.6065545933095633,2026-02-25T15:32:53.438Z
2025-10-01,IND,IRN,2,0,0,0,0,0.0,0.0,0.95,12,2,12,-0.5770363559603445,2026-02-25T15:32:53.438Z
2025-10-01,PSE,IRN,8,0,0,0,0,0.0,0.0,-2.5,14,8,14,-7.899374300280844,2026-02-25T15:32:53.438Z
2025-10-01,PAK,USA,22,0,0,0,0,0.0,0.0,2.1318181818181814,70,22,70,-1.889784777131684,2026-02-25T15:32:53.438Z
2025-10-01,CHN,TWN,122,15,1,0,0,0.00819672131147541,0.12295081967213116,-0.9811475409836069,325,123,325,-1.411987476874405,2026-02-25T15:32:53.438Z
2025-10-01,IRN,USA,50,3,3,0,0,0.06,0.18,0.49,138,50,138,-4.130149342688761,2026-02-25T15:32:53.438Z
2025-10-01,KOR,GBR,5,0,0,0,0,0.0,0.0,0.22000000000000003,18,5,18,0.2196874705812199,2026-02-25T15:32:53.438Z
2025-10-01,RWA,GBR,1,0,0,0,0,0.0,0.0,3.4,1,1,1,2.64650283553875,2026-02-25T15:32:53.438Z
2025-10-01,GBR,SYR,3,0,0,0,0,0.0,0.0,-1.7333333333333332,8,3,8,-8.516593916718634,2026-02-25T15:32:53.438Z
2025-10-01,USA,USA,4291,152,66,38,40,0.033558611046376134,5.100908879049173,0.6894896294570151,14122,4542,13968,-2.412924250884928,2026-02-25T15:32:53.438Z
2025-10-01,USA,PAK,18,3,0,0,0,0.0,0.0,-0.288888888888889,49,18,49,-1.7680105273882056,2026-02-25T15:32:53.438Z
2025-10-01,ISR,TUR,56,0,0,0,0,0.0,0.0,1.9410714285714294,193,82,193,-2.9232951256704887,2026-02-25T15:32:53.438Z
2025-10-01,ISR,SYR,7,0,0,0,0,0.0,0.0,-1.6285714285714286,14,7,14,-2.423716638353229,2026-02-25T15:32:53.438Z
2025-10-01,UKR,GBR,8,0,0,0,0,0.0,0.0,-0.26250000000000007,18,8,13,-3.9686602923896706,2026-02-25T15:32:53.438Z
2025-10-01,KOR,PRK,81,0,1,0,0,0.012345679012345678,0.0,3.2098765432098766,321,112,321,-0.4041644473430985,2026-02-25T15:32:53.438Z
2025-10-01,SYR,RUS,26,0,3,0,0,0.11538461538461539,0.0,4.242307692307692,84,26,84,-0.7229824730179721,2026-02-25T15:32:53.438Z
2025-10-01,UKR,USA,190,5,10,0,0,0.05263157894736842,0.2631578947368421,1.996315789473685,706,213,694,-2.6459325142751107,2026-02-25T15:32:53.438Z
2025-10-01,EGY,PSE,43,8,0,1,0,0.023255813953488372,0.18604651162790697,0.06744186046511624,148,49,144,-2.865020028260427,2026-02-25T15:32:53.438Z
2025-10-01,USA,TWN,34,2,0,0,0,0.0,0.0,1.2705882352941178,135,34,135,-1.046260030085879,2026-02-25T15:32:53.438Z
2025-10-01,UKR,SYR,3,0,0,0,0,0.0,0.0,1.0,10,3,10,-0.66225165562914,2026-02-25T15:32:53.438Z
2025-10-01,RUS,RUS,315,34,16,2,1,0.06031746031746032,2.0507936507936506,0.2577777777777778,1085,355,986,-3.246013933514496,2026-02-25T15:32:53.438Z
2025-10-01,USA,PRK,11,0,0,0,0,0.0,0.0,-0.06363636363636362,42,11,42,-1.7176599887957715,2026-02-25T15:32:53.438Z
2025-10-01,ETH,ETH,14,2,0,0,0,0.0,0.0,-3.542857142857143,52,14,52,-4.026331160571471,2026-02-25T15:32:53.438Z
2025-10-01,KOR,IRN,3,0,0,0,0,0.0,0.0,0.0,10,3,10,-9.51351351351351,2026-02-25T15:32:53.438Z
2025-10-01,RUS,TUR,6,0,0,0,0,0.0,0.0,2.5,13,6,13,-0.47845790351560974,2026-02-25T15:32:53.438Z
2025-10-01,PSE,IND,2,0,0,0,0,0.0,0.0,9.0,6,2,6,0.98039215686275,2026-02-25T15:32:53.438Z
2025-10-01,TUR,FRA,2,0,0,0,0,0.0,0.0,-5.0,10,2,10,-7.054263565891465,2026-02-25T15:32:53.438Z
2025-10-01,CHN,COD,3,0,0,0,0,0.0,0.0,8.0,5,3,5,2.57826887661141,2026-02-25T15:32:53.438Z
2025-10-01,EGY,FRA,1,0,0,0,0,0.0,0.0,-10.0,2,1,2,2.18181818181818,2026-02-25T15:32:53.438Z
2025-10-01,VEN,RUS,24,0,0,0,0,0.0,0.0,2.4999999999999996,77,24,77,-3.4717924151270387,2026-02-25T15:32:53.438Z
2025-10-01,GBR,IRN,19,6,0,0,0,0.0,0.0,-1.0368421052631576,62,19,62,-3.4933188322902065,2026-02-25T15:32:53.438Z
2025-10-01,TWN,CHN,81,2,1,0,0,0.012345679012345678,0.024691358024691357,1.092592592592593,237,81,237,-1.0402055786173758,2026-02-25T15:32:53.438Z
2025-10-01,GBR,IND,19,0,0,0,0,0.0,0.0,0.5684210526315789,59,19,59,0.09649418714862694,2026-02-25T15:32:53.438Z
2025-10-01,DEU,USA,102,0,0,0,0,0.0,0.0,0.4715686274509802,293,110,291,-2.6212399127143238,2026-02-25T15:32:53.438Z
2025-10-01,RUS,KOR,29,0,0,0,0,0.0,0.0,2.5379310344827584,72,31,72,-1.5642554064930603,2026-02-25T15:32:53.438Z
2025-10-01,ARG,USA,28,3,0,0,1,0.03571428571428571,0.10714285714285714,0.4607142857142858,88,30,88,-1.0370105709305493,2026-02-25T15:32:53.438Z
2025-10-01,MEX,MEX,77,1,0,0,2,0.025974025974025976,0.025974025974025976,2.1000000000000005,261,78,261,-2.1472806139920424,2026-02-25T15:32:53.438Z
2025-10-01,MEX,ARG,3,0,0,0,0,0.0,0.0,5.333333333333333,15,3,15,4.766756848552987,2026-02-25T15:32:53.438Z
2025-10-01,ISR,EGY,80,0,0,0,0,0.0,0.0,2.79,237,122,237,-2.785796796632494,2026-02-25T15:32:53.438Z
2025-10-01,MEX,USA,146,5,1,0,0,0.00684931506849315,0.03424657534246575,0.9465753424657534,439,146,429,-1.8658368365840554,2026-02-25T15:32:53.438Z
2025-10-01,BRA,RWA,2,0,0,0,0,0.0,0.0,1.9,5,2,5,7.57575757575758,2026-02-25T15:32:53.438Z
2025-10-01,SYR,GBR,4,0,0,0,0,0.0,0.0,-3.35,10,4,10,-8.44626896695074,2026-02-25T15:32:53.438Z
2025-10-01,CHN,PRK,11,2,0,0,0,0.0,0.0,0.6454545454545453,47,12,47,0.024795656803695068,2026-02-25T15:32:53.438Z
2025-10-01,FRA,UKR,3,1,0,0,0,0.0,0.0,-0.8000000000000002,11,3,11,-4.257029000733593,2026-02-25T15:32:53.438Z
2025-10-01,FRA,DEU,48,0,0,0,0,0.0,0.0,1.6937500000000003,146,48,146,-4.817036724665859,2026-02-25T15:32:53.438Z
2025-10-01,TUR,IND,2,0,0,0,0,0.0,0.0,3.4,2,2,2,-0.37878787878788,2026-02-25T15:32:53.438Z
2025-10-01,TUR,TUR,24,1,1,0,0,0.041666666666666664,0.041666666666666664,0.9625,60,24,60,-1.6269502265709228,2026-02-25T15:32:53.438Z
2025-10-01,KOR,IND,2,0,0,0,0,0.0,0.0,0.95,7,2,7,1.480118608187935,2026-02-25T15:32:53.438Z
2025-10-01,IRN,IRN,35,2,3,0,1,0.11428571428571428,0.22857142857142856,-2.2200000000000006,107,35,107,-5.21941779611417,2026-02-25T15:32:53.438Z
2025-10-01,MEX,GBR,7,0,0,0,0,0.0,0.0,5.114285714285714,21,7,21,1.2300606663192657,2026-02-25T15:32:53.438Z
2025-10-01,ISR,VEN,1,0,0,0,0,0.0,0.0,-4.0,2,1,2,-10.0702576112412,2026-02-25T15:32:53.438Z
2025-10-01,PAK,SYR,3,0,0,0,0,0.0,0.0,2.5,10,3,10,3.5264483627204,2026-02-25T15:32:53.438Z
2025-10-01,DEU,TUR,14,0,0,0,0,0.0,0.0,2.6428571428571423,23,14,23,-1.1228451276734965,2026-02-25T15:32:53.438Z
2025-10-01,RWA,BRA,2,0,0,0,0,0.0,0.0,2.8,5,2,5,7.57575757575758,2026-02-25T15:32:53.438Z
2025-10-01,IRN,DEU,13,0,0,0,0,0.0,0.0,0.5384615384615384,39,13,39,-7.94542509935007,2026-02-25T15:32:53.438Z
2025-10-01,EGY,EGY,27,0,0,0,0,0.0,0.0,1.385185185185185,86,27,86,0.5371448317482933,2026-02-25T15:32:53.438Z
2025-10-01,PRK,PRK,1,0,0,0,0,0.0,0.0,0.0,3,1,3,-5.45977011494253,2026-02-25T15:32:53.438Z
2025-10-01,ETH,PSE,1,0,0,0,0,0.0,0.0,-2.0,1,1,1,-4.10852713178294,2026-02-25T15:32:53.438Z
2025-10-01,DEU,IND,2,0,0,0,0,0.0,0.0,2.3499999999999996,10,2,10,7.05289672544081,2026-02-25T15:32:53.438Z
2025-10-01,MEX,DEU,5,0,0,0,0,0.0,0.0,2.4,9,5,9,-6.371921182266008,2026-02-25T15:32:53.438Z
2025-10-01,EGY,GBR,6,0,0,0,0,0.0,0.0,2.733333333333333,28,6,28,1.831933642345455,2026-02-25T15:32:53.438Z
2025-10-01,MEX,FRA,2,0,0,0,0,0.0,0.0,0.3999999999999999,4,2,4,4.143120393120395,2026-02-25T15:32:53.438Z
2025-10-01,TWN,BRA,1,0,0,0,0,0.0,0.0,0.0,10,1,10,8.96739130434783,2026-02-25T15:32:53.438Z
2025-10-01,PAK,PAK,112,4,0,0,0,0.0,0.0,-0.8214285714285714,319,114,317,-3.2619589095445183,2026-02-25T15:32:53.438Z
2025-10-01,GBR,FRA,51,0,0,0,0,0.0,0.0,0.8098039215686272,210,53,196,0.20512352809977066,2026-02-25T15:32:53.438Z
2025-10-01,ISR,CHN,1,0,0,0,0,0.0,0.0,-4.0,1,1,1,-3.61290322580645,2026-02-25T15:32:53.438Z
2025-10-01,PAK,CHN,19,0,0,0,0,0.0,0.0,4.6842105263157885,59,19,59,1.6998353182904085,2026-02-25T15:32:53.438Z
2025-10-01,TUR,PRK,4,0,0,0,0,0.0,0.0,1.4,5,4,5,-0.051484206412589995,2026-02-25T15:32:53.438Z
2025-10-01,IRN,PAK,6,0,1,0,0,0.16666666666666666,0.0,5.8,20,6,20,5.572283434650452,2026-02-25T15:32:53.438Z
2025-10-01,CHN,IND,14,0,0,0,0,0.0,0.0,5.142857142857143,35,14,35,1.4001622549189356,2026-02-25T15:32:53.438Z
2025-10-01,RWA,USA,2,0,0,0,0,0.0,0.0,5.0,2,2,2,1.1600928074246,2026-02-25T15:32:53.438Z
2025-10-01,UKR,RUS,471,19,0,0,1,0.0021231422505307855,0.040339702760084924,-1.2038216560509558,1528,508,1516,-3.875605471528669,2026-02-25T15:32:53.438Z
2025-10-01,USA,EGY,60,0,0,0,0,0.0,0.0,2.595,226,78,226,-1.6895255506893794,2026-02-25T15:32:53.438Z
2025-10-01,PSE,FRA,5,0,0,0,0,0.0,0.0,1.5399999999999998,14,5,14,-0.36212575098062416,2026-02-25T15:32:53.438Z
2025-10-01,UKR,DEU,7,0,0,0,0,0.0,0.0,2.5142857142857147,22,7,22,-2.92916036109382,2026-02-25T15:32:53.438Z
2025-10-01,DEU,GBR,29,0,0,0,0,0.0,0.0,1.1482758620689653,88,29,88,0.03075038044001933,2026-02-25T15:32:53.438Z
2025-10-01,USA,TUR,14,0,0,0,0,0.0,0.0,-0.04999999999999998,46,18,46,-4.1750874008510435,2026-02-25T15:32:53.438Z
2025-10-01,GBR,BRA,8,0,0,0,0,0.0,0.0,3.225,51,8,51,2.5796419924085563,2026-02-25T15:32:53.438Z
2025-10-01,PSE,PAK,10,3,0,0,0,0.0,0.0,2.12,13,10,13,-1.4956013737423899,2026-02-25T15:32:53.438Z
2025-10-01,IRN,VEN,8,0,0,0,0,0.0,0.0,-2.0,22,8,22,-7.9297561620299994,2026-02-25T15:32:53.438Z
2025-10-01,DEU,SYR,20,0,3,0,0,0.15,0.0,2.17,58,20,58,-2.201784781679217,2026-02-25T15:32:53.438Z
2025-10-01,PRK,CHN,9,4,0,0,0,0.0,0.0,-0.20000000000000018,37,11,37,-0.40084448110426213,2026-02-25T15:32:53.438Z
2025-10-01,PSE,SYR,1,0,0,0,0,0.0,0.0,2.8,2,1,2,2.4793388429752,2026-02-25T15:32:53.438Z
2025-10-01,PAK,DEU,2,0,0,0,0,0.0,0.0,1.0,10,2,10,-3.82848392036753,2026-02-25T15:32:53.438Z
2025-10-01,ETH,USA,1,0,0,0,0,0.0,0.0,0.4,3,1,3,-6.59195781147001,2026-02-25T15:32:53.438Z
2025-10-01,GBR,GBR,395,11,8,1,4,0.03291139240506329,0.36202531645569624,-0.18556962025316448,1418,421,1406,-2.1524373062825886,2026-02-25T15:32:53.438Z
2025-10-01,RUS,CHN,155,10,3,0,0,0.01935483870967742,0.1935483870967742,1.900645161290323,524,164,521,-1.5943309075193317,2026-02-25T15:32:53.438Z
2025-10-01,PSE,USA,45,5,0,0,0,0.0,0.0,-0.7733333333333333,201,60,199,-3.4507524608901217,2026-02-25T15:32:53.438Z
2025-10-01,SYR,PAK,3,0,0,0,0,0.0,0.0,2.5,10,3,10,3.5264483627204,2026-02-25T15:32:53.438Z
2025-10-01,EGY,ISR,56,1,0,0,0,0.0,0.0,2.2589285714285716,179,65,175,-2.395656790071071,2026-02-25T15:32:53.438Z
2025-10-01,IRN,FRA,1,0,0,0,0,0.0,0.0,1.9,7,1,7,-3.66197183098592,2026-02-25T15:32:53.438Z
2025-10-01,DEU,UKR,8,0,0,0,0,0.0,0.0,1.8125,35,8,35,1.2543900689735499,2026-02-25T15:32:53.438Z
2025-10-01,RUS,IND,5,0,0,0,0,0.0,0.0,-1.8,17,6,17,2.409928516305016,2026-02-25T15:32:53.438Z
2025-10-01,CHN,TUR,16,0,0,0,0,0.0,0.0,2.8375,30,16,30,0.10058685296434244,2026-02-25T15:32:53.438Z
2025-10-01,PRK,UKR,6,0,0,0,0,0.0,0.0,-7.2,24,6,24,-1.35138493333133,2026-02-25T15:32:53.438Z
2025-10-01,IND,IND,158,2,8,2,2,0.0759493670886076,0.1518987341772152,0.3449367088607594,612,168,612,-1.71664375475933,2026-02-25T15:32:53.438Z
2025-10-01,RUS,DEU,11,0,0,0,0,0.0,0.0,2.9545454545454546,35,11,35,-2.596083493731383,2026-02-25T15:32:53.438Z
2025-10-01,SYR,USA,6,0,0,0,0,0.0,0.0,1.7666666666666666,12,6,12,-4.95435139671231,2026-02-25T15:32:53.438Z
2025-10-01,DEU,BRA,2,0,0,0,0,0.0,0.0,0.0,10,2,10,8.96739130434783,2026-02-25T15:32:53.438Z
2025-10-01,VEN,KOR,2,0,0,0,0,0.0,0.0,0.0,10,2,10,-9.51351351351351,2026-02-25T15:32:53.438Z
2025-10-01,USA,UKR,256,8,7,4,0,0.04296875,0.34375,1.785546875,783,289,783,-2.6529269571892495,2026-02-25T15:32:53.438Z
2025-10-01,SYR,MEX,3,0,0,0,0,0.0,0.0,6.2,10,3,10,1.42405063291139,2026-02-25T15:32:53.438Z
2025-10-01,TWN,USA,20,1,0,0,0,0.0,0.0,1.8799999999999997,70,20,68,-0.44371170181276687,2026-02-25T15:32:53.438Z
2025-10-01,KOR,KOR,212,0,1,0,2,0.014150943396226415,0.0,3.0433962264150924,720,243,701,1.1354945080524284,2026-02-25T15:32:53.438Z
2025-10-01,PAK,RWA,3,0,0,0,0,0.0,0.0,2.5,10,3,10,3.5264483627204,2026-02-25T15:32:53.438Z
2025-10-01,RUS,FRA,6,0,0,0,0,0.0,0.0,-0.7333333333333331,22,6,22,-4.210593572295713,2026-02-25T15:32:53.438Z
2025-10-01,CHN,BRA,9,0,0,0,0,0.0,0.0,1.4777777777777779,26,9,26,4.350215980650764,2026-02-25T15:32:53.438Z
2025-10-01,ARG,ARG,10,0,0,0,0,0.0,0.0,2.3200000000000003,24,11,23,-0.9336603678810599,2026-02-25T15:32:53.438Z
2025-10-01,ISR,DEU,16,0,0,0,0,0.0,0.0,-0.23750000000000004,38,16,38,-3.5422335348037777,2026-02-25T15:32:53.438Z
2025-10-01,IRN,IND,1,0,0,0,0,0.0,0.0,2.8,10,1,10,-0.28951939779965,2026-02-25T15:32:53.438Z
2025-10-01,FRA,ISR,7,2,0,0,0,0.0,0.0,0.2857142857142857,16,7,16,-2.5842013425286177,2026-02-25T15:32:53.438Z
2025-10-01,DEU,FRA,33,0,0,0,0,0.0,0.0,1.609090909090909,107,33,105,-1.0903430832406584,2026-02-25T15:32:53.438Z
2025-10-01,RUS,PRK,23,0,0,0,0,0.0,0.0,1.2608695652173914,60,26,58,0.23237913607756222,2026-02-25T15:32:53.438Z
2025-10-01,TUR,PSE,46,2,0,0,2,0.043478260869565216,0.08695652173913043,2.865217391304348,141,50,141,-2.9539461409949976,2026-02-25T15:32:53.438Z
2025-10-01,TUR,ISR,52,0,3,0,2,0.09615384615384616,0.0,2.309615384615385,163,63,163,-1.9081199404017313,2026-02-25T15:32:53.438Z
2025-10-01,FRA,PSE,7,0,0,0,0,0.0,0.0,2.8000000000000003,22,7,22,0.11612023910931425,2026-02-25T15:32:53.438Z
2025-10-01,EGY,SYR,2,0,0,0,0,0.0,0.0,7.0,4,2,4,4.54086781029264,2026-02-25T15:32:53.438Z
2025-10-01,TUR,USA,29,0,0,0,0,0.0,0.0,0.5413793103448277,177,53,177,-3.3241216521428725,2026-02-25T15:32:53.438Z
2025-10-01,COD,COD,1,0,0,0,0,0.0,0.0,-2.0,10,1,10,-1.87713310580205,2026-02-25T15:32:53.438Z
2025-10-01,PSE,VEN,2,0,0,0,0,0.0,0.0,-10.0,2,2,2,-4.69583778014941,2026-02-25T15:32:53.438Z
2025-10-01,FRA,IND,3,0,0,0,0,0.0,0.0,8.0,6,3,6,-0.15220700152207,2026-02-25T15:32:53.438Z
2025-10-01,PSE,DEU,7,0,0,0,0,0.0,0.0,-0.3285714285714287,15,7,15,-6.192121686172891,2026-02-25T15:32:53.438Z
2025-10-01,GBR,TUR,9,0,0,0,0,0.0,0.0,1.5,34,9,34,-1.0611276156232945,2026-02-25T15:32:53.438Z
2025-10-01,PRK,RUS,18,0,0,0,0,0.0,0.0,1.2111111111111112,44,20,42,0.09514458592579284,2026-02-25T15:32:53.438Z
2025-10-01,RUS,SYR,26,0,7,0,0,0.2692307692307692,0.0,3.146153846153846,87,26,77,-0.6354957486914882,2026-02-25T15:32:53.438Z
2025-10-01,TUR,PAK,55,0,0,0,0,0.0,0.0,3.547272727272728,210,55,210,-2.9269398434292375,2026-02-25T15:32:53.438Z
2025-10-01,GBR,UKR,17,0,0,0,0,0.0,0.0,2.1470588235294117,47,17,42,-4.188272987834087,2026-02-25T15:32:53.438Z
2025-10-01,GBR,EGY,9,0,0,0,0,0.0,0.0,-1.7333333333333334,30,9,30,-0.29912646485876554,2026-02-25T15:32:53.438Z
2025-10-01,PAK,GBR,5,0,0,0,0,0.0,0.0,-0.42000000000000004,18,5,18,-5.640063368042206,2026-02-25T15:32:53.438Z
2025-10-01,PSE,GBR,7,0,0,0,0,0.0,0.0,-4.585714285714286,11,7,11,-5.815499901173139,2026-02-25T15:32:53.438Z
2025-10-01,COD,FRA,6,0,0,0,0,0.0,0.0,-1.5,37,8,37,-5.197217203422566,2026-02-25T15:32:53.438Z
2025-10-01,ISR,GBR,8,0,0,0,0,0.0,0.0,-2.275,23,8,23,-2.6519920132945565,2026-02-25T15:32:53.438Z
2025-10-01,DEU,CHN,15,0,0,0,0,0.0,0.0,1.5599999999999994,57,15,57,-0.9504808928906048,2026-02-25T15:32:53.438Z
2025-10-01,PSE,ISR,440,16,0,9,0,0.020454545454545454,0.32727272727272727,0.0622727272727272,1559,514,1524,-5.572680888681086,2026-02-25T15:32:53.438Z
2025-10-01,IRN,PSE,4,0,0,0,0,0.0,0.0,3.45,6,4,6,-0.4134005225830548,2026-02-25T15:32:53.438Z
2025-10-01,VEN,IRN,16,0,0,0,0,0.0,0.0,0.4375,37,16,37,-4.536425192959776,2026-02-25T15:32:53.438Z
2025-10-01,ISR,UKR,12,0,0,0,0,0.0,0.0,4.041666666666667,20,12,20,-2.8602399635682296,2026-02-25T15:32:53.438Z
2025-10-01,GBR,MEX,10,0,0,0,0,0.0,0.0,5.319999999999999,45,10,45,2.699743471010489,2026-02-25T15:32:53.438Z
2025-10-01,COD,RWA,15,0,0,0,0,0.0,0.0,2.2199999999999998,77,15,77,-2.7278558993838287,2026-02-25T15:32:53.438Z
2025-10-01,ISR,ISR,319,14,4,0,4,0.025078369905956112,0.3510971786833856,-0.46363636363636296,1060,358,1060,-5.095464196067264,2026-02-25T15:32:53.438Z
2025-10-01,CHN,IRN,21,4,0,0,0,0.0,0.0,2.5761904761904764,74,21,71,-2.6452137649556033,2026-02-25T15:32:53.438Z
2025-10-01,IRN,TUR,3,0,0,0,0,0.0,0.0,4.266666666666667,16,3,16,-2.6449900312069468,2026-02-25T15:32:53.438Z
2025-10-01,TWN,RUS,2,0,0,2,0,1.0,0.0,0.0,10,2,10,-6.04594921402661,2026-02-25T15:32:53.438Z
2025-10-01,USA,DEU,74,0,0,0,0,0.0,0.0,1.191891891891892,211,76,211,-0.8507733030007226,2026-02-25T15:32:53.438Z
2025-10-01,DEU,RUS,9,0,0,0,0,0.0,0.0,-0.6222222222222222,38,9,38,-2.6464655175407157,2026-02-25T15:32:53.438Z
2025-10-01,USA,IND,63,3,0,9,0,0.14285714285714285,0.42857142857142855,1.2253968253968255,172,69,172,0.6244318574914347,2026-02-25T15:32:53.438Z
2025-10-01,RWA,RWA,5,0,0,0,0,0.0,0.0,0.8799999999999997,28,5,28,1.302578018995926,2026-02-25T15:32:53.438Z
2025-10-01,VEN,CHN,11,0,1,0,0,0.09090909090909091,0.0,3.0,29,11,29,-3.807112322360159,2026-02-25T15:32:53.438Z
2025-10-01,GBR,ETH,10,0,0,0,0,0.0,0.0,3.2399999999999998,34,14,34,-8.130442711725625,2026-02-25T15:32:53.438Z
2025-10-01,CHN,MEX,3,0,0,0,0,0.0,0.0,-5.0,5,3,5,-0.21367521367521,2026-02-25T15:32:53.438Z
2025-10-01,MEX,BRA,3,0,0,0,0,0.0,0.0,0.9333333333333332,12,3,12,6.102176606863857,2026-02-25T15:32:53.438Z
2025-10-01,GBR,PAK,2,0,0,0,0,0.0,0.0,1.5999999999999999,6,2,6,-5.4678007290401,2026-02-25T15:32:53.438Z
2025-10-01,GBR,CHN,79,7,0,2,0,0.02531645569620253,0.17721518987341772,-0.110126582278481,277,80,277,-2.7180145906045525,2026-02-25T15:32:53.438Z
2025-10-01,GBR,ISR,27,0,0,0,0,0.0,0.0,-0.4851851851851854,66,28,66,-3.76843225157933,2026-02-25T15:32:53.438Z
2025-10-01,UKR,CHN,13,0,0,0,0,0.0,0.0,3.446153846153846,44,13,44,-3.213317644360921,2026-02-25T15:32:53.438Z
2025-10-01,USA,COD,4,0,0,0,0,0.0,0.0,-5.75,6,4,6,-6.57596371882087,2026-02-25T15:32:53.438Z
2025-10-01,PAK,ISR,38,5,0,0,0,0.0,0.0,2.871052631578948,131,38,121,-2.0723408378708474,2026-02-25T15:32:53.438Z
2025-10-01,ETH,ISR,2,0,0,0,0,0.0,0.0,-2.0,5,2,5,-4.10852713178294,2026-02-25T15:32:53.438Z
2025-10-01,ISR,PAK,19,2,0,0,0,0.0,0.0,4.426315789473684,53,19,53,-1.043316084603836,2026-02-25T15:32:53.438Z
2025-10-01,TUR,RUS,8,0,0,0,0,0.0,0.0,1.825,16,8,16,-0.565579276720062,2026-02-25T15:32:53.438Z
2025-10-01,FRA,CHN,7,0,0,0,0,0.0,0.0,-0.08571428571428585,19,7,19,2.5416283708071146,2026-02-25T15:32:53.438Z
2025-10-01,FRA,RUS,18,0,0,0,0,0.0,0.0,-0.4555555555555557,51,18,51,-5.216878220912781,2026-02-25T15:32:53.438Z
2025-10-01,RUS,TWN,2,0,0,0,0,0.0,0.0,4.0,5,2,5,1.40449438202247,2026-02-25T15:32:53.438Z
2025-10-01,BRA,BRA,43,2,3,0,0,0.06976744186046512,0.13953488372093023,-0.41395348837209295,209,43,209,-3.7222197862347257,2026-02-25T15:32:53.438Z
2025-10-01,FRA,GBR,62,2,0,0,0,0.0,0.0,0.8516129032258062,222,62,218,0.3861585386176235,2026-02-25T15:32:53.438Z
2025-10-01,GBR,DEU,48,0,1,0,0,0.020833333333333332,0.0,0.5312499999999999,153,52,152,-0.6494995729286623,2026-02-25T15:32:53.438Z
2025-10-01,KOR,FRA,1,0,0,0,0,0.0,0.0,2.8,2,1,2,3.84615384615385,2026-02-25T15:32:53.438Z
2025-10-01,SYR,EGY,1,0,0,0,0,0.0,0.0,7.0,4,1,4,4.54086781029264,2026-02-25T15:32:53.438Z
2025-10-01,EGY,USA,70,5,0,0,0,0.0,0.0,2.0885714285714285,176,70,176,-2.837719797497243,2026-02-25T15:32:53.438Z
2025-10-01,PSE,TUR,28,0,0,0,0,0.0,0.0,2.9464285714285716,72,28,72,-3.3462500567964732,2026-02-25T15:32:53.438Z
2025-10-01,RWA,PAK,3,0,0,0,0,0.0,0.0,2.5,10,3,10,3.5264483627204,2026-02-25T15:32:53.438Z
2025-10-01,SYR,PSE,1,0,0,0,0,0.0,0.0,1.9,2,1,2,2.4793388429752,2026-02-25T15:32:53.438Z
2025-10-01,PRK,USA,4,0,0,0,0,0.0,0.0,2.3499999999999996,24,4,24,0.38779196652772746,2026-02-25T15:32:53.438Z
2025-10-01,PAK,RUS,3,0,0,0,0,0.0,0.0,1.8999999999999997,10,3,10,-7.22311396468699,2026-02-25T15:32:53.438Z
2025-10-01,BRA,ARG,8,0,0,0,0,0.0,0.0,-3.8500000000000005,26,8,26,-3.48503915312018,2026-02-25T15:32:53.438Z
2025-10-01,PAK,PSE,17,0,0,0,0,0.0,0.0,4.041176470588235,38,17,38,-3.904302498919756,2026-02-25T15:32:53.438Z
2025-10-01,KOR,DEU,5,0,0,0,0,0.0,0.0,0.08000000000000007,40,5,36,-7.920792079207919,2026-02-25T15:32:53.438Z
2025-10-01,GBR,KOR,3,0,0,0,0,0.0,0.0,0.2666666666666666,5,3,5,0.6640030004516033,2026-02-25T15:32:53.438Z
2025-10-01,USA,KOR,290,3,2,10,0,0.041379310344827586,0.12413793103448276,2.636206896551722,904,298,876,0.7019311341264078,2026-02-25T15:32:53.438Z
2025-10-01,SYR,SYR,27,2,0,0,0,0.0,0.0,-0.34074074074074073,64,29,64,-2.938842801139254,2026-02-25T15:32:53.438Z
2025-10-01,PRK,TUR,2,0,0,0,0,0.0,0.0,1.9,2,2,2,-1.65938864628821,2026-02-25T15:32:53.438Z
2025-10-01,TUR,IRN,1,0,0,0,0,0.0,0.0,-2.0,2,1,2,-5.97954366640441,2026-02-25T15:32:53.438Z
2025-10-01,ISR,USA,254,2,2,0,0,0.007874015748031496,0.015748031496062992,0.9830708661417324,767,284,764,-3.1688787801637166,2026-02-25T15:32:53.438Z
2025-10-01,FRA,MEX,1,0,0,0,0,0.0,0.0,1.9,2,1,2,4.42260442260442,2026-02-25T15:32:53.438Z
2025-10-01,KOR,TWN,12,0,0,0,0,0.0,0.0,0.525,27,12,27,-0.7577774982831634,2026-02-25T15:32:53.438Z
2025-10-01,SYR,VEN,6,0,0,0,0,0.0,0.0,3.9333333333333336,8,6,8,-1.84738955823293,2026-02-25T15:32:53.438Z
2025-10-01,UKR,PSE,21,0,0,0,0,0.0,0.0,3.1999999999999993,42,21,42,-1.6806877991583509,2026-02-25T15:32:53.438Z
2025-10-01,FRA,FRA,109,2,0,3,2,0.045871559633027525,0.09174311926605505,0.10550458715596334,351,110,351,-2.3346353571860385,2026-02-25T15:32:53.438Z
2025-10-01,USA,SYR,12,0,0,0,0,0.0,0.0,-0.3916666666666666,45,12,45,-2.2865563186136884,2026-02-25T15:32:53.438Z
2025-10-01,ISR,IRN,62,1,0,0,0,0.0,0.0,-2.1258064516129034,151,62,150,-4.5379418898389945,2026-02-25T15:32:53.438Z
2025-10-01,USA,BRA,23,1,0,0,0,0.0,0.0,1.417391304347826,111,23,111,-1.7173688150002355,2026-02-25T15:32:53.438Z
2025-10-01,VEN,VEN,73,12,2,1,1,0.0547945205479452,0.6575342465753424,-1.2890410958904106,193,73,193,-3.6819459497013556,2026-02-25T15:32:53.438Z
2025-10-01,COD,EGY,2,0,0,0,0,0.0,0.0,8.0,5,2,5,2.57826887661141,2026-02-25T15:32:53.438Z
2025-10-01,CHN,GBR,56,3,0,0,0,0.0,0.0,0.9607142857142856,236,71,236,-3.4078095129802333,2026-02-25T15:32:53.438Z
2025-10-01,IRN,EGY,5,0,0,2,0,0.4,0.0,1.0,20,5,20,2.355253616274186,2026-02-25T15:32:53.438Z
2025-10-01,CHN,KOR,377,9,14,0,0,0.03713527851458886,0.33421750663129973,2.1994694960212176,1353,420,1295,-0.39910744571406104,2026-02-25T15:32:53.438Z
2025-10-01,USA,FRA,96,1,0,1,0,0.010416666666666666,0.010416666666666666,1.0135416666666666,309,98,309,0.8740498633199283,2026-02-25T15:32:53.438Z
2025-10-01,TUR,SYR,12,0,0,0,0,0.0,0.0,2.65,38,12,38,-1.0569764904002426,2026-02-25T15:32:53.438Z
2025-10-01,VEN,DEU,1,0,0,0,0,0.0,0.0,0.0,2,1,2,-1.82046453232894,2026-02-25T15:32:53.438Z
2025-10-01,ERI,DEU,3,0,0,0,0,0.0,0.0,7.0,8,3,8,1.99115044247788,2026-02-25T15:32:53.438Z
2025-10-01,RWA,CHN,2,0,0,0,0,0.0,0.0,1.9,8,2,8,4.24242424242424,2026-02-25T15:32:53.438Z
2025-10-01,CHN,UKR,15,0,0,0,0,0.0,0.0,4.733333333333333,57,18,57,-3.7240175592415468,2026-02-25T15:32:53.438Z
2025-10-01,IRN,GBR,11,0,0,0,0,0.0,0.0,4.890909090909091,34,11,34,-3.205507145714331,2026-02-25T15:32:53.438Z
2025-10-01,ARG,MEX,4,0,0,0,0,0.0,0.0,4.0,20,4,20,4.99016197603738,2026-02-25T15:32:53.438Z
2025-10-01,USA,GBR,306,5,0,0,1,0.0032679738562091504,0.016339869281045753,0.4372549019607841,976,320,972,-1.05547925433441,2026-02-25T15:32:53.438Z
2025-10-01,IRN,ISR,33,2,0,0,0,0.0,0.0,-1.2121212121212122,129,42,129,-5.383417573795246,2026-02-25T15:32:53.438Z
2025-10-01,IRN,RUS,9,0,0,0,0,0.0,0.0,-4.066666666666666,9,9,9,-6.252063463479043,2026-02-25T15:32:53.438Z
2025-10-01,ISR,PSE,541,12,0,0,23,0.04251386321626617,0.5101663585951941,0.027726432532345704,1914,628,1892,-4.436871289758409,2026-02-25T15:32:53.438Z
2025-10-01,RUS,PAK,11,0,0,0,1,0.09090909090909091,0.0,5.745454545454545,48,11,46,0.20018354873097904,2026-02-25T15:32:53.438Z
2025-10-01,TUR,DEU,26,0,0,0,0,0.0,0.0,-0.75,59,26,59,-3.6757164279113295,2026-02-25T15:32:53.438Z
2025-10-01,KOR,CHN,311,4,20,0,0,0.06430868167202572,0.2572347266881029,2.4704180064308665,1232,361,1181,-0.36042748525245655,2026-02-25T15:32:53.438Z
2025-10-01,PAK,TUR,88,0,0,0,0,0.0,0.0,3.7431818181818186,311,88,311,-3.7437176372458896,2026-02-25T15:32:53.438Z
2025-10-01,RUS,IRN,21,5,0,0,0,0.0,0.0,-5.457142857142857,60,21,58,-6.709212311623962,2026-02-25T15:32:53.438Z
2025-10-01,PSE,EGY,28,0,0,0,1,0.03571428571428571,0.0,2.9107142857142856,137,81,137,-2.8618924089324014,2026-02-25T15:32:53.438Z
2025-10-01,IND,FRA,3,0,0,0,0,0.0,0.0,8.0,6,3,6,-0.15220700152207,2026-02-25T15:32:53.438Z
2025-10-01,COD,USA,4,0,0,0,0,0.0,0.0,2.1,9,4,9,-0.3201206806653176,2026-02-25T15:32:53.438Z
2025-10-01,ISR,FRA,5,0,0,0,0,0.0,0.0,-1.6,11,5,11,-1.2209688974097503,2026-02-25T15:32:53.438Z
2025-10-01,DEU,MEX,1,0,0,0,0,0.0,0.0,0.0,1,1,1,-7.07964601769911,2026-02-25T15:32:53.438Z
2025-10-01,SYR,TUR,4,0,0,0,0,0.0,0.0,2.0,14,4,14,0.254597242549055,2026-02-25T15:32:53.438Z
2025-10-01,BRA,GBR,3,0,0,0,0,0.0,0.0,3.6333333333333333,15,3,15,-0.38809726789266663,2026-02-25T15:32:53.438Z
2025-10-01,RUS,UKR,467,26,1,0,8,0.019271948608137045,0.5010706638115632,-2.5944325481798707,1582,522,1580,-3.9636058655954742,2026-02-25T15:32:53.438Z
2025-10-01,CHN,DEU,10,0,0,0,0,0.0,0.0,4.930000000000001,42,10,42,2.9452593279022863,2026-02-25T15:32:53.438Z
2025-10-01,KOR,BRA,2,0,0,0,0,0.0,0.0,0.0,10,2,10,8.96739130434783,2026-02-25T15:32:53.438Z
2025-10-01,FRA,USA,84,0,0,0,1,0.011904761904761904,0.0,1.1833333333333331,260,84,256,0.17581277394634443,2026-02-25T15:32:53.438Z
2025-10-01,USA,ARG,74,0,2,2,0,0.05405405405405406,0.0,3.182432432432433,268,87,262,-1.3215080545226685,2026-02-25T15:32:53.438Z
2025-10-01,ARG,ISR,1,0,0,0,0,0.0,0.0,5.0,10,1,10,-6.8649885583524,2026-02-25T15:32:53.438Z
2025-10-01,VEN,ISR,2,0,0,0,0,0.0,0.0,3.0,4,2,4,2.25921521997622,2026-02-25T15:32:53.438Z
2025-10-01,PSE,RUS,2,0,0,0,0,0.0,0.0,1.0,4,2,4,-6.77777777777778,2026-02-25T15:32:53.438Z
2025-10-01,VEN,PSE,4,0,0,0,0,0.0,0.0,4.0,8,4,8,2.25921521997622,2026-02-25T15:32:53.438Z
2025-10-01,UKR,PRK,1,0,0,0,0,0.0,0.0,-10.0,5,1,5,-2.75229357798165,2026-02-25T15:32:53.438Z
2025-10-01,UKR,FRA,4,0,0,0,0,0.0,0.0,2.25,12,4,12,-0.6029408260050999,2026-02-25T15:32:53.438Z
2025-10-01,RUS,ARG,1,0,0,0,0,0.0,0.0,-5.0,10,1,10,8.14814814814815,2026-02-25T15:32:53.438Z
2025-10-01,FRA,PAK,1,0,0,0,0,0.0,0.0,1.0,10,1,10,-2.87277701778386,2026-02-25T15:32:53.438Z
2025-10-01,UKR,TWN,1,0,0,0,0,0.0,0.0,7.0,2,1,2,-4.21792618629174,2026-02-25T15:32:53.438Z
2025-10-01,ARG,FRA,2,0,0,0,0,0.0,0.0,7.0,4,2,4,3.41394025604552,2026-02-25T15:32:53.438Z
2025-10-01,MEX,ISR,2,0,0,0,0,0.0,0.0,-10.0,4,2,4,-5.45314900153609,2026-02-25T15:32:53.438Z
2025-10-01,BRA,VEN,1,0,0,0,0,0.0,0.0,1.9,4,1,4,-2.22672064777328,2026-02-25T15:32:53.438Z
2025-10-01,VEN,BRA,1,0,0,0,0,0.0,0.0,2.8,4,1,4,-2.22672064777328,2026-02-25T15:32:53.438Z
2025-11-01,USA,GBR,105,2,0,0,0,0.0,0.0,1.0542857142857147,314,110,311,-1.1763805390443904,2026-02-26T01:48:28.348Z
2025-11-01,RUS,UKR,477,21,2,0,4,0.012578616352201259,0.2641509433962264,0.1815513626834381,1436,498,1390,-3.025870955059611,2026-02-26T01:48:28.348Z
2025-11-01,TWN,USA,19,0,0,0,0,0.0,0.0,3.426315789473685,54,19,54,-0.3946126069388362,2026-02-26T01:48:28.348Z
2025-11-01,PSE,UKR,5,0,0,0,0,0.0,0.0,1.2399999999999998,9,5,9,-0.45226021548322404,2026-02-26T01:48:28.348Z
2025-11-01,UKR,IRN,6,0,0,0,0,0.0,0.0,-10.0,14,6,14,-2.450792273594403,2026-02-26T01:48:28.348Z
2025-11-01,PAK,EGY,41,0,2,0,0,0.04878048780487805,0.0,3.990243902439025,133,41,130,1.9016607712258393,2026-02-26T01:48:28.348Z
2025-11-01,DEU,RUS,31,0,0,0,0,0.0,0.0,0.4129032258064513,79,31,79,-2.134879012144999,2026-02-26T01:48:28.348Z
2025-11-01,KOR,PRK,26,0,0,0,0,0.0,0.0,-0.7653846153846154,99,26,99,-3.1937237480989253,2026-02-26T01:48:28.348Z
2025-11-01,UKR,GBR,13,0,0,0,0,0.0,0.0,0.7076923076923076,52,14,44,-5.409898727431052,2026-02-26T01:48:28.348Z
2025-11-01,FRA,UKR,77,2,4,0,0,0.05194805194805195,0.1038961038961039,3.1740259740259753,191,77,183,-2.6297117864537727,2026-02-26T01:48:28.348Z
2025-11-01,USA,COD,9,0,0,0,0,0.0,0.0,2.8666666666666667,14,9,14,-3.707105166155097,2026-02-26T01:48:28.348Z
2025-11-01,PSE,EGY,8,0,2,0,0,0.25,0.0,2.7,22,8,22,-1.2506164002364986,2026-02-26T01:48:28.348Z
2025-11-01,ISR,DEU,1,0,0,0,0,0.0,0.0,6.4,10,1,10,-1.14942528735632,2026-02-26T01:48:28.348Z
2025-11-01,IRN,GBR,5,0,0,0,0,0.0,0.0,-7.62,19,5,19,-4.885307255825181,2026-02-26T01:48:28.348Z
2025-11-01,ISR,EGY,20,0,3,0,0,0.15,0.0,2.885,60,20,60,-3.832936821200568,2026-02-26T01:48:28.348Z
2025-11-01,EGY,USA,7,0,0,0,0,0.0,0.0,-0.17142857142857132,14,7,14,-3.17895752505198,2026-02-26T01:48:28.348Z
2025-11-01,TWN,UKR,4,0,0,0,0,0.0,0.0,-10.0,16,4,16,-2.83518812930578,2026-02-26T01:48:28.348Z
2025-11-01,ERI,ETH,5,0,0,0,0,0.0,0.0,-2.1,22,5,22,-4.483284430203532,2026-02-26T01:48:28.348Z
2025-11-01,IND,KOR,9,0,0,0,0,0.0,0.0,0.6555555555555554,31,9,31,-0.905836617571653,2026-02-26T01:48:28.348Z
2025-11-01,UKR,DEU,10,0,0,2,0,0.2,0.0,1.52,47,10,47,-5.240985510927112,2026-02-26T01:48:28.348Z
2025-11-01,USA,FRA,38,2,0,0,0,0.0,0.0,2.9578947368421047,98,38,98,-1.1734108957209068,2026-02-26T01:48:28.348Z
2025-11-01,PRK,UKR,1,0,0,0,0,0.0,0.0,-10.0,2,1,2,0.0,2026-02-26T01:48:28.348Z
2025-11-01,PSE,GBR,27,1,0,1,0,0.037037037037037035,0.037037037037037035,1.1185185185185185,60,27,60,-3.9806368995182204,2026-02-26T01:48:28.348Z
2025-11-01,PRK,KOR,24,0,0,0,0,0.0,0.0,2.9875000000000003,68,24,68,-2.7148259174444394,2026-02-26T01:48:28.348Z
2025-11-01,IRN,TUR,28,0,1,0,0,0.03571428571428571,0.0,3.3249999999999997,77,28,77,-0.25869665591134583,2026-02-26T01:48:28.348Z
2025-11-01,ARG,CHN,4,0,0,0,0,0.0,0.0,6.0,9,4,9,-0.8135158254918724,2026-02-26T01:48:28.348Z
2025-11-01,ISR,RWA,3,0,0,0,0,0.0,0.0,4.0,5,3,5,3.57142857142857,2026-02-26T01:48:28.348Z
2025-11-01,EGY,TUR,2,0,0,0,0,0.0,0.0,4.0,16,2,16,-5.31914893617021,2026-02-26T01:48:28.348Z
2025-11-01,USA,ARG,10,0,2,0,0,0.2,0.0,4.74,22,10,22,-3.281930835877644,2026-02-26T01:48:28.348Z
2025-11-01,PAK,RUS,4,0,0,0,0,0.0,0.0,2.575,15,4,15,3.201351961908735,2026-02-26T01:48:28.348Z
2025-11-01,TUR,DEU,10,0,0,0,0,0.0,0.0,3.4,37,10,37,-2.349357974272069,2026-02-26T01:48:28.348Z
2025-11-01,ISR,IRN,25,0,0,0,0,0.0,0.0,-4.016,79,25,79,-4.626902602893232,2026-02-26T01:48:28.348Z
2025-11-01,ISR,BRA,2,0,0,0,0,0.0,0.0,1.9,4,2,4,5.53977272727273,2026-02-26T01:48:28.348Z
2025-11-01,CHN,TWN,23,3,0,0,0,0.0,0.0,-2.0304347826086957,79,23,79,-2.6034713904763276,2026-02-26T01:48:28.348Z
2025-11-01,EGY,PSE,19,2,4,0,0,0.21052631578947367,0.42105263157894735,0.368421052631579,36,19,36,-0.8472255552037989,2026-02-26T01:48:28.348Z
2025-11-01,SYR,USA,38,0,3,2,0,0.13157894736842105,0.0,3.034210526315789,82,38,82,-1.6289868712798938,2026-02-26T01:48:28.348Z
2025-11-01,ISR,UKR,6,0,0,0,0,0.0,0.0,0.9,15,6,15,-0.4495846497776834,2026-02-26T01:48:28.348Z
2025-11-01,UKR,VEN,13,0,0,0,0,0.0,0.0,-2.2384615384615385,30,13,30,-2.1814218494435256,2026-02-26T01:48:28.348Z
2025-11-01,RUS,TUR,23,0,4,0,0,0.17391304347826086,0.0,3.1826086956521733,79,24,79,-1.4983459016706295,2026-02-26T01:48:28.348Z
2025-11-01,BRA,GBR,13,1,0,1,0,0.07692307692307693,0.07692307692307693,2.7230769230769223,36,13,36,0.5074189105815824,2026-02-26T01:48:28.348Z
2025-11-01,COD,RWA,4,0,0,0,0,0.0,0.0,3.25,7,4,7,2.93046059733717,2026-02-26T01:48:28.348Z
2025-11-01,USA,BRA,15,1,0,0,0,0.0,0.0,0.3266666666666665,53,15,53,-1.7308634607164737,2026-02-26T01:48:28.348Z
2025-11-01,RWA,IRN,3,0,0,0,0,0.0,0.0,4.0,5,3,5,3.57142857142857,2026-02-26T01:48:28.348Z
2025-11-01,GBR,IND,23,0,0,0,0,0.0,0.0,-4.28695652173913,98,23,98,-3.023873024872849,2026-02-26T01:48:28.348Z
2025-11-01,USA,IRN,29,0,0,0,0,0.0,0.0,2.9206896551724135,91,30,88,-2.959285018364022,2026-02-26T01:48:28.348Z
2025-11-01,VEN,PRK,4,0,0,0,0,0.0,0.0,2.25,8,4,8,-4.05982905982906,2026-02-26T01:48:28.348Z
2025-11-01,DEU,ISR,15,0,0,0,0,0.0,0.0,3.3466666666666662,64,15,58,-2.521871819320402,2026-02-26T01:48:28.348Z
2025-11-01,BRA,BRA,22,0,4,0,0,0.18181818181818182,0.0,0.1590909090909091,76,23,69,-2.1157708621621176,2026-02-26T01:48:28.348Z
2025-11-01,GBR,BRA,18,0,0,0,2,0.1111111111111111,0.0,2.288888888888889,51,18,51,1.2723911314222645,2026-02-26T01:48:28.348Z
2025-11-01,IRN,ISR,44,5,0,0,0,0.0,0.0,-3.1454545454545455,146,44,146,-3.764242394157804,2026-02-26T01:48:28.348Z
2025-11-01,PRK,RUS,17,0,0,0,0,0.0,0.0,2.01764705882353,58,17,58,-1.8904220249868557,2026-02-26T01:48:28.348Z
2025-11-01,GBR,GBR,212,13,8,3,3,0.0660377358490566,0.8584905660377359,0.3452830188679244,627,231,623,-2.0096509172209958,2026-02-26T01:48:28.348Z
2025-11-01,FRA,PSE,11,0,0,0,0,0.0,0.0,1.0,38,13,38,-2.5842830506023273,2026-02-26T01:48:28.348Z
2025-11-01,IND,CHN,2,0,0,0,0,0.0,0.0,-5.0,4,2,4,-7.22100656455142,2026-02-26T01:48:28.348Z
2025-11-01,RUS,VEN,8,0,0,0,0,0.0,0.0,1.4875,23,8,23,-2.1221572843935546,2026-02-26T01:48:28.348Z
2025-11-01,RUS,PSE,3,0,0,0,0,0.0,0.0,2.3333333333333335,8,3,8,-3.1784333650553003,2026-02-26T01:48:28.348Z
2025-11-01,PRK,USA,2,1,0,0,0,0.0,0.0,-3.2,12,2,12,-0.941336166194525,2026-02-26T01:48:28.348Z
2025-11-01,PRK,PRK,2,0,0,0,0,0.0,0.0,0.0,4,2,4,-1.168045343137255,2026-02-26T01:48:28.348Z
2025-11-01,CHN,TUR,1,0,0,0,0,0.0,0.0,2.8,6,1,6,-2.28310502283105,2026-02-26T01:48:28.348Z
2025-11-01,USA,VEN,175,22,1,1,2,0.022857142857142857,0.5028571428571429,-0.6639999999999999,580,185,575,-4.089736122662543,2026-02-26T01:48:28.348Z
2025-11-01,TUR,UKR,43,0,0,0,1,0.023255813953488372,0.0,1.9232558139534885,118,48,118,-1.402159023621815,2026-02-26T01:48:28.348Z
2025-11-01,USA,IND,6,0,0,0,0,0.0,0.0,0.3499999999999999,14,6,14,0.07222929419202505,2026-02-26T01:48:28.348Z
2025-11-01,CHN,ARG,4,0,0,0,0,0.0,0.0,6.0,9,4,9,-0.8135158254918724,2026-02-26T01:48:28.348Z
2025-11-01,GBR,TUR,5,0,0,0,0,0.0,0.0,1.2600000000000002,24,5,24,-0.7884936574785699,2026-02-26T01:48:28.348Z
2025-11-01,USA,PSE,48,5,0,0,1,0.020833333333333332,0.10416666666666666,0.4166666666666667,149,50,149,-3.7459854478910404,2026-02-26T01:48:28.348Z
2025-11-01,CHN,BRA,12,0,0,0,0,0.0,0.0,6.566666666666667,82,12,82,0.8399651653144651,2026-02-26T01:48:28.348Z
2025-11-01,UKR,RUS,425,20,2,2,0,0.009411764705882352,0.18823529411764706,0.5400000000000001,1242,454,1216,-2.9936144769426662,2026-02-26T01:48:28.348Z
2025-11-01,IRN,PSE,5,0,0,0,0,0.0,0.0,-4.8,20,5,20,-2.8986631124035718,2026-02-26T01:48:28.348Z
2025-11-01,RUS,PAK,9,0,0,0,0,0.0,0.0,-0.6777777777777777,49,9,49,-0.2513283462703044,2026-02-26T01:48:28.348Z
2025-11-01,PRK,CHN,21,0,0,0,0,0.0,0.0,4.980952380952381,59,21,59,-0.5660602078669316,2026-02-26T01:48:28.348Z
2025-11-01,PAK,PSE,11,0,0,0,0,0.0,0.0,0.890909090909091,37,11,37,-0.89539871290201,2026-02-26T01:48:28.348Z
2025-11-01,GBR,DEU,18,1,1,0,0,0.05555555555555555,0.05555555555555555,1.9777777777777774,58,18,58,-0.15654851163523162,2026-02-26T01:48:28.348Z
2025-11-01,KOR,RUS,3,0,0,0,0,0.0,0.0,-1.1333333333333335,10,3,10,-0.8372825460341135,2026-02-26T01:48:28.348Z
2025-11-01,GBR,FRA,27,2,0,0,0,0.0,0.0,-0.5259259259259261,81,27,81,-2.6124360732961103,2026-02-26T01:48:28.348Z
2025-11-01,SYR,IRN,2,0,0,0,0,0.0,0.0,-5.0,4,2,4,-4.92091388400703,2026-02-26T01:48:28.348Z
2025-11-01,EGY,EGY,28,3,0,0,0,0.0,0.0,1.3142857142857143,106,28,100,2.8346797017605483,2026-02-26T01:48:28.348Z
2025-11-01,VEN,SYR,5,0,0,0,0,0.0,0.0,1.0,10,5,10,-2.027157363190134,2026-02-26T01:48:28.348Z
2025-11-01,PSE,PSE,51,7,0,0,0,0.0,0.0,-0.9862745098039215,166,51,166,-4.427139832239023,2026-02-26T01:48:28.348Z
2025-11-01,TUR,TUR,33,0,0,0,0,0.0,0.0,0.4818181818181816,91,38,91,-0.8732012111157265,2026-02-26T01:48:28.348Z
2025-11-01,FRA,DEU,33,0,0,0,0,0.0,0.0,3.9393939393939394,76,35,76,-0.6371892258203239,2026-02-26T01:48:28.348Z
2025-11-01,DEU,GBR,17,0,0,0,0,0.0,0.0,1.7411764705882353,43,17,43,0.35047647038550356,2026-02-26T01:48:28.348Z
2025-11-01,RUS,ISR,11,2,1,0,0,0.09090909090909091,0.18181818181818182,1.7454545454545454,28,15,28,-2.8779271305496006,2026-02-26T01:48:28.348Z
2025-11-01,DEU,CHN,16,0,0,0,0,0.0,0.0,3.4124999999999996,42,16,42,-3.6283812549404737,2026-02-26T01:48:28.348Z
2025-11-01,KOR,KOR,27,0,0,0,0,0.0,0.0,1.6851851851851851,110,27,110,-1.9573876919448023,2026-02-26T01:48:28.348Z
2025-11-01,ISR,COD,3,0,0,0,0,0.0,0.0,4.0,5,3,5,3.57142857142857,2026-02-26T01:48:28.348Z
2025-11-01,CHN,FRA,13,0,2,0,0,0.15384615384615385,0.0,3.5076923076923077,52,13,52,-1.7943178294689763,2026-02-26T01:48:28.348Z
2025-11-01,EGY,CHN,1,0,0,0,0,0.0,0.0,1.0,1,1,1,5.18134715025906,2026-02-26T01:48:28.348Z
2025-11-01,SYR,VEN,5,0,0,0,0,0.0,0.0,1.0,10,5,10,-2.027157363190134,2026-02-26T01:48:28.348Z
2025-11-01,COD,USA,10,0,0,0,0,0.0,0.0,2.96,32,10,32,-2.838813585207892,2026-02-26T01:48:28.348Z
2025-11-01,USA,ISR,128,10,3,2,0,0.0390625,0.390625,0.7984375,449,136,449,-2.804158565926316,2026-02-26T01:48:28.348Z
2025-11-01,UKR,PRK,1,0,0,0,0,0.0,0.0,-10.0,2,1,2,0.0,2026-02-26T01:48:28.348Z
2025-11-01,SYR,RUS,7,0,3,0,0,0.42857142857142855,0.0,1.5714285714285714,16,7,14,-2.769471183196933,2026-02-26T01:48:28.348Z
2025-11-01,GBR,UKR,18,2,0,0,0,0.0,0.0,1.8000000000000003,65,19,65,-4.463508001354597,2026-02-26T01:48:28.348Z
2025-11-01,FRA,CHN,19,0,2,0,0,0.10526315789473684,0.0,3.6789473684210527,55,19,55,0.3485304683318072,2026-02-26T01:48:28.348Z
2025-11-01,DEU,DEU,27,2,1,0,0,0.037037037037037035,0.07407407407407407,0.3481481481481481,113,27,112,-1.1245655433683863,2026-02-26T01:48:28.348Z
2025-11-01,CHN,CHN,99,0,2,0,1,0.030303030303030304,0.0,1.4585858585858587,304,113,301,-0.0450011516742802,2026-02-26T01:48:28.348Z
2025-11-01,BRA,USA,23,0,0,0,0,0.0,0.0,0.491304347826087,79,23,79,-1.518119163583414,2026-02-26T01:48:28.348Z
2025-11-01,IND,DEU,2,0,0,0,0,0.0,0.0,-4.0,5,2,5,-1.23893805309735,2026-02-26T01:48:28.348Z
2025-11-01,PAK,USA,9,0,0,0,0,0.0,0.0,3.6222222222222222,43,10,43,-1.1619363789091577,2026-02-26T01:48:28.348Z
2025-11-01,MEX,MEX,20,2,0,0,2,0.1,0.2,-1.3599999999999999,62,20,62,-3.5641364882537814,2026-02-26T01:48:28.348Z
2025-11-01,ISR,PSE,267,7,0,0,0,0.0,0.0,-3.9071161048689156,917,280,901,-5.48053281968018,2026-02-26T01:48:28.348Z
2025-11-01,BRA,ISR,2,0,0,0,0,0.0,0.0,2.8,4,2,4,5.53977272727273,2026-02-26T01:48:28.348Z
2025-11-01,IRN,IRN,38,3,0,0,2,0.05263157894736842,0.15789473684210525,1.760526315789474,127,38,127,-2.8306672118352414,2026-02-26T01:48:28.348Z
2025-11-01,PSE,TUR,13,0,0,0,0,0.0,0.0,1.0307692307692309,27,13,27,-0.9399323529021738,2026-02-26T01:48:28.348Z
2025-11-01,RWA,ISR,3,0,0,0,0,0.0,0.0,4.0,5,3,5,3.57142857142857,2026-02-26T01:48:28.348Z
2025-11-01,COD,GBR,1,0,0,0,0,0.0,0.0,-5.0,6,1,6,-2.71186440677966,2026-02-26T01:48:28.348Z
2025-11-01,ISR,SYR,50,2,0,0,0,0.0,0.0,-5.276000000000002,195,62,191,-6.147195174580381,2026-02-26T01:48:28.348Z
2025-11-01,RUS,IND,9,0,0,0,0,0.0,0.0,2.6666666666666665,14,9,14,1.7918944041539657,2026-02-26T01:48:28.348Z
2025-11-01,USA,SYR,34,0,2,0,2,0.11764705882352941,0.0,1.0441176470588236,83,34,83,-2.0772199810195575,2026-02-26T01:48:28.348Z
2025-11-01,UKR,TUR,27,0,0,0,0,0.0,0.0,1.4333333333333331,69,32,69,-0.6242186360860257,2026-02-26T01:48:28.348Z
2025-11-01,VEN,RUS,6,0,0,1,0,0.16666666666666666,0.0,2.716666666666667,18,6,18,-3.762368775538325,2026-02-26T01:48:28.348Z
2025-11-01,USA,CHN,98,5,0,0,0,0.0,0.0,1.3867346938775513,366,100,356,-1.8519276630859158,2026-02-26T01:48:28.348Z
2025-11-01,CHN,ISR,4,0,0,0,0,0.0,0.0,-0.050000000000000044,22,4,22,0.7375599456155499,2026-02-26T01:48:28.348Z
2025-11-01,COD,IRN,3,0,0,0,0,0.0,0.0,4.0,5,3,5,3.57142857142857,2026-02-26T01:48:28.348Z
2025-11-01,PAK,ISR,6,0,0,0,0,0.0,0.0,1.8,18,6,18,-0.8461838963711715,2026-02-26T01:48:28.348Z
2025-11-01,ETH,ETH,5,0,0,0,0,0.0,0.0,1.22,8,5,8,4.91265516322912,2026-02-26T01:48:28.348Z
2025-11-01,TUR,VEN,5,0,0,0,0,0.0,0.0,3.4,13,5,12,-7.99517016233622,2026-02-26T01:48:28.348Z
2025-11-01,USA,MEX,52,0,0,0,0,0.0,0.0,-0.07500000000000018,183,54,181,-3.7578175564898606,2026-02-26T01:48:28.348Z
2025-11-01,CHN,USA,98,4,0,0,1,0.01020408163265306,0.04081632653061224,0.657142857142857,321,98,318,-1.0501158718321766,2026-02-26T01:48:28.348Z
2025-11-01,EGY,PAK,59,1,2,0,0,0.03389830508474576,0.03389830508474576,3.48813559322034,195,60,195,1.6313028909499698,2026-02-26T01:48:28.348Z
2025-11-01,USA,TWN,37,0,0,0,0,0.0,0.0,2.7135135135135138,126,37,126,0.06605426347763838,2026-02-26T01:48:28.348Z
2025-11-01,VEN,USA,121,6,4,0,1,0.04132231404958678,0.24793388429752067,0.38347107438016514,375,131,374,-4.833725752261227,2026-02-26T01:48:28.348Z
2025-11-01,EGY,UKR,2,0,0,0,0,0.0,0.0,-4.0,10,2,10,2.18687872763419,2026-02-26T01:48:28.348Z
2025-11-01,RUS,CHN,45,0,0,0,0,0.0,0.0,0.6622222222222222,99,49,99,-1.4412604234743522,2026-02-26T01:48:28.348Z
2025-11-01,CHN,RUS,25,1,0,0,0,0.0,0.0,3.2479999999999993,91,25,91,-1.204119074628543,2026-02-26T01:48:28.348Z
2025-11-01,RUS,IRN,7,0,0,0,0,0.0,0.0,3.257142857142857,20,7,20,0.5534807437185385,2026-02-26T01:48:28.348Z
2025-11-01,CHN,IRN,5,0,0,0,0,0.0,0.0,3.7,20,5,20,-3.26917370171399,2026-02-26T01:48:28.348Z
2025-11-01,CHN,PAK,4,0,0,0,0,0.0,0.0,-4.5,10,4,10,-8.4375,2026-02-26T01:48:28.348Z
2025-11-01,IND,RUS,3,0,0,0,0,0.0,0.0,4.0,10,3,10,2.9178000301306604,2026-02-26T01:48:28.348Z
2025-11-01,RUS,EGY,3,0,0,0,0,0.0,0.0,2.4999999999999996,15,3,15,-4.48095457691696,2026-02-26T01:48:28.348Z
2025-11-01,VEN,BRA,2,0,0,0,0,0.0,0.0,1.9,2,2,2,-3.92916436081903,2026-02-26T01:48:28.348Z
2025-11-01,CHN,PSE,4,0,0,0,0,0.0,0.0,3.275,16,4,16,4.31472081218275,2026-02-26T01:48:28.348Z
2025-11-01,PSE,CHN,3,0,0,0,0,0.0,0.0,2.7999999999999994,6,3,6,4.31472081218275,2026-02-26T01:48:28.348Z
2025-11-01,IRN,FRA,4,0,0,0,0,0.0,0.0,2.325,13,4,13,-4.864297645112755,2026-02-26T01:48:28.348Z
2025-11-01,PAK,CHN,2,0,0,0,0,0.0,0.0,1.0,5,2,5,-8.4375,2026-02-26T01:48:28.348Z
2025-11-01,EGY,ISR,19,2,5,0,0,0.2631578947368421,0.5263157894736842,2.8789473684210525,67,19,67,-2.000236388943987,2026-02-26T01:48:28.348Z
2025-11-01,IRN,CHN,3,0,0,0,0,0.0,0.0,3.5,10,3,10,-2.83960092095165,2026-02-26T01:48:28.348Z
2025-11-01,ARG,ISR,4,0,0,0,0,0.0,0.0,-1.0,20,4,20,-3.77794911333848,2026-02-26T01:48:28.348Z
2025-11-01,TUR,IRN,22,0,0,0,0,0.0,0.0,3.9545454545454546,53,22,53,0.2923478219971273,2026-02-26T01:48:28.348Z
2025-11-01,FRA,IRN,5,0,0,0,0,0.0,0.0,-0.64,18,5,18,-6.772490059642124,2026-02-26T01:48:28.348Z
2025-11-01,EGY,ETH,3,0,0,0,0,0.0,0.0,4.0,5,3,5,3.57142857142857,2026-02-26T01:48:28.348Z
2025-11-01,TUR,SYR,2,0,0,0,0,0.0,0.0,7.4,2,2,2,0.0,2026-02-26T01:48:28.348Z
2025-11-01,PSE,FRA,3,0,0,0,0,0.0,0.0,0.13333333333333333,4,3,4,-6.2619987913882005,2026-02-26T01:48:28.348Z
2025-11-01,TUR,ISR,46,8,0,0,0,0.0,0.0,0.30869565217391304,105,48,105,-0.33107255202005137,2026-02-26T01:48:28.348Z
2025-11-01,ETH,USA,6,0,0,0,0,0.0,0.0,2.8333333333333335,20,6,20,4.6494550671642365,2026-02-26T01:48:28.348Z
2025-11-01,PSE,IRN,8,0,0,0,0,0.0,0.0,0.2250000000000001,31,8,31,-4.30724406339705,2026-02-26T01:48:28.348Z
2025-11-01,CHN,PRK,22,2,0,0,0,0.0,0.0,4.1863636363636365,69,22,69,-0.523905446699565,2026-02-26T01:48:28.348Z
2025-11-01,USA,KOR,20,0,0,0,0,0.0,0.0,3.4900000000000007,53,20,53,-0.2656882515313669,2026-02-26T01:48:28.348Z
2025-11-01,KOR,IND,7,0,0,0,0,0.0,0.0,-0.31428571428571417,21,7,21,-1.2477035581402982,2026-02-26T01:48:28.348Z
2025-11-01,ARG,GBR,1,0,0,0,0,0.0,0.0,-10.0,4,1,4,-0.36496350364963,2026-02-26T01:48:28.348Z
2025-11-01,USA,USA,1760,55,22,22,29,0.04147727272727273,2.28125,0.08625000000000044,5537,1866,5435,-2.8319385807500175,2026-02-26T01:48:28.348Z
2025-11-01,IRN,PRK,4,0,2,0,0,0.5,0.0,6.0,10,4,10,-4.23676012461059,2026-02-26T01:48:28.348Z
2025-11-01,CHN,KOR,32,2,0,0,0,0.0,0.0,1.75,95,36,95,-1.3464738400168135,2026-02-26T01:48:28.348Z
2025-11-01,GBR,ISR,52,4,0,0,0,0.0,0.0,0.8134615384615379,255,88,249,-3.68205683378461,2026-02-26T01:48:28.348Z
2025-11-01,RUS,DEU,7,0,0,0,0,0.0,0.0,2.3428571428571425,23,7,23,-2.972805497463528,2026-02-26T01:48:28.348Z
2025-11-01,PSE,USA,21,3,0,0,0,0.0,0.0,-0.5476190476190477,52,21,52,-3.5753761147499974,2026-02-26T01:48:28.348Z
2025-11-01,TUR,CHN,1,0,0,0,0,0.0,0.0,1.9,6,1,6,-2.28310502283105,2026-02-26T01:48:28.348Z
2025-11-01,ISR,TUR,24,3,0,0,0,0.0,0.0,0.6583333333333332,80,26,80,-1.5631227726487305,2026-02-26T01:48:28.348Z
2025-11-01,BRA,MEX,2,0,0,0,0,0.0,0.0,3.0,6,2,6,2.04819277108434,2026-02-26T01:48:28.348Z
2025-11-01,UKR,UKR,179,13,0,3,3,0.0335195530726257,0.43575418994413406,0.33240223463687135,464,213,464,-2.719477590608505,2026-02-26T01:48:28.348Z
2025-11-01,FRA,FRA,76,0,0,0,2,0.02631578947368421,0.0,2.030263157894737,227,76,227,-2.9798974736609023,2026-02-26T01:48:28.348Z
2025-11-01,DEU,USA,31,0,0,0,0,0.0,0.0,2.7774193548387096,87,31,86,-0.5431401111345935,2026-02-26T01:48:28.348Z
2025-11-01,DEU,TUR,10,0,0,0,0,0.0,0.0,2.9499999999999997,37,10,37,-2.349357974272069,2026-02-26T01:48:28.348Z
2025-11-01,UKR,USA,372,0,1,0,1,0.005376344086021506,0.0,2.309677419354836,1120,378,1107,-2.2339058547769026,2026-02-26T01:48:28.348Z
2025-11-01,USA,UKR,334,11,4,3,0,0.020958083832335328,0.2305389221556886,2.691017964071856,985,339,985,-2.1694981750367703,2026-02-26T01:48:28.348Z
2025-11-01,USA,TUR,42,0,1,0,0,0.023809523809523808,0.0,3.728571428571429,156,42,156,0.13243792780212568,2026-02-26T01:48:28.348Z
2025-11-01,UKR,CHN,1,0,0,0,0,0.0,0.0,0.0,1,1,1,-2.28310502283105,2026-02-26T01:48:28.348Z
2025-11-01,CHN,SYR,4,0,0,0,0,0.0,0.0,3.45,4,4,4,-2.90534208059982,2026-02-26T01:48:28.348Z
2025-11-01,TUR,USA,35,0,1,0,0,0.02857142857142857,0.0,2.8828571428571435,130,35,130,-0.8923141278170442,2026-02-26T01:48:28.348Z
2025-11-01,SYR,ISR,21,4,0,0,0,0.0,0.0,-4.357142857142858,74,21,74,-6.85394248940198,2026-02-26T01:48:28.348Z
2025-11-01,RWA,USA,8,0,0,0,0,0.0,0.0,5.1125,40,8,40,2.0450561176851725,2026-02-26T01:48:28.348Z
2025-11-01,ISR,CHN,5,0,0,0,0,0.0,0.0,1.1199999999999999,18,5,18,2.4261356241051737,2026-02-26T01:48:28.348Z
2025-11-01,IND,GBR,9,0,1,1,0,0.2222222222222222,0.0,-1.3333333333333333,25,9,25,-3.260471866664479,2026-02-26T01:48:28.348Z
2025-11-01,USA,DEU,25,2,0,0,0,0.0,0.0,1.648,86,25,85,-1.1725878675987342,2026-02-26T01:48:28.348Z
2025-11-01,FRA,SYR,2,0,0,0,0,0.0,0.0,3.4,10,2,10,-1.30718954248366,2026-02-26T01:48:28.348Z
2025-11-01,MEX,CHN,3,0,0,0,0,0.0,0.0,6.400000000000001,10,3,10,-4.33179723502305,2026-02-26T01:48:28.348Z
2025-11-01,PAK,IRN,5,0,3,0,0,0.6,0.0,-1.7600000000000002,12,5,12,1.2959957709611738,2026-02-26T01:48:28.348Z
2025-11-01,PAK,BRA,1,0,0,0,0,0.0,0.0,2.8,10,1,10,-3.77794911333848,2026-02-26T01:48:28.348Z
2025-11-01,SYR,PSE,3,0,0,0,1,0.3333333333333333,0.0,-1.3333333333333333,7,3,7,-4.662282649980363,2026-02-26T01:48:28.348Z
2025-11-01,TUR,PAK,26,0,0,0,0,0.0,0.0,3.2115384615384617,72,26,72,-2.1793519352957675,2026-02-26T01:48:28.348Z
2025-11-01,SYR,GBR,7,0,0,0,0,0.0,0.0,1.0285714285714285,13,7,13,5.620608899297421,2026-02-26T01:48:28.348Z
2025-11-01,COD,ISR,3,0,0,0,0,0.0,0.0,4.0,5,3,5,3.57142857142857,2026-02-26T01:48:28.348Z
2025-11-01,VEN,VEN,84,11,5,1,0,0.07142857142857142,0.7857142857142857,-0.8714285714285714,235,89,234,-5.086537862005224,2026-02-26T01:48:28.348Z
2025-11-01,USA,RUS,298,7,10,3,1,0.04697986577181208,0.3288590604026846,3.318791946308724,807,304,807,-2.46247802947532,2026-02-26T01:48:28.348Z
2025-11-01,TUR,RUS,48,0,3,0,0,0.0625,0.0,2.022916666666667,202,64,202,-2.7453536592623586,2026-02-26T01:48:28.348Z
2025-11-01,GBR,USA,117,3,0,0,1,0.008547008547008548,0.025641025641025644,1.9666666666666681,317,120,317,0.30655349889766254,2026-02-26T01:48:28.348Z
2025-11-01,UKR,PSE,5,0,0,0,0,0.0,0.0,2.8,10,5,10,-3.7877014324468705,2026-02-26T01:48:28.348Z
2025-11-01,IRN,RUS,8,0,0,0,0,0.0,0.0,4.2,25,8,25,0.4526266711516988,2026-02-26T01:48:28.348Z
2025-11-01,TWN,TWN,7,1,0,0,0,0.0,0.0,3.185714285714286,25,7,25,-1.5488748375282915,2026-02-26T01:48:28.348Z
2025-11-01,FRA,RUS,25,7,1,0,0,0.04,0.28,-0.5840000000000001,75,25,75,-3.3270835033480046,2026-02-26T01:48:28.348Z
2025-11-01,ISR,FRA,11,0,0,0,0,0.0,0.0,-1.3636363636363635,24,11,24,-4.057030264570871,2026-02-26T01:48:28.348Z
2025-11-01,KOR,USA,13,0,0,0,0,0.0,0.0,2.2846153846153845,36,13,36,-0.41845276334097614,2026-02-26T01:48:28.348Z
2025-11-01,USA,RWA,6,0,0,0,0,0.0,0.0,5.1000000000000005,24,6,24,0.31326816440862143,2026-02-26T01:48:28.348Z
2025-11-01,PSE,SYR,6,0,0,0,0,0.0,0.0,1.0,14,6,14,-2.423263327948303,2026-02-26T01:48:28.348Z
2025-11-01,DEU,UKR,30,6,1,0,1,0.06666666666666667,0.4,-0.08666666666666675,89,30,89,-4.138278382862249,2026-02-26T01:48:28.348Z
2025-11-01,CHN,IND,6,0,0,0,0,0.0,0.0,2.0,14,6,14,-4.46496423675156,2026-02-26T01:48:28.348Z
2025-11-01,ETH,EGY,3,0,0,0,0,0.0,0.0,4.0,5,3,5,3.57142857142857,2026-02-26T01:48:28.348Z
2025-11-01,BRA,PAK,1,0,0,0,0,0.0,0.0,1.9,10,1,10,-3.77794911333848,2026-02-26T01:48:28.348Z
2025-11-01,IND,PAK,18,0,0,0,0,0.0,0.0,-3.7777777777777786,49,24,49,-4.437409263777868,2026-02-26T01:48:28.348Z
2025-11-01,TUR,PSE,19,0,0,0,0,0.0,0.0,1.3473684210526315,40,19,39,-0.6319707189766014,2026-02-26T01:48:28.348Z
2025-11-01,GBR,RUS,25,0,1,0,0,0.04,0.0,0.336,80,27,80,-3.0213556456873043,2026-02-26T01:48:28.348Z
2025-11-01,DEU,SYR,11,0,0,0,2,0.18181818181818182,0.0,0.8181818181818182,31,11,31,-2.361659241318748,2026-02-26T01:48:28.348Z
2025-11-01,UKR,TWN,1,0,0,0,0,0.0,0.0,-10.0,6,1,6,-7.02702702702703,2026-02-26T01:48:28.348Z
2025-11-01,RUS,FRA,9,1,1,0,0,0.1111111111111111,0.1111111111111111,1.2777777777777777,25,9,25,-3.2804718757740994,2026-02-26T01:48:28.348Z
2025-11-01,CHN,GBR,13,0,2,0,0,0.15384615384615385,0.0,1.9076923076923078,38,21,38,-0.6635507575558715,2026-02-26T01:48:28.348Z
2025-11-01,SYR,DEU,3,0,0,0,0,0.0,0.0,1.0,6,3,6,0.6503220701507133,2026-02-26T01:48:28.348Z
2025-11-01,EGY,RUS,6,0,0,0,0,0.0,0.0,0.9,29,8,29,-3.3036821684275814,2026-02-26T01:48:28.348Z
2025-11-01,ISR,RUS,9,0,0,0,0,0.0,0.0,0.0,16,10,16,-4.421233223636771,2026-02-26T01:48:28.348Z
2025-11-01,PAK,ETH,3,0,0,0,0,0.0,0.0,4.0,5,3,5,3.57142857142857,2026-02-26T01:48:28.348Z
2025-11-01,SYR,SYR,21,0,1,0,0,0.047619047619047616,0.0,-0.09523809523809532,100,29,80,-2.634737480167595,2026-02-26T01:48:28.348Z
2025-11-01,EGY,SYR,2,0,0,0,0,0.0,0.0,2.9,13,2,13,-1.6755565862708748,2026-02-26T01:48:28.348Z
2025-11-01,UKR,ISR,7,0,0,0,0,0.0,0.0,-0.5999999999999999,14,7,14,-3.6981986994037515,2026-02-26T01:48:28.348Z
2025-11-01,RUS,SYR,5,0,3,0,0,0.6,0.0,1.0,14,5,12,-2.94431505006171,2026-02-26T01:48:28.348Z
2025-11-01,ISR,GBR,41,3,0,1,0,0.024390243902439025,0.07317073170731708,-0.1951219512195122,182,77,182,-2.9535265235012726,2026-02-26T01:48:28.348Z
2025-11-01,PAK,GBR,4,0,0,0,0,0.0,0.0,0.95,7,4,7,-2.270462225786125,2026-02-26T01:48:28.348Z
2025-11-01,GBR,IRN,1,0,0,0,0,0.0,0.0,2.8,3,1,3,-5.3030303030303,2026-02-26T01:48:28.348Z
2025-11-01,IND,USA,8,0,0,0,0,0.0,0.0,0.9750000000000001,14,8,14,-1.2460295969818325,2026-02-26T01:48:28.348Z
2025-11-01,KOR,CHN,19,0,0,0,0,0.0,0.0,3.778947368421052,55,19,55,-0.5290365073010669,2026-02-26T01:48:28.348Z
2025-11-01,MEX,USA,37,0,0,0,0,0.0,0.0,0.05945945945945951,129,40,129,-1.9277896884298273,2026-02-26T01:48:28.348Z
2025-11-01,RWA,COD,4,0,0,0,0,0.0,0.0,3.25,7,4,7,2.93046059733717,2026-02-26T01:48:28.348Z
2025-11-01,GBR,PAK,8,0,0,0,0,0.0,0.0,-3.425,38,8,38,-5.408432689454057,2026-02-26T01:48:28.348Z
2025-11-01,GBR,PSE,28,4,0,0,0,0.0,0.0,0.8678571428571428,84,28,82,-3.465927533951667,2026-02-26T01:48:28.348Z
2025-11-01,FRA,ISR,21,5,0,0,2,0.09523809523809523,0.47619047619047616,-1.9285714285714286,63,21,63,-1.769947577701161,2026-02-26T01:48:28.348Z
2025-11-01,DEU,FRA,29,0,2,0,0,0.06896551724137931,0.0,3.720689655172414,72,29,72,-1.7750834335206203,2026-02-26T01:48:28.348Z
2025-11-01,GBR,SYR,8,0,0,0,0,0.0,0.0,2.3375,18,8,18,3.022684483629515,2026-02-26T01:48:28.348Z
2025-11-01,BRA,VEN,4,0,0,0,0,0.0,0.0,2.9,12,4,8,-3.4839191969841004,2026-02-26T01:48:28.348Z
2025-11-01,CHN,UKR,7,2,0,0,0,0.0,0.0,-1.542857142857143,17,7,17,-5.484405900815612,2026-02-26T01:48:28.348Z
2025-11-01,IND,ISR,2,0,0,0,0,0.0,0.0,0.0,3,2,3,-7.30837789661324,2026-02-26T01:48:28.348Z
2025-11-01,ERI,ERI,5,0,0,0,0,0.0,0.0,2.56,12,5,12,-3.3856100453795377,2026-02-26T01:48:28.348Z
2025-11-01,ETH,ERI,1,0,0,0,0,0.0,0.0,3.5,2,1,2,-3.99385560675883,2026-02-26T01:48:28.348Z
2025-11-01,TUR,EGY,3,0,0,0,0,0.0,0.0,5.0,16,3,16,-5.31914893617021,2026-02-26T01:48:28.348Z
2025-11-01,BRA,CHN,5,0,0,0,0,0.0,0.0,5.68,19,5,19,-1.676128085708924,2026-02-26T01:48:28.348Z
2025-11-01,PAK,PAK,94,5,2,2,2,0.06382978723404255,0.3191489361702127,0.5393617021276597,227,95,227,-0.5568724653327859,2026-02-26T01:48:28.348Z
2025-11-01,RUS,GBR,37,1,0,0,0,0.0,0.0,-1.964864864864865,105,38,105,-2.8573960841965103,2026-02-26T01:48:28.348Z
2025-11-01,CHN,VEN,7,0,0,0,0,0.0,0.0,1.0857142857142856,16,7,16,-2.5317504587161244,2026-02-26T01:48:28.348Z
2025-11-01,FRA,USA,39,0,0,0,0,0.0,0.0,3.1282051282051286,114,40,114,-2.0769840996440827,2026-02-26T01:48:28.348Z
2025-11-01,USA,PAK,4,0,0,0,0,0.0,0.0,3.9,6,4,6,-0.820696721311475,2026-02-26T01:48:28.348Z
2025-11-01,ARG,USA,9,0,2,0,0,0.2222222222222222,0.0,1.9333333333333336,28,9,28,-0.8206156516303423,2026-02-26T01:48:28.348Z
2025-11-01,SYR,EGY,3,0,0,0,0,0.0,0.0,-2.6999999999999997,11,3,11,-0.3549842689186932,2026-02-26T01:48:28.348Z
2025-11-01,ISR,ISR,299,9,7,7,4,0.06020066889632107,0.5418060200668896,-0.4491638795986622,1092,337,1040,-3.9862831130245517,2026-02-26T01:48:28.348Z
2025-11-01,VEN,UKR,2,0,0,0,0,0.0,0.0,4.75,3,2,3,-2.35042735042735,2026-02-26T01:48:28.348Z
2025-11-01,PRK,IRN,4,0,2,0,0,0.5,0.0,6.0,10,4,10,-4.23676012461059,2026-02-26T01:48:28.348Z
2025-11-01,RUS,KOR,2,0,0,0,0,0.0,0.0,2.8,6,2,6,-1.12923462986198,2026-02-26T01:48:28.348Z
2025-11-01,CHN,EGY,2,0,0,0,0,0.0,0.0,3.4,3,2,3,5.18134715025906,2026-02-26T01:48:28.348Z
2025-11-01,TUR,GBR,2,0,0,0,0,0.0,0.0,0.3999999999999999,9,2,9,-0.28522775649212506,2026-02-26T01:48:28.348Z
2025-11-01,IND,IND,59,1,2,0,0,0.03389830508474576,0.03389830508474576,0.2423728813559324,290,59,290,-2.399400257433279,2026-02-26T01:48:28.348Z
2025-11-01,GBR,CHN,16,1,2,0,0,0.125,0.125,1.8125,48,16,48,-2.5328805393700033,2026-02-26T01:48:28.348Z
2025-11-01,RUS,RUS,230,5,22,4,4,0.13043478260869565,0.6521739130434783,1.964347826086957,519,246,517,-2.2218476631668977,2026-02-26T01:48:28.348Z
2025-11-01,USA,EGY,5,0,0,0,0,0.0,0.0,4.38,11,5,11,-3.12051649928264,2026-02-26T01:48:28.348Z
2025-11-01,UKR,FRA,75,0,5,0,0,0.06666666666666667,0.0,4.2586666666666675,176,75,163,-1.863006791843536,2026-02-26T01:48:28.348Z
2025-11-01,PSE,ISR,214,18,0,0,0,0.0,0.0,-2.593925233644861,757,225,747,-5.472330121458265,2026-02-26T01:48:28.348Z
2025-11-01,IRN,RWA,3,0,0,0,0,0.0,0.0,4.0,5,3,5,3.57142857142857,2026-02-26T01:48:28.348Z
2025-11-01,FRA,GBR,17,2,0,0,0,0.0,0.0,1.9294117647058822,47,17,47,-1.7023388148267258,2026-02-26T01:48:28.348Z
2025-11-01,SYR,FRA,1,0,0,0,0,0.0,0.0,3.4,7,1,7,-1.30718954248366,2026-02-26T01:48:28.348Z
2025-11-01,VEN,ISR,2,0,0,0,0,0.0,0.0,-2.0,4,2,4,-2.50368188512518,2026-02-26T01:48:28.348Z
2025-11-01,PAK,TUR,21,0,0,0,0,0.0,0.0,2.0095238095238095,78,21,78,-2.583407749722027,2026-02-26T01:48:28.348Z
2025-11-01,TWN,CHN,25,3,0,0,0,0.0,0.0,-1.2480000000000002,85,25,85,-2.759118184966793,2026-02-26T01:48:28.348Z
2025-11-01,IRN,USA,33,6,0,0,0,0.0,0.0,1.103030303030303,129,37,127,-2.382751380931874,2026-02-26T01:48:28.348Z
2025-11-01,ETH,PAK,3,0,0,0,0,0.0,0.0,4.0,5,3,5,3.57142857142857,2026-02-26T01:48:28.348Z
2025-11-01,IRN,COD,3,0,0,0,0,0.0,0.0,4.0,5,3,5,3.57142857142857,2026-02-26T01:48:28.348Z
2025-11-01,RUS,USA,229,5,9,0,1,0.043668122270742356,0.21834061135371177,3.821834061135371,668,234,668,-2.5545968543934663,2026-02-26T01:48:28.348Z
2025-11-01,IND,FRA,2,0,0,0,0,0.0,0.0,3.4,4,2,4,-7.30837789661324,2026-02-26T01:48:28.348Z
2025-11-01,BRA,ARG,7,0,0,0,0,0.0,0.0,6.0,30,7,30,0.4012020961173514,2026-02-26T01:48:28.348Z
2025-11-01,ISR,USA,90,7,1,0,1,0.022222222222222223,0.15555555555555556,0.9366666666666668,301,100,301,-3.9028926928375096,2026-02-26T01:48:28.348Z
2025-11-01,RUS,PRK,9,0,0,0,0,0.0,0.0,4.144444444444444,32,9,32,-1.5751800458689635,2026-02-26T01:48:28.348Z
2025-11-01,CHN,DEU,6,0,0,0,0,0.0,0.0,2.8000000000000003,14,6,14,-1.908797329807755,2026-02-26T01:48:28.348Z
2025-11-01,FRA,BRA,10,0,0,0,2,0.2,0.0,-3.12,48,15,48,-1.3132946560343048,2026-02-26T01:48:28.348Z
2025-11-01,PAK,IND,2,0,0,0,0,0.0,0.0,2.8,4,4,4,-1.92612942612943,2026-02-26T01:48:28.348Z
2025-11-01,MEX,IRN,3,0,0,0,0,0.0,0.0,-10.0,10,3,10,-5.62248995983936,2026-02-26T01:48:28.348Z
2025-11-01,FRA,TUR,2,0,0,0,0,0.0,0.0,7.0,2,2,2,-0.74074074074074,2026-02-26T01:48:28.348Z
2025-11-01,TWN,DEU,2,0,0,0,0,0.0,0.0,2.0,16,2,16,1.5748031496063,2026-02-26T01:48:28.348Z
2025-11-01,ETH,FRA,1,0,0,0,0,0.0,0.0,1.9,2,1,2,4.28472702142363,2026-02-26T01:48:28.348Z
2025-11-01,FRA,ETH,3,0,0,0,0,0.0,0.0,-2.4,9,3,9,4.28472702142363,2026-02-26T01:48:28.348Z
2025-11-01,TUR,FRA,2,0,0,0,0,0.0,0.0,7.0,2,2,2,-0.74074074074074,2026-02-26T01:48:28.348Z
2025-11-01,KOR,TWN,2,0,0,0,0,0.0,0.0,1.9,10,2,10,5.38461538461539,2026-02-26T01:48:28.348Z
2025-11-01,TWN,KOR,1,0,0,0,0,0.0,0.0,2.8,2,1,2,5.38461538461539,2026-02-26T01:48:28.348Z
2025-12-01,USA,USA,2817,83,33,30,22,0.03017394391196308,2.5044373446929358,0.19304224352147537,8719,2983,8478,-2.6884219014986988,2026-02-26T02:11:44.224Z
2025-12-01,CHN,USA,162,15,0,0,5,0.030864197530864196,0.4629629629629629,-0.09135802469135812,605,169,602,-1.4674721609408063,2026-02-26T02:11:44.224Z
2025-12-01,EGY,SYR,2,0,0,0,0,0.0,0.0,3.0,10,2,10,3.22966507177034,2026-02-26T02:11:44.224Z
2025-12-01,PRK,PRK,1,0,0,0,0,0.0,0.0,-10.0,2,1,2,-2.28346456692914,2026-02-26T02:11:44.224Z
2025-12-01,TUR,USA,9,0,0,0,1,0.1111111111111111,0.0,3.822222222222222,21,9,21,-1.0763812409754632,2026-02-26T02:11:44.224Z
2025-12-01,UKR,IND,3,0,0,0,0,0.0,0.0,1.8999999999999997,6,3,6,-8.71985157699442,2026-02-26T02:11:44.224Z
2025-12-01,SYR,IRN,2,0,0,0,0,0.0,0.0,3.0,2,2,2,-2.271714922049,2026-02-26T02:11:44.224Z
2025-12-01,CHN,PRK,9,0,0,1,0,0.1111111111111111,0.0,3.8666666666666663,24,9,24,0.7236567113643955,2026-02-26T02:11:44.224Z
2025-12-01,IND,IND,98,2,9,3,1,0.1326530612244898,0.2653061224489796,-0.6040816326530614,416,103,409,-2.750390506008872,2026-02-26T02:11:44.224Z
2025-12-01,ISR,ETH,6,0,0,0,0,0.0,0.0,5.8999999999999995,14,6,14,-0.03858781398621858,2026-02-26T02:11:44.224Z
2025-12-01,PAK,PAK,121,4,5,0,0,0.04132231404958678,0.1652892561983471,1.07603305785124,310,129,298,-2.3821521868487308,2026-02-26T02:11:44.224Z
2025-12-01,PSE,SYR,3,0,0,0,0,0.0,0.0,-10.0,7,3,7,-6.92213832283809,2026-02-26T02:11:44.224Z
2025-12-01,ISR,TUR,23,1,0,0,0,0.0,0.0,-0.03478260869565197,60,23,60,-2.4905460112305873,2026-02-26T02:11:44.224Z
2025-12-01,RUS,FRA,16,0,1,0,0,0.0625,0.0,1.1062500000000002,46,16,46,-2.649761902535111,2026-02-26T02:11:44.224Z
2025-12-01,IND,CHN,21,0,0,0,0,0.0,0.0,0.43809523809523804,43,21,43,-4.089516491610298,2026-02-26T02:11:44.224Z
2025-12-01,IRN,TUR,7,0,0,0,0,0.0,0.0,3.4857142857142853,14,7,14,-0.2332744898708614,2026-02-26T02:11:44.224Z
2025-12-01,CHN,FRA,14,5,0,0,0,0.0,0.0,-0.22142857142857167,56,14,56,-0.258612837074262,2026-02-26T02:11:44.224Z
2025-12-01,TUR,FRA,5,3,0,0,0,0.0,0.0,-5.8,12,5,12,-2.7741807674178682,2026-02-26T02:11:44.224Z
2025-12-01,IRN,IRN,87,12,1,1,1,0.034482758620689655,0.41379310344827586,-0.4770114942528737,271,87,270,-3.8087178798743273,2026-02-26T02:11:44.224Z
2025-12-01,KOR,RUS,4,0,0,0,0,0.0,0.0,5.275,7,4,7,-0.7533756966465399,2026-02-26T02:11:44.224Z
2025-12-01,USA,UKR,256,1,2,3,0,0.01953125,0.01953125,2.11171875,908,312,904,-1.9215596528078585,2026-02-26T02:11:44.224Z
2025-12-01,FRA,PSE,5,0,0,0,2,0.4,0.0,1.0399999999999998,15,5,15,-5.258250314253013,2026-02-26T02:11:44.224Z
2025-12-01,PSE,RUS,3,0,0,0,0,0.0,0.0,-4.666666666666667,5,3,5,-4.859605035170433,2026-02-26T02:11:44.224Z
2025-12-01,IRN,ARG,1,0,0,0,0,0.0,0.0,-2.0,3,1,3,-11.0741971207087,2026-02-26T02:11:44.224Z
2025-12-01,USA,FRA,86,5,2,0,0,0.023255813953488372,0.11627906976744186,1.2290697674418616,278,88,278,-0.3736261392178469,2026-02-26T02:11:44.224Z
2025-12-01,RUS,EGY,3,0,0,0,0,0.0,0.0,3.3000000000000003,16,3,16,2.7327466055740732,2026-02-26T02:11:44.224Z
2025-12-01,CHN,TWN,177,15,0,1,0,0.005649717514124294,0.0847457627118644,-1.0830508474576273,813,192,813,-3.3507608267933486,2026-02-26T02:11:44.224Z
2025-12-01,UKR,ISR,32,0,7,0,0,0.21875,0.0,1.6625,109,37,109,-3.558518076212147,2026-02-26T02:11:44.224Z
2025-12-01,GBR,IRN,5,0,0,0,0,0.0,0.0,0.0,7,5,7,-7.420494699646641,2026-02-26T02:11:44.224Z
2025-12-01,PAK,GBR,7,3,0,0,0,0.0,0.0,-1.7857142857142858,36,7,36,-4.858616702316918,2026-02-26T02:11:44.224Z
2025-12-01,CHN,MEX,5,0,0,0,0,0.0,0.0,8.0,7,6,7,-1.6266525502382159,2026-02-26T02:11:44.224Z
2025-12-01,UKR,PSE,4,0,0,0,0,0.0,0.0,-6.0,8,4,8,-8.533159445124735,2026-02-26T02:11:44.224Z
2025-12-01,BRA,CHN,7,0,0,0,0,0.0,0.0,3.014285714285714,43,10,43,0.5164051241339414,2026-02-26T02:11:44.224Z
2025-12-01,GBR,PAK,7,0,0,0,0,0.0,0.0,-3.7714285714285714,28,7,28,-4.45631264554014,2026-02-26T02:11:44.224Z
2025-12-01,EGY,GBR,9,0,0,0,0,0.0,0.0,-3.0888888888888886,31,9,31,-4.013693433813693,2026-02-26T02:11:44.224Z
2025-12-01,PRK,USA,7,0,0,0,2,0.2857142857142857,0.0,-3.142857142857143,17,7,17,-2.4718997980457367,2026-02-26T02:11:44.224Z
2025-12-01,KOR,KOR,22,0,0,0,0,0.0,0.0,1.9545454545454548,86,30,86,-1.6274733817163465,2026-02-26T02:11:44.224Z
2025-12-01,ISR,CHN,1,0,0,0,0,0.0,0.0,3.4,4,1,4,6.29921259842515,2026-02-26T02:11:44.224Z
2025-12-01,IRN,PSE,5,4,0,0,0,0.0,0.0,-6.56,13,5,13,-6.2857552875295175,2026-02-26T02:11:44.224Z
2025-12-01,GBR,DEU,73,0,0,0,0,0.0,0.0,5.216438356164383,273,81,257,-1.1139444620775643,2026-02-26T02:11:44.224Z
2025-12-01,ISR,USA,214,9,6,0,0,0.028037383177570093,0.2523364485981308,0.9794392523364495,643,214,633,-2.227814075520769,2026-02-26T02:11:44.224Z
2025-12-01,DEU,USA,68,0,5,0,0,0.07352941176470588,0.0,0.8499999999999998,223,69,223,-2.5634388569701425,2026-02-26T02:11:44.224Z
2025-12-01,ISR,GBR,10,1,0,0,0,0.0,0.0,0.71,32,10,32,-1.3610266662191737,2026-02-26T02:11:44.224Z
2025-12-01,CHN,PSE,2,0,0,0,0,0.0,0.0,5.6,8,4,8,0.0,2026-02-26T02:11:44.224Z
2025-12-01,USA,RUS,209,6,7,2,0,0.0430622009569378,0.2583732057416268,0.4110047846889951,629,212,621,-2.9008622635732992,2026-02-26T02:11:44.224Z
2025-12-01,DEU,FRA,44,0,0,0,2,0.045454545454545456,0.0,3.1772727272727277,152,46,136,-2.9867312846545038,2026-02-26T02:11:44.224Z
2025-12-01,USA,VEN,173,10,2,0,0,0.011560693641618497,0.11560693641618497,-0.4653179190751447,495,177,493,-5.294973191853995,2026-02-26T02:11:44.224Z
2025-12-01,ETH,ISR,4,0,0,0,0,0.0,0.0,4.35,12,4,12,-1.860834946898225,2026-02-26T02:11:44.224Z
2025-12-01,RUS,ARG,1,0,0,0,0,0.0,0.0,3.4,8,1,8,3.92156862745099,2026-02-26T02:11:44.224Z
2025-12-01,TUR,UKR,8,0,0,0,0,0.0,0.0,-10.0,34,8,34,-3.4618550917873954,2026-02-26T02:11:44.224Z
2025-12-01,EGY,ISR,19,1,0,0,0,0.0,0.0,-0.5789473684210527,57,19,57,-3.0724346990324256,2026-02-26T02:11:44.224Z
2025-12-01,MEX,ARG,5,0,0,0,0,0.0,0.0,3.3600000000000003,22,5,22,-4.043794105437946,2026-02-26T02:11:44.224Z
2025-12-01,PSE,MEX,2,0,0,0,0,0.0,0.0,-10.0,2,2,2,-4.24164524421594,2026-02-26T02:11:44.224Z
2025-12-01,CHN,KOR,29,0,2,0,0,0.06896551724137931,0.0,2.006896551724138,84,29,84,-0.19783494363530174,2026-02-26T02:11:44.224Z
2025-12-01,VEN,IRN,19,4,0,0,0,0.0,0.0,-0.7105263157894737,92,19,92,-4.926238519683426,2026-02-26T02:11:44.224Z
2025-12-01,GBR,USA,145,0,0,0,0,0.0,0.0,3.337931034482759,505,154,501,-0.33405388641173583,2026-02-26T02:11:44.224Z
2025-12-01,RUS,IND,11,0,0,0,0,0.0,0.0,1.9636363636363638,19,11,19,-0.5192000232475964,2026-02-26T02:11:44.224Z
2025-12-01,ETH,TUR,4,0,0,0,0,0.0,0.0,1.9,13,4,13,-3.212378046718703,2026-02-26T02:11:44.224Z
2025-12-01,ISR,COD,2,1,0,0,0,0.0,0.0,-3.2,6,2,6,-8.76204238921,2026-02-26T02:11:44.224Z
2025-12-01,GBR,UKR,17,0,0,0,0,0.0,0.0,3.5,61,17,61,-1.4857061599646033,2026-02-26T02:11:44.224Z
2025-12-01,TUR,GBR,15,2,0,0,0,0.0,0.0,-1.7933333333333332,31,15,30,-5.561591874172711,2026-02-26T02:11:44.224Z
2025-12-01,ETH,EGY,2,0,0,0,0,0.0,0.0,-2.0,10,2,10,-0.68181818181818,2026-02-26T02:11:44.224Z
2025-12-01,ARG,USA,8,0,0,0,0,0.0,0.0,2.1500000000000004,26,8,26,-0.3848127149220799,2026-02-26T02:11:44.224Z
2025-12-01,USA,MEX,77,1,0,0,0,0.0,0.0,-0.9233766233766235,251,79,251,-4.24034776314827,2026-02-26T02:11:44.224Z
2025-12-01,ARG,ARG,7,0,0,0,0,0.0,0.0,0.5428571428571428,15,7,15,-0.855928025265343,2026-02-26T02:11:44.224Z
2025-12-01,ISR,VEN,10,0,0,0,0,0.0,0.0,-2.4,11,10,11,-3.0619276771649977,2026-02-26T02:11:44.224Z
2025-12-01,ARG,GBR,9,0,0,0,0,0.0,0.0,2.5999999999999996,28,9,28,0.53380782918149,2026-02-26T02:11:44.224Z
2025-12-01,PSE,USA,32,1,0,2,0,0.0625,0.0625,0.665625,68,32,66,-5.390465687921062,2026-02-26T02:11:44.224Z
2025-12-01,TUR,ETH,13,0,0,0,0,0.0,0.0,2.784615384615385,42,13,42,-3.361890350191025,2026-02-26T02:11:44.224Z
2025-12-01,USA,ISR,264,11,7,0,0,0.026515151515151516,0.2916666666666667,1.3337121212121212,793,267,783,-2.9675164542483303,2026-02-26T02:11:44.224Z
2025-12-01,ISR,PSE,342,14,0,0,6,0.017543859649122806,0.24561403508771928,-2.499707602339183,1040,347,1028,-5.010379294415054,2026-02-26T02:11:44.224Z
2025-12-01,EGY,EGY,11,0,0,0,0,0.0,0.0,-1.6,36,11,36,-1.1019088700293245,2026-02-26T02:11:44.224Z
2025-12-01,TWN,KOR,1,0,0,0,0,0.0,0.0,0.0,3,1,3,0.23255813953489,2026-02-26T02:11:44.224Z
2025-12-01,RUS,PRK,14,0,0,0,0,0.0,0.0,2.1071428571428568,45,14,45,1.6246559257400237,2026-02-26T02:11:44.224Z
2025-12-01,IRN,GBR,4,0,0,0,0,0.0,0.0,-1.5,7,4,7,-2.0496946588442624,2026-02-26T02:11:44.224Z
2025-12-01,DEU,IRN,2,0,0,0,0,0.0,0.0,0.0,4,2,4,-1.17096018735363,2026-02-26T02:11:44.224Z
2025-12-01,USA,PSE,41,4,0,0,4,0.0975609756097561,0.3902439024390244,-0.5829268292682928,86,41,84,-4.891685758493267,2026-02-26T02:11:44.224Z
2025-12-01,ARG,VEN,2,0,0,0,0,0.0,0.0,-2.0,4,2,4,-5.40540540540541,2026-02-26T02:11:44.224Z
2025-12-01,DEU,PAK,5,0,0,0,0,0.0,0.0,-4.0,20,5,20,-2.415067461950696,2026-02-26T02:11:44.224Z
2025-12-01,SYR,TUR,9,0,0,0,0,0.0,0.0,-2.822222222222222,33,9,33,-4.1469614128241705,2026-02-26T02:11:44.224Z
2025-12-01,ETH,USA,1,0,0,0,0,0.0,0.0,8.0,10,1,10,3.79310344827586,2026-02-26T02:11:44.224Z
2025-12-01,ISR,SYR,26,0,0,0,0,0.0,0.0,-4.119230769230769,65,26,65,-3.784658201113413,2026-02-26T02:11:44.224Z
2025-12-01,FRA,ERI,2,0,0,0,0,0.0,0.0,0.0,8,2,8,-7.13623725671919,2026-02-26T02:11:44.224Z
2025-12-01,DEU,CHN,8,0,0,0,0,0.0,0.0,0.5499999999999999,23,8,23,-2.5003863781757203,2026-02-26T02:11:44.224Z
2025-12-01,PAK,DEU,6,0,0,0,0,0.0,0.0,-5.0,20,6,20,-2.2237813239048,2026-02-26T02:11:44.224Z
2025-12-01,MEX,GBR,2,0,0,0,0,0.0,0.0,1.25,5,2,5,-0.6288461030557551,2026-02-26T02:11:44.224Z
2025-12-01,PSE,IRN,4,0,0,0,0,0.0,0.0,-0.7999999999999999,10,4,10,-3.8444708037647524,2026-02-26T02:11:44.224Z
2025-12-01,GBR,GBR,224,9,2,0,2,0.017857142857142856,0.1607142857142857,0.5357142857142865,802,237,796,-1.6325861640449404,2026-02-26T02:11:44.224Z
2025-12-01,USA,IRN,66,6,1,0,0,0.015151515151515152,0.09090909090909091,-0.9348484848484852,241,68,239,-4.511046433356464,2026-02-26T02:11:44.224Z
2025-12-01,ETH,GBR,1,0,0,0,0,0.0,0.0,-5.0,6,1,6,-1.37221269296741,2026-02-26T02:11:44.224Z
2025-12-01,GBR,CHN,33,0,0,0,0,0.0,0.0,0.1727272727272727,153,33,153,-1.8923405883174047,2026-02-26T02:11:44.224Z
2025-12-01,COD,USA,9,0,0,0,0,0.0,0.0,4.866666666666666,14,9,14,-3.5884967221422053,2026-02-26T02:11:44.224Z
2025-12-01,CHN,ISR,6,0,0,0,0,0.0,0.0,-3.0,12,6,12,-3.7927652505831593,2026-02-26T02:11:44.224Z
2025-12-01,TUR,RUS,23,6,5,0,0,0.21739130434782608,1.3043478260869565,-0.8739130434782609,93,23,93,-3.109376843061572,2026-02-26T02:11:44.224Z
2025-12-01,VEN,ISR,11,0,0,0,0,0.0,0.0,0.6181818181818182,12,11,12,-3.834595207089048,2026-02-26T02:11:44.224Z
2025-12-01,CHN,CHN,225,7,13,0,0,0.057777777777777775,0.40444444444444444,1.1808888888888902,755,264,755,-0.5494378531065267,2026-02-26T02:11:44.224Z
2025-12-01,TWN,FRA,4,0,0,0,0,0.0,0.0,1.5,20,4,20,-4.29184549356223,2026-02-26T02:11:44.224Z
2025-12-01,PAK,IRN,17,0,0,1,0,0.058823529411764705,0.0,2.817647058823529,37,17,37,-0.10618675495061283,2026-02-26T02:11:44.224Z
2025-12-01,TWN,ARG,2,0,0,0,0,0.0,0.0,2.8,5,2,5,2.4390243902439,2026-02-26T02:11:44.224Z
2025-12-01,ETH,ERI,1,0,0,0,0,0.0,0.0,-4.0,10,1,10,-5.76923076923077,2026-02-26T02:11:44.224Z
2025-12-01,CHN,PAK,77,0,0,0,0,0.0,0.0,3.023376623376624,241,77,231,-1.9213046322232374,2026-02-26T02:11:44.224Z
2025-12-01,EGY,ETH,7,0,0,0,0,0.0,0.0,-7.714285714285714,20,7,20,-4.169108330693694,2026-02-26T02:11:44.224Z
2025-12-01,IND,PAK,14,1,0,0,0,0.0,0.0,-2.35,29,14,29,-5.1462696259714305,2026-02-26T02:11:44.224Z
2025-12-01,USA,COD,14,1,0,0,0,0.0,0.0,5.671428571428572,29,14,29,-3.5359953131365853,2026-02-26T02:11:44.224Z
2025-12-01,BRA,BRA,7,0,0,0,0,0.0,0.0,1.9428571428571428,51,8,51,-4.085316572637391,2026-02-26T02:11:44.224Z
2025-12-01,IRN,DEU,3,0,0,0,0,0.0,0.0,-2.0,5,3,5,-2.34260614934114,2026-02-26T02:11:44.224Z
2025-12-01,RUS,CHN,50,4,4,0,0,0.08,0.32,1.8299999999999994,192,64,192,0.35670856386546457,2026-02-26T02:11:44.224Z
2025-12-01,DEU,TWN,5,3,0,0,0,0.0,0.0,-5.52,17,5,17,-2.6378896882494,2026-02-26T02:11:44.224Z
2025-12-01,ARG,CHN,1,0,0,0,0,0.0,0.0,6.4,8,1,8,-1.18243243243243,2026-02-26T02:11:44.224Z
2025-12-01,SYR,ISR,8,0,0,0,0,0.0,0.0,-2.9,31,8,31,-4.814055340912335,2026-02-26T02:11:44.224Z
2025-12-01,IND,GBR,2,0,0,0,0,0.0,0.0,-2.4,3,2,3,-4.324622745675375,2026-02-26T02:11:44.224Z
2025-12-01,COD,RWA,62,0,0,0,0,0.0,0.0,6.774193548387097,259,78,259,-5.355124976092285,2026-02-26T02:11:44.224Z
2025-12-01,TUR,IRN,6,0,0,0,0,0.0,0.0,3.3000000000000003,10,6,10,1.2180198819195631,2026-02-26T02:11:44.224Z
2025-12-01,RWA,COD,32,3,0,0,0,0.0,0.0,6.425,159,42,159,-4.468693568778177,2026-02-26T02:11:44.224Z
2025-12-01,FRA,ISR,20,5,0,0,0,0.0,0.0,-0.3350000000000001,53,21,53,-2.0411109264953535,2026-02-26T02:11:44.224Z
2025-12-01,IND,RUS,9,3,0,0,0,0.0,0.0,0.4666666666666664,15,9,15,-0.01841682764836679,2026-02-26T02:11:44.224Z
2025-12-01,RUS,GBR,33,13,0,0,0,0.0,0.0,-2.0393939393939395,118,33,118,-2.2978370462099753,2026-02-26T02:11:44.224Z
2025-12-01,CHN,VEN,21,0,0,0,0,0.0,0.0,-0.6190476190476192,61,21,61,-5.28767953334075,2026-02-26T02:11:44.224Z
2025-12-01,ETH,ETH,4,0,0,0,0,0.0,0.0,1.275,12,4,12,3.1704953873163646,2026-02-26T02:11:44.224Z
2025-12-01,PSE,VEN,3,0,0,0,0,0.0,0.0,-5.0,5,3,5,-3.1645569620253204,2026-02-26T02:11:44.224Z
2025-12-01,GBR,IND,1,0,0,0,0,0.0,0.0,-10.0,1,1,1,-6.37651821862348,2026-02-26T02:11:44.224Z
2025-12-01,RUS,RUS,262,11,34,1,2,0.14122137404580154,1.553435114503817,-1.569847328244275,891,291,891,-3.523936596460354,2026-02-26T02:11:44.224Z
2025-12-01,UKR,USA,246,4,4,0,2,0.024390243902439025,0.0975609756097561,2.418699186991869,833,297,829,-1.9998668957030803,2026-02-26T02:11:44.224Z
2025-12-01,IND,USA,35,0,0,0,4,0.11428571428571428,0.0,-0.14857142857142855,138,35,138,-1.850395595754166,2026-02-26T02:11:44.224Z
2025-12-01,USA,BRA,13,0,0,0,0,0.0,0.0,0.40769230769230763,23,13,23,-3.1104701842868505,2026-02-26T02:11:44.224Z
2025-12-01,CHN,GBR,31,1,4,0,0,0.12903225806451613,0.12903225806451613,0.8870967741935484,95,31,95,-2.3912188774513137,2026-02-26T02:11:44.224Z
2025-12-01,FRA,USA,65,3,0,0,0,0.0,0.0,1.244615384615384,191,65,191,-0.3849984482855838,2026-02-26T02:11:44.224Z
2025-12-01,PSE,UKR,3,0,0,0,0,0.0,0.0,-5.0,8,3,8,-7.324116884966686,2026-02-26T02:11:44.224Z
2025-12-01,VEN,BRA,5,0,0,0,0,0.0,0.0,1.72,13,7,13,-1.5757575757575761,2026-02-26T02:11:44.224Z
2025-12-01,DEU,GBR,82,0,0,0,0,0.0,0.0,4.6121951219512205,281,90,265,-1.2272197398794586,2026-02-26T02:11:44.224Z
2025-12-01,USA,IND,31,0,0,3,0,0.0967741935483871,0.0,1.7354838709677416,143,32,143,-1.0012121340142144,2026-02-26T02:11:44.224Z
2025-12-01,ISR,RUS,23,0,1,0,0,0.043478260869565216,0.0,0.643478260869565,62,25,62,-2.771515382314609,2026-02-26T02:11:44.224Z
2025-12-01,RUS,USA,194,7,11,0,1,0.061855670103092786,0.4329896907216495,1.1613402061855675,542,199,542,-2.497262775510441,2026-02-26T02:11:44.224Z
2025-12-01,ISR,DEU,5,0,0,0,0,0.0,0.0,5.2,13,5,13,-1.0255681346763499,2026-02-26T02:11:44.224Z
2025-12-01,ETH,RWA,2,0,0,0,0,0.0,0.0,6.5,8,2,8,-5.5640243902439,2026-02-26T02:11:44.224Z
2025-12-01,TUR,PSE,4,0,0,0,0,0.0,0.0,5.9,15,4,15,-3.898415008383685,2026-02-26T02:11:44.224Z
2025-12-01,VEN,USA,115,3,1,0,0,0.008695652173913044,0.026086956521739132,0.3973913043478259,326,116,320,-4.502298925011074,2026-02-26T02:11:44.224Z
2025-12-01,FRA,FRA,79,18,1,0,0,0.012658227848101266,0.22784810126582278,-1.6037974683544305,229,86,225,-1.4330684573816166,2026-02-26T02:11:44.224Z
2025-12-01,MEX,BRA,3,0,0,0,0,0.0,0.0,6.400000000000001,10,3,10,-0.60606060606061,2026-02-26T02:11:44.224Z
2025-12-01,TUR,PAK,16,2,0,0,0,0.0,0.0,3.1062499999999997,61,16,61,-3.427139511395633,2026-02-26T02:11:44.224Z
2025-12-01,FRA,GBR,91,0,0,0,0,0.0,0.0,4.56043956043956,288,99,272,-2.4907588140465,2026-02-26T02:11:44.224Z
2025-12-01,ARG,TWN,1,0,0,0,0,0.0,0.0,1.9,5,1,5,2.4390243902439,2026-02-26T02:11:44.224Z
2025-12-01,PSE,CHN,1,0,0,0,0,0.0,0.0,3.4,4,1,4,6.29921259842515,2026-02-26T02:11:44.224Z
2025-12-01,PSE,PSE,71,2,2,0,0,0.028169014084507043,0.056338028169014086,-0.7901408450704227,204,71,200,-4.218227400642519,2026-02-26T02:11:44.224Z
2025-12-01,IRN,UKR,2,0,0,0,0,0.0,0.0,-2.0,2,2,2,2.30769230769231,2026-02-26T02:11:44.224Z
2025-12-01,ISR,EGY,22,0,0,0,0,0.0,0.0,2.3681818181818186,90,22,90,-2.488589548183025,2026-02-26T02:11:44.224Z
2025-12-01,PSE,GBR,2,2,0,0,0,0.0,0.0,-6.5,4,2,4,-0.0195541650371505,2026-02-26T02:11:44.224Z
2025-12-01,PAK,IND,9,0,2,0,0,0.2222222222222222,0.0,0.6111111111111112,16,9,16,-4.542974627803182,2026-02-26T02:11:44.224Z
2025-12-01,RUS,UKR,560,38,3,0,3,0.010714285714285714,0.40714285714285714,-1.461607142857144,1869,605,1856,-3.6263166198585908,2026-02-26T02:11:44.224Z
2025-12-01,PAK,PSE,7,0,0,0,0,0.0,0.0,4.828571428571428,21,7,21,-3.101892931085474,2026-02-26T02:11:44.224Z
2025-12-01,PRK,RUS,13,0,0,0,0,0.0,0.0,0.8846153846153846,39,13,39,1.8105537117520294,2026-02-26T02:11:44.224Z
2025-12-01,SYR,UKR,3,0,0,0,0,0.0,0.0,-10.0,10,3,10,-8.68935553946416,2026-02-26T02:11:44.224Z
2025-12-01,USA,RWA,16,0,0,0,0,0.0,0.0,5.5375,43,18,43,-3.637686218320052,2026-02-26T02:11:44.224Z
2025-12-01,RUS,PAK,6,0,0,0,0,0.0,0.0,3.6,23,6,23,2.1907158315750768,2026-02-26T02:11:44.224Z
2025-12-01,IND,UKR,3,0,0,0,0,0.0,0.0,2.7999999999999994,6,3,6,-8.71985157699442,2026-02-26T02:11:44.224Z
2025-12-01,RUS,IRN,28,0,0,0,0,0.0,0.0,3.642857142857143,73,28,73,-2.6272167688075987,2026-02-26T02:11:44.224Z
2025-12-01,USA,CHN,159,4,0,2,0,0.012578616352201259,0.050314465408805034,1.3735849056603786,658,166,657,-1.202412458553238,2026-02-26T02:11:44.224Z
2025-12-01,BRA,USA,16,0,0,0,0,0.0,0.0,1.775,30,16,30,-0.898697260334798,2026-02-26T02:11:44.224Z
2025-12-01,DEU,ISR,4,0,0,0,0,0.0,0.0,7.5,6,4,6,-3.15297433201363,2026-02-26T02:11:44.224Z
2025-12-01,GBR,KOR,4,0,0,0,0,0.0,0.0,5.2,16,4,16,0.718685209209835,2026-02-26T02:11:44.224Z
2025-12-01,CHN,IND,4,0,0,0,0,0.0,0.0,0.75,12,4,12,-6.706961530256731,2026-02-26T02:11:44.224Z
2025-12-01,UKR,FRA,22,3,0,0,0,0.0,0.0,0.36363636363636365,51,22,51,-3.09627323490291,2026-02-26T02:11:44.224Z
2025-12-01,IND,ISR,3,0,0,0,0,0.0,0.0,4.233333333333333,16,3,16,-2.1957381516117533,2026-02-26T02:11:44.224Z
2025-12-01,IRN,SYR,2,0,0,0,0,0.0,0.0,3.0,10,2,10,3.22966507177034,2026-02-26T02:11:44.224Z
2025-12-01,IRN,FRA,2,0,0,0,0,0.0,0.0,-2.0,5,2,5,-2.34260614934114,2026-02-26T02:11:44.224Z
2025-12-01,UKR,IRN,5,2,0,0,0,0.0,0.0,-2.16,10,5,10,-4.382299519202234,2026-02-26T02:11:44.224Z
2025-12-01,CHN,DEU,10,1,0,0,0,0.0,0.0,2.17,40,10,40,-1.430464029013674,2026-02-26T02:11:44.224Z
2025-12-01,USA,GBR,153,0,0,0,0,0.0,0.0,2.725490196078432,491,161,491,-0.791784608401236,2026-02-26T02:11:44.224Z
2025-12-01,USA,SYR,49,0,1,0,0,0.02040816326530612,0.0,-5.073469387755101,230,49,230,-4.607294107640432,2026-02-26T02:11:44.224Z
2025-12-01,GBR,EGY,14,0,0,0,0,0.0,0.0,-2.507142857142857,45,14,45,-3.832253676925943,2026-02-26T02:11:44.224Z
2025-12-01,TWN,GBR,2,0,0,0,0,0.0,0.0,1.5,20,2,20,-4.29184549356223,2026-02-26T02:11:44.224Z
2025-12-01,IRN,VEN,34,0,0,0,0,0.0,0.0,-0.7588235294117648,157,34,157,-4.96733485445098,2026-02-26T02:11:44.224Z
2025-12-01,EGY,PSE,1,0,0,0,0,0.0,0.0,9.0,2,1,2,-1.29629629629629,2026-02-26T02:11:44.224Z
2025-12-01,KOR,USA,17,0,1,0,1,0.11764705882352941,0.0,3.5,74,17,74,0.014286703459875483,2026-02-26T02:11:44.224Z
2025-12-01,SYR,GBR,12,0,0,0,0,0.0,0.0,-0.43333333333333357,37,12,35,-3.567461336970418,2026-02-26T02:11:44.224Z
2025-12-01,DEU,UKR,52,0,0,0,0,0.0,0.0,2.7884615384615383,137,56,137,-2.3950077267087986,2026-02-26T02:11:44.224Z
2025-12-01,USA,TWN,43,3,0,4,0,0.09302325581395349,0.27906976744186046,1.7604651162790699,181,44,181,-1.8379980160923504,2026-02-26T02:11:44.224Z
2025-12-01,EGY,USA,28,1,0,0,1,0.03571428571428571,0.03571428571428571,-1.1464285714285716,59,28,59,-4.060042016779555,2026-02-26T02:11:44.224Z
2025-12-01,TWN,CHN,134,9,0,0,4,0.029850746268656716,0.26865671641791045,-0.8283582089552238,604,142,604,-2.605132395302842,2026-02-26T02:11:44.224Z
2025-12-01,TUR,ISR,35,4,0,0,0,0.0,0.0,-1.5028571428571431,94,36,94,-4.435030759195328,2026-02-26T02:11:44.224Z
2025-12-01,IND,FRA,4,0,0,0,0,0.0,0.0,3.95,10,4,10,-2.028073531166955,2026-02-26T02:11:44.224Z
2025-12-01,CHN,RUS,61,0,10,0,0,0.16393442622950818,0.0,2.419672131147542,347,81,347,2.7908662166194853,2026-02-26T02:11:44.224Z
2025-12-01,PSE,PAK,2,0,0,0,0,0.0,0.0,-4.0,4,2,4,7.0118662351672,2026-02-26T02:11:44.224Z
2025-12-01,TUR,CHN,6,0,0,0,1,0.16666666666666666,0.0,3.5,28,8,28,3.457572127602545,2026-02-26T02:11:44.224Z
2025-12-01,MEX,DEU,2,0,0,0,0,0.0,0.0,-5.0,4,2,4,-6.72797676669894,2026-02-26T02:11:44.224Z
2025-12-01,USA,DEU,66,0,3,0,0,0.045454545454545456,0.0,-0.5136363636363638,192,68,192,-2.244368178158355,2026-02-26T02:11:44.224Z
2025-12-01,PAK,USA,25,0,2,1,0,0.12,0.0,1.416,69,25,69,-2.4959678167155257,2026-02-26T02:11:44.224Z
2025-12-01,USA,KOR,28,2,1,0,1,0.07142857142857142,0.14285714285714285,2.014285714285714,126,28,124,-1.476558421345246,2026-02-26T02:11:44.224Z
2025-12-01,TUR,SYR,19,0,0,0,0,0.0,0.0,1.1947368421052629,71,19,71,-0.4887240668278146,2026-02-26T02:11:44.224Z
2025-12-01,KOR,PRK,15,3,0,0,0,0.0,0.0,2.2999999999999994,54,15,54,-1.942092180266772,2026-02-26T02:11:44.224Z
2025-12-01,PAK,ISR,18,0,0,0,0,0.0,0.0,0.6555555555555556,44,18,44,-4.207962544013333,2026-02-26T02:11:44.224Z
2025-12-01,TWN,DEU,4,0,0,0,0,0.0,0.0,1.5,20,4,20,-4.29184549356223,2026-02-26T02:11:44.224Z
2025-12-01,USA,PAK,49,0,1,0,1,0.04081632653061224,0.0,0.9265306122448977,150,49,150,-3.768360458483524,2026-02-26T02:11:44.224Z
2025-12-01,GBR,MEX,1,0,0,0,0,0.0,0.0,1.9,2,1,2,3.65079365079365,2026-02-26T02:11:44.224Z
2025-12-01,FRA,RUS,22,0,3,0,0,0.13636363636363635,0.0,0.25454545454545463,62,24,62,-3.7474106046491666,2026-02-26T02:11:44.224Z
2025-12-01,FRA,UKR,9,0,0,0,0,0.0,0.0,5.333333333333333,21,9,21,-1.6429327699369445,2026-02-26T02:11:44.224Z
2025-12-01,KOR,GBR,4,0,0,0,0,0.0,0.0,7.0,8,4,8,6.6612510154346,2026-02-26T02:11:44.224Z
2025-12-01,KOR,CHN,40,0,3,0,0,0.075,0.0,2.61,127,40,125,-0.30822666775961094,2026-02-26T02:11:44.224Z
2025-12-01,DEU,RUS,27,0,0,0,1,0.037037037037037035,0.0,-0.7111111111111109,87,27,87,-2.947505634661129,2026-02-26T02:11:44.224Z
2025-12-01,RWA,CHN,1,0,0,0,0,0.0,0.0,5.2,5,1,5,0.579710144927534,2026-02-26T02:11:44.224Z
2025-12-01,RUS,TWN,7,0,0,0,0,0.0,0.0,2.5714285714285716,66,7,56,1.2512956295754314,2026-02-26T02:11:44.224Z
2025-12-01,CHN,TUR,5,0,0,0,0,0.0,0.0,0.4,16,5,16,2.3677818440910663,2026-02-26T02:11:44.224Z
2025-12-01,RUS,ISR,23,0,1,0,0,0.043478260869565216,0.0,1.1217391304347826,67,25,67,-3.5899327777288987,2026-02-26T02:11:44.224Z
2025-12-01,ISR,IND,3,0,0,0,0,0.0,0.0,4.233333333333333,16,3,16,-2.1957381516117533,2026-02-26T02:11:44.224Z
2025-12-01,BRA,ARG,3,0,0,0,0,0.0,0.0,1.6000000000000003,20,3,20,1.27644971206643,2026-02-26T02:11:44.224Z
2025-12-01,FRA,IRN,2,0,0,0,0,0.0,0.0,0.0,4,2,4,-1.17096018735363,2026-02-26T02:11:44.224Z
2025-12-01,UKR,VEN,12,0,0,0,0,0.0,0.0,-3.466666666666667,26,12,25,-3.9270019991015057,2026-02-26T02:11:44.224Z
2025-12-01,GBR,TWN,5,0,0,0,0,0.0,0.0,-7.2,23,5,23,-7.907017950295929,2026-02-26T02:11:44.224Z
2025-12-01,MEX,PAK,2,0,0,0,0,0.0,0.0,7.0,10,2,10,4.96688741721854,2026-02-26T02:11:44.224Z
2025-12-01,RWA,RWA,10,0,0,0,0,0.0,0.0,4.4,20,10,20,1.2271782269382783,2026-02-26T02:11:44.224Z
2025-12-01,SYR,DEU,4,0,0,0,0,0.0,0.0,-3.1,15,4,15,-4.17184039734252,2026-02-26T02:11:44.224Z
2025-12-01,ISR,ISR,207,12,8,1,2,0.05314009661835749,0.6376811594202898,-0.4227053140096618,637,210,620,-3.776978361587732,2026-02-26T02:11:44.224Z
2025-12-01,USA,ETH,2,0,0,0,0,0.0,0.0,7.7,15,2,15,3.79310344827586,2026-02-26T02:11:44.224Z
2025-12-01,PRK,KOR,10,0,0,0,0,0.0,0.0,2.09,29,10,29,-1.2412832018964362,2026-02-26T02:11:44.224Z
2025-12-01,TWN,TWN,51,2,0,0,0,0.0,0.0,1.4333333333333336,221,52,221,-2.1390345877509227,2026-02-26T02:11:44.224Z
2025-12-01,ISR,PAK,4,0,0,0,0,0.0,0.0,1.0,8,4,8,-3.50467289719626,2026-02-26T02:11:44.224Z
2025-12-01,CHN,BRA,13,0,0,0,0,0.0,0.0,4.623076923076922,70,16,70,-0.48351807565769,2026-02-26T02:11:44.224Z
2025-12-01,MEX,MEX,16,0,0,0,0,0.0,0.0,-0.2874999999999999,33,16,33,-2.8805288772973725,2026-02-26T02:11:44.224Z
2025-12-01,ARG,BRA,4,0,0,0,0,0.0,0.0,5.2,20,4,20,1.8109463963338448,2026-02-26T02:11:44.224Z
2025-12-01,RUS,DEU,18,1,0,0,0,0.0,0.0,-1.7333333333333334,55,18,55,-2.9264223214135843,2026-02-26T02:11:44.224Z
2025-12-01,ARG,MEX,1,0,0,0,0,0.0,0.0,-5.0,10,1,10,-20.2127659574468,2026-02-26T02:11:44.224Z
2025-12-01,RWA,USA,23,0,0,0,0,0.0,0.0,4.986956521739131,75,25,75,-3.959705781295349,2026-02-26T02:11:44.224Z
2025-12-01,MEX,USA,68,2,0,0,0,0.0,0.0,-0.6029411764705883,236,74,225,-0.8615247552010347,2026-02-26T02:11:44.224Z
2025-12-01,USA,ARG,10,0,0,0,0,0.0,0.0,0.66,23,10,23,-3.3718122316960297,2026-02-26T02:11:44.224Z
2025-12-01,VEN,CHN,3,0,0,0,0,0.0,0.0,2.6333333333333333,9,3,9,-3.505272257043963,2026-02-26T02:11:44.224Z
2025-12-01,VEN,UKR,1,0,0,0,0,0.0,0.0,-2.0,10,1,10,-8.9605734767025,2026-02-26T02:11:44.224Z
2025-12-01,PSE,ISR,235,26,0,1,0,0.00425531914893617,0.11063829787234043,-2.8757446808510645,718,237,697,-4.942089455263147,2026-02-26T02:11:44.224Z
2025-12-01,TWN,USA,45,0,0,0,4,0.08888888888888889,0.0,1.151111111111111,237,49,237,-1.9972763299049139,2026-02-26T02:11:44.224Z
2025-12-01,GBR,TUR,7,0,0,0,0,0.0,0.0,-5.1000000000000005,10,7,10,-8.035458681106833,2026-02-26T02:11:44.224Z
2025-12-01,CHN,IRN,18,0,0,0,0,0.0,0.0,3.1999999999999997,47,18,47,-0.5325812231910093,2026-02-26T02:11:44.224Z
2025-12-01,SYR,PSE,2,0,0,0,0,0.0,0.0,-10.0,6,2,6,-8.68935553946416,2026-02-26T02:11:44.224Z
2025-12-01,GBR,SYR,29,2,0,0,0,0.0,0.0,0.8172413793103449,100,57,100,-3.863861837529164,2026-02-26T02:11:44.224Z
2025-12-01,KOR,TWN,4,0,0,0,0,0.0,0.0,1.5499999999999998,15,4,15,-1.8897797466774775,2026-02-26T02:11:44.224Z
2025-12-01,GBR,BRA,1,0,0,0,0,0.0,0.0,2.8,1,1,1,3.55677154582763,2026-02-26T02:11:44.224Z
2025-12-01,USA,EGY,49,0,0,0,0,0.0,0.0,1.6755102040816325,195,102,195,-5.09523697204249,2026-02-26T02:11:44.224Z
2025-12-01,PRK,CHN,2,0,0,0,0,0.0,0.0,2.8,2,2,2,1.8083590381874899,2026-02-26T02:11:44.224Z
2025-12-01,UKR,GBR,15,0,0,0,0,0.0,0.0,4.279999999999999,37,15,37,-1.4522412258339854,2026-02-26T02:11:44.224Z
2025-12-01,RUS,VEN,32,2,0,0,0,0.0,0.0,0.4812500000000002,77,32,77,-5.079986755873467,2026-02-26T02:11:44.224Z
2025-12-01,PSE,TUR,2,0,0,0,0,0.0,0.0,1.9,9,2,9,-3.00230946882217,2026-02-26T02:11:44.224Z
2025-12-01,UKR,UKR,144,1,2,1,2,0.034722222222222224,0.034722222222222224,1.5354166666666664,378,194,371,-2.7842351881896317,2026-02-26T02:11:44.224Z
2025-12-01,UKR,CHN,6,0,0,0,0,0.0,0.0,-0.3666666666666667,18,6,18,-1.9237752080889334,2026-02-26T02:11:44.224Z
2025-12-01,UKR,SYR,3,0,0,0,0,0.0,0.0,-10.0,10,3,10,-8.68935553946416,2026-02-26T02:11:44.224Z
2025-12-01,IRN,ISR,158,19,0,0,0,0.0,0.0,-1.8955696202531647,384,159,377,-4.368015267327622,2026-02-26T02:11:44.224Z
2025-12-01,GBR,ISR,30,5,0,0,0,0.0,0.0,0.6333333333333333,85,30,85,-1.5895915588480642,2026-02-26T02:11:44.224Z
2025-12-01,SYR,USA,46,2,1,0,2,0.06521739130434782,0.13043478260869565,-6.2956521739130435,142,46,142,-4.507488623813061,2026-02-26T02:11:44.224Z
2025-12-01,PAK,CHN,58,2,0,0,0,0.0,0.0,2.6,197,58,197,0.7311489527574647,2026-02-26T02:11:44.224Z
2025-12-01,KOR,DEU,2,0,0,0,0,0.0,0.0,6.4,10,2,10,0.93603744149766,2026-02-26T02:11:44.224Z
2025-12-01,PAK,MEX,1,0,0,0,0,0.0,0.0,7.0,10,1,10,4.96688741721854,2026-02-26T02:11:44.224Z
2025-12-01,MEX,CHN,8,0,0,0,0,0.0,0.0,7.3999999999999995,17,9,17,-1.60562680177028,2026-02-26T02:11:44.224Z
2025-12-01,TUR,TWN,2,0,0,0,0,0.0,0.0,7.4,10,2,10,5.43130990415335,2026-02-26T02:11:44.224Z
2025-12-01,GBR,PSE,15,2,0,0,0,0.0,0.0,-0.6666666666666666,50,15,50,-3.826618716997418,2026-02-26T02:11:44.224Z
2025-12-01,SYR,RUS,7,0,0,0,0,0.0,0.0,5.0,24,7,24,-4.302777234111308,2026-02-26T02:11:44.224Z
2025-12-01,ISR,FRA,8,0,0,0,0,0.0,0.0,0.5124999999999998,24,9,24,-1.3097337941435512,2026-02-26T02:11:44.224Z
2025-12-01,IRN,PAK,14,0,0,0,1,0.07142857142857142,0.0,1.8142857142857143,47,16,47,-1.23417874911811,2026-02-26T02:11:44.224Z
2025-12-01,VEN,VEN,55,11,0,0,1,0.01818181818181818,0.19999999999999998,-1.9436363636363634,301,71,301,-5.292640024858633,2026-02-26T02:11:44.224Z
2025-12-01,FRA,TWN,3,2,0,0,0,0.0,0.0,-5.333333333333333,17,3,17,-2.6378896882494,2026-02-26T02:11:44.224Z
2025-12-01,CHN,UKR,7,0,0,0,0,0.0,0.0,-0.17142857142857146,18,7,18,-1.5404210736691542,2026-02-26T02:11:44.224Z
2025-12-01,BRA,VEN,9,1,0,0,0,0.0,0.0,-0.911111111111111,22,11,22,-3.399055057280327,2026-02-26T02:11:44.224Z
2025-12-01,PAK,RUS,8,0,0,0,0,0.0,0.0,1.975,33,8,33,-0.6296903990459692,2026-02-26T02:11:44.224Z
2025-12-01,PSE,EGY,1,0,0,0,0,0.0,0.0,7.0,2,1,2,-1.29629629629629,2026-02-26T02:11:44.224Z
2025-12-01,GBR,RUS,35,0,0,0,2,0.05714285714285714,0.0,-2.968571428571429,94,35,94,-2.485776561592969,2026-02-26T02:11:44.224Z
2025-12-01,UKR,DEU,17,0,0,0,0,0.0,0.0,2.7411764705882353,33,17,33,-2.464223428670842,2026-02-26T02:11:44.224Z
2025-12-01,UKR,RUS,497,26,5,2,0,0.014084507042253521,0.36619718309859156,-2.225352112676057,1563,539,1561,-3.8567551430769216,2026-02-26T02:11:44.224Z
2025-12-01,SYR,SYR,55,8,2,1,0,0.05454545454545454,0.43636363636363634,-1.952727272727273,204,55,204,-4.972016353161601,2026-02-26T02:11:44.224Z
2025-12-01,IRN,RUS,26,0,0,0,0,0.0,0.0,3.126923076923077,60,26,60,-0.21847149485535697,2026-02-26T02:11:44.224Z
2025-12-01,ISR,IRN,174,19,0,0,0,0.0,0.0,-1.0724137931034483,448,182,447,-4.093750990770137,2026-02-26T02:11:44.224Z
2025-12-01,FRA,DEU,34,0,0,0,0,0.0,0.0,3.5,124,36,108,-2.6568880524738807,2026-02-26T02:11:44.224Z
2025-12-01,VEN,RUS,10,0,1,0,0,0.1,0.0,1.48,33,10,33,-7.518314373752,2026-02-26T02:11:44.224Z
2025-12-01,USA,TUR,11,1,0,0,0,0.0,0.0,4.872727272727273,23,11,23,0.7719842240859939,2026-02-26T02:11:44.224Z
2025-12-01,RUS,TUR,19,0,6,0,0,0.3157894736842105,0.0,0.11578947368421058,57,19,57,-2.8196291421716593,2026-02-26T02:11:44.224Z
2025-12-01,EGY,VEN,4,0,0,0,0,0.0,0.0,0.0,20,4,20,-5.90957930407472,2026-02-26T02:11:44.224Z
2025-12-01,BRA,FRA,2,0,0,0,0,0.0,0.0,3.4,8,2,8,4.49172576832152,2026-02-26T02:11:44.224Z
2025-12-01,PAK,TUR,13,0,0,0,0,0.0,0.0,4.6,54,13,54,-0.833571735993398,2026-02-26T02:11:44.224Z
2025-12-01,TUR,TUR,40,5,2,0,0,0.05,0.25,-0.06250000000000018,165,40,165,-1.5488130954340442,2026-02-26T02:11:44.224Z
2025-12-01,ISR,UKR,18,1,5,0,0,0.2777777777777778,0.2777777777777778,0.42777777777777776,59,20,59,-2.8535272472279534,2026-02-26T02:11:44.224Z
2025-12-01,GBR,FRA,95,1,0,0,0,0.0,0.0,4.306315789473683,307,103,291,-2.3041267918075814,2026-02-26T02:11:44.224Z
2025-12-01,GBR,ARG,6,0,0,0,0,0.0,0.0,1.8999999999999997,18,6,18,0.53380782918149,2026-02-26T02:11:44.224Z
2025-12-01,BRA,GBR,2,0,0,0,0,0.0,0.0,0.7999999999999999,4,2,4,-0.6758571555387649,2026-02-26T02:11:44.224Z
2025-12-01,FRA,CHN,10,0,0,0,0,0.0,0.0,1.89,27,10,27,-2.188207704805572,2026-02-26T02:11:44.224Z
2025-12-01,IRN,USA,46,7,1,0,3,0.08695652173913043,0.6086956521739131,0.3695652173913043,143,46,141,-3.2607956358657066,2026-02-26T02:11:44.224Z
2025-12-01,CHN,RWA,1,0,0,0,0,0.0,0.0,6.4,10,1,10,0.579710144927534,2026-02-26T02:11:44.224Z
2025-12-01,DEU,DEU,56,3,3,0,1,0.07142857142857142,0.21428571428571427,0.8589285714285712,179,56,179,-1.6330793839038762,2026-02-26T02:11:44.224Z
2025-12-01,IRN,CHN,19,0,0,0,0,0.0,0.0,2.7684210526315787,45,19,45,-1.2391840670714722,2026-02-26T02:11:44.224Z
2025-12-01,ARG,ISR,4,0,0,0,0,0.0,0.0,0.5,20,4,20,-3.73001776198934,2026-02-26T02:11:44.224Z
2025-12-01,EGY,RUS,1,0,0,0,0,0.0,0.0,2.8,8,1,8,-1.73661360347322,2026-02-26T02:11:44.224Z
2025-12-01,BRA,MEX,3,0,2,0,0,0.6666666666666666,0.0,-0.3,6,3,6,-4.90848585690516,2026-02-26T02:11:44.224Z
2025-12-01,DEU,SYR,4,2,0,0,0,0.0,0.0,-2.55,12,4,12,-6.681106124823406,2026-02-26T02:11:44.224Z
2025-12-01,DEU,EGY,2,2,0,0,0,0.0,0.0,-7.0,7,2,7,-7.34126984126984,2026-02-26T02:11:44.224Z
2026-01-01,USA,BRA,15,0,0,0,0,0.0,0.0,2.6999999999999997,84,35,84,-0.971884203266912,2026-02-24T16:01:06.280Z
2026-01-01,EGY,EGY,2,0,0,0,0,0.0,0.0,1.5,6,2,6,-1.767676767676765,2026-02-24T16:01:06.280Z
2026-01-01,TUR,TUR,14,0,0,0,0,0.0,0.0,5.392857142857144,44,14,44,-2.220726093644165,2026-02-24T16:01:06.280Z
2026-01-01,KOR,UKR,1,0,0,0,0,0.0,0.0,0.0,5,1,5,-3.24324324324324,2026-02-24T16:01:06.280Z
2026-01-01,RUS,CHN,9,2,0,0,0,0.0,0.0,0.8333333333333333,19,9,19,0.14604269794223995,2026-02-24T16:01:06.280Z
2026-01-01,CHN,RUS,6,0,0,0,0,0.0,0.0,1.9833333333333334,11,6,11,0.20982403767335156,2026-02-24T16:01:06.280Z
2026-01-01,USA,ISR,49,0,0,0,0,0.0,0.0,2.010204081632653,121,49,121,-1.779200656084036,2026-02-24T16:01:06.280Z
2026-01-01,IRN,RUS,8,0,0,0,0,0.0,0.0,3.875,43,11,43,-0.14357792832045513,2026-02-24T16:01:06.280Z
2026-01-01,FRA,USA,21,3,0,0,0,0.0,0.0,-2.238095238095238,86,21,86,-1.5405527955619647,2026-02-24T16:01:06.280Z
2026-01-01,SYR,ISR,1,0,0,0,0,0.0,0.0,-9.5,5,1,5,1.98675496688742,2026-02-24T16:01:06.280Z
2026-01-01,VEN,USA,45,0,0,0,0,0.0,0.0,0.32222222222222213,140,45,140,-2.971807992059988,2026-02-24T16:01:06.280Z
2026-01-01,EGY,USA,4,0,0,0,0,0.0,0.0,-5.0,12,4,12,-0.3866100895803899,2026-02-24T16:01:06.280Z
2026-01-01,PAK,USA,6,0,0,0,0,0.0,0.0,4.666666666666667,25,6,25,2.49490738257415,2026-02-24T16:01:06.280Z
2026-01-01,ISR,USA,51,0,0,0,0,0.0,0.0,2.3117647058823527,141,52,141,-0.9424931176664466,2026-02-24T16:01:06.280Z
2026-01-01,ISR,IRN,48,9,0,0,0,0.0,0.0,1.1145833333333333,134,48,134,-4.195522966558838,2026-02-24T16:01:06.280Z
2026-01-01,TWN,TWN,1,0,0,0,0,0.0,0.0,0.0,2,1,2,-4.23162583518931,2026-02-24T16:01:06.280Z
2026-01-01,USA,MEX,20,0,0,0,0,0.0,0.0,-1.1099999999999999,117,20,117,-4.144085916753881,2026-02-24T16:01:06.280Z
2026-01-01,CHN,GBR,77,0,6,0,1,0.09090909090909091,0.0,3.232467532467532,214,79,214,-3.5659458876955252,2026-02-24T16:01:06.280Z
2026-01-01,SYR,USA,4,0,0,0,0,0.0,0.0,0.20000000000000018,17,4,17,-3.5346807420515924,2026-02-24T16:01:06.280Z
2026-01-01,GBR,GBR,74,5,10,0,3,0.17567567567567569,0.8783783783783784,0.3256756756756757,258,74,258,-3.756812297591063,2026-02-24T16:01:06.280Z
2026-01-01,IRN,EGY,7,0,0,0,0,0.0,0.0,4.142857142857143,10,7,10,-3.249844499858501,2026-02-24T16:01:06.280Z
2026-01-01,GBR,USA,50,0,3,0,0,0.06,0.0,2.38,213,52,213,-1.4657796392791191,2026-02-24T16:01:06.280Z
2026-01-01,CHN,IRN,11,0,0,0,0,0.0,0.0,4.718181818181818,29,14,29,-3.2821932210352354,2026-02-24T16:01:06.280Z
2026-01-01,RUS,FRA,2,0,0,0,1,0.5,0.0,2.8,2,2,2,-5.72139303482587,2026-02-24T16:01:06.280Z
2026-01-01,USA,PSE,12,0,0,0,0,0.0,0.0,2.1333333333333333,53,12,53,-3.074328567370937,2026-02-24T16:01:06.280Z
2026-01-01,IRN,TUR,13,0,0,0,0,0.0,0.0,1.376923076923077,19,13,19,-3.198560663433221,2026-02-24T16:01:06.280Z
2026-01-01,PAK,PAK,21,0,0,0,0,0.0,0.0,-1.1238095238095236,57,21,57,-3.5859693445007372,2026-02-24T16:01:06.280Z
2026-01-01,UKR,DEU,8,0,0,0,0,0.0,0.0,7.15,13,8,13,-1.3982654881957317,2026-02-24T16:01:06.280Z
2026-01-01,USA,KOR,6,2,0,0,0,0.0,0.0,0.9499999999999998,14,6,14,-0.4983446438915,2026-02-24T16:01:06.280Z
2026-01-01,ISR,UKR,2,0,1,0,0,0.5,0.0,3.4,10,2,10,-3.34261838440111,2026-02-24T16:01:06.280Z
2026-01-01,FRA,FRA,23,0,0,0,0,0.0,0.0,2.760869565217391,76,23,76,-4.262024988238115,2026-02-24T16:01:06.280Z
2026-01-01,USA,DEU,18,0,0,0,0,0.0,0.0,2.411111111111111,30,18,30,-0.6257177498584825,2026-02-24T16:01:06.280Z
2026-01-01,MEX,USA,7,0,0,0,0,0.0,0.0,-2.0142857142857142,43,7,43,-3.1681342214788453,2026-02-24T16:01:06.280Z
2026-01-01,TUR,EGY,6,0,0,0,0,0.0,0.0,5.0,7,6,7,-4.63320463320463,2026-02-24T16:01:06.280Z
2026-01-01,RUS,DEU,4,0,0,0,0,0.0,0.0,-3.5,10,4,10,-6.404752051865664,2026-02-24T16:01:06.280Z
2026-01-01,IRN,USA,110,32,0,0,1,0.00909090909090909,0.2909090909090909,0.11181818181818173,354,113,354,-2.831773089313939,2026-02-24T16:01:06.280Z
2026-01-01,PAK,IND,7,0,0,0,0,0.0,0.0,-4.171428571428572,16,7,16,-1.2518054069883842,2026-02-24T16:01:06.280Z
2026-01-01,IRN,IRN,73,17,3,0,1,0.0547945205479452,0.9315068493150684,-0.7013698630136985,236,87,233,-4.30564642696692,2026-02-24T16:01:06.280Z
2026-01-01,KOR,PRK,20,3,0,0,0,0.0,0.0,-1.3800000000000001,89,20,89,-3.7752369070326623,2026-02-24T16:01:06.280Z
2026-01-01,EGY,IRN,2,0,0,0,0,0.0,0.0,7.0,3,2,3,-4.63320463320463,2026-02-24T16:01:06.280Z
2026-01-01,DEU,USA,16,0,0,0,0,0.0,0.0,2.64375,43,16,43,-0.4151054576957863,2026-02-24T16:01:06.280Z
2026-01-01,TUR,SYR,2,0,0,0,0,0.0,0.0,2.5,3,2,3,-2.445202184675765,2026-02-24T16:01:06.280Z
2026-01-01,GBR,CHN,115,0,9,2,0,0.09565217391304348,0.0,3.2608695652173925,315,119,315,-2.832603510252157,2026-02-24T16:01:06.280Z
2026-01-01,RUS,UKR,136,0,0,0,0,0.0,0.0,1.7176470588235295,450,148,450,-3.288171574636343,2026-02-24T16:01:06.280Z
2026-01-01,EGY,TUR,6,0,0,0,0,0.0,0.0,5.0,7,6,7,-4.63320463320463,2026-02-24T16:01:06.280Z
2026-01-01,USA,TWN,14,0,0,0,0,0.0,0.0,2.8000000000000003,75,16,75,0.32406482512812296,2026-02-24T16:01:06.280Z
2026-01-01,USA,UKR,20,0,0,0,0,0.0,0.0,5.9,139,38,139,-2.24528360377627,2026-02-24T16:01:06.280Z
2026-01-01,RUS,RUS,19,0,4,0,0,0.21052631578947367,0.0,0.5736842105263158,54,20,54,-4.3459944695331885,2026-02-24T16:01:06.280Z
2026-01-01,RUS,IRN,10,0,0,0,0,0.0,0.0,2.78,33,13,33,-1.212428423041162,2026-02-24T16:01:06.280Z
2026-01-01,USA,GBR,49,3,0,0,0,0.0,0.0,1.7102040816326527,230,58,226,-0.6614438398938195,2026-02-24T16:01:06.280Z
2026-01-01,BRA,BRA,9,1,0,0,0,0.0,0.0,4.844444444444445,50,10,50,1.2803807944893715,2026-02-24T16:01:06.280Z
2026-01-01,PSE,PSE,4,0,0,0,2,0.5,0.0,2.4,6,5,6,-4.015535586680835,2026-02-24T16:01:06.280Z
2026-01-01,UKR,RUS,120,0,0,0,0,0.0,0.0,2.6691666666666674,395,123,395,-3.4996442863630244,2026-02-24T16:01:06.280Z
2026-01-01,IRN,CHN,10,0,0,0,0,0.0,0.0,4.489999999999999,26,13,26,-2.7966194396904833,2026-02-24T16:01:06.280Z
2026-01-01,DEU,ISR,2,0,0,0,0,0.0,0.0,-4.0,8,2,8,-3.72596153846154,2026-02-24T16:01:06.280Z
2026-01-01,VEN,VEN,16,0,0,0,0,0.0,0.0,-3.95,53,16,53,-4.838838286169454,2026-02-24T16:01:06.280Z
2026-01-01,USA,USA,821,47,15,2,10,0.03288672350791717,1.5456760048721072,-0.8088915956151032,2602,878,2577,-3.307782372046695,2026-02-24T16:01:06.280Z
2026-01-01,USA,CHN,37,0,0,0,0,0.0,0.0,1.3108108108108105,114,37,114,-1.3030479115183746,2026-02-24T16:01:06.280Z
2026-01-01,USA,VEN,76,4,0,1,0,0.013157894736842105,0.05263157894736842,-3.7223684210526313,252,82,252,-3.995091109087311,2026-02-24T16:01:06.280Z
2026-01-01,GBR,RUS,14,0,2,0,0,0.14285714285714285,0.0,-0.19999999999999998,35,16,35,-3.8035538834802978,2026-02-24T16:01:06.280Z
2026-01-01,CHN,CHN,33,0,3,0,0,0.09090909090909091,0.0,-0.2848484848484848,97,34,89,-3.538187586797722,2026-02-24T16:01:06.280Z
2026-01-01,TWN,USA,27,2,0,0,0,0.0,0.0,3.7074074074074077,153,27,153,0.9575490990157616,2026-02-24T16:01:06.280Z
2026-01-01,CHN,VEN,3,0,0,0,0,0.0,0.0,2.9333333333333336,6,3,6,-2.0336557331334366,2026-02-24T16:01:06.280Z
2026-01-01,GBR,COD,2,0,0,0,0,0.0,0.0,4.0,5,2,5,-8.66290018832394,2026-02-24T16:01:06.280Z
2026-01-01,ISR,PSE,21,3,0,0,0,0.0,0.0,-1.2285714285714286,66,21,66,-4.30670955540037,2026-02-24T16:01:06.280Z
2026-01-01,FRA,RUS,2,0,0,1,0,0.5,0.0,1.9,2,2,2,-5.72139303482587,2026-02-24T16:01:06.280Z
2026-01-01,ETH,DEU,5,0,0,0,0,0.0,0.0,5.32,28,5,28,-3.086419753086412,2026-02-24T16:01:06.280Z
2026-01-01,PSE,ISR,23,0,0,0,0,0.0,0.0,-0.6608695652173913,49,24,49,-4.651406833787916,2026-02-24T16:01:06.280Z
2026-01-01,BRA,USA,17,0,0,0,0,0.0,0.0,3.1529411764705877,123,41,123,-1.0589767207310299,2026-02-24T16:01:06.280Z
2026-01-01,GBR,FRA,11,0,0,0,0,0.0,0.0,4.618181818181818,33,11,33,-1.269865049874548,2026-02-24T16:01:06.280Z
2026-01-01,RUS,USA,31,0,0,0,0,0.0,0.0,2.4645161290322584,101,31,99,-3.5971535170043087,2026-02-24T16:01:06.280Z
2026-01-01,FRA,GBR,5,0,0,0,0,0.0,0.0,4.5600000000000005,20,5,20,-0.97543347634195,2026-02-24T16:01:06.280Z
2026-01-01,USA,IND,9,0,0,0,0,0.0,0.0,3.1999999999999997,22,9,22,1.1576256978043733,2026-02-24T16:01:06.280Z
2026-01-01,DEU,ETH,8,0,0,0,0,0.0,0.0,4.4125,38,8,38,-3.0285493827160415,2026-02-24T16:01:06.280Z
2026-01-01,IRN,ISR,47,9,0,0,0,0.0,0.0,-1.795744680851064,100,47,95,-3.8780166746519376,2026-02-24T16:01:06.280Z
2026-01-01,IND,USA,5,0,0,0,0,0.0,0.0,0.45999999999999996,24,5,24,0.5219824438435,2026-02-24T16:01:06.280Z
2026-01-01,ISR,EGY,8,0,0,0,0,0.0,0.0,4.65,16,8,16,-2.06020987498487,2026-02-24T16:01:06.280Z
2026-01-01,USA,PAK,4,0,0,0,0,0.0,0.0,7.0,20,4,20,2.65540455212209,2026-02-24T16:01:06.280Z
2026-01-01,USA,EGY,3,0,0,0,0,0.0,0.0,-0.20000000000000004,11,3,11,-0.9834604150070199,2026-02-24T16:01:06.280Z
2026-01-01,KOR,KOR,15,0,0,0,0,0.0,0.0,1.1533333333333333,30,15,30,-3.4155887592724734,2026-02-24T16:01:06.280Z
2026-01-01,CHN,USA,30,1,0,0,0,0.0,0.0,0.40666666666666657,84,35,84,-1.8946878209939504,2026-02-24T16:01:06.280Z
2026-01-01,ETH,ETH,3,0,0,0,0,0.0,0.0,-1.0,8,3,8,-6.397704623606457,2026-02-24T16:01:06.280Z
2026-01-01,IND,IND,8,1,0,3,0,0.375,0.375,0.6125,35,8,35,-1.1191542098412313,2026-02-24T16:01:06.280Z
2026-01-01,UKR,USA,33,0,0,0,1,0.030303030303030304,0.0,3.309090909090909,159,51,159,-3.315740146928826,2026-02-24T16:01:06.280Z
2026-01-01,ISR,ISR,40,0,2,1,1,0.1,0.0,0.9075,101,41,101,-3.821491033505265,2026-02-24T16:01:06.280Z
2026-01-01,TUR,IRN,4,0,0,0,0,0.0,0.0,5.95,8,4,8,-4.7822298846231845,2026-02-24T16:01:06.280Z
2026-01-01,VEN,IRN,2,2,0,0,0,0.0,0.0,-4.4,10,2,10,-1.49892933618843,2026-02-24T16:01:06.280Z
2026-01-01,PRK,KOR,38,9,0,0,0,0.0,0.0,-3.973684210526316,186,48,186,-4.315224177734256,2026-02-24T16:01:06.280Z
2026-01-01,USA,IRN,91,17,1,1,0,0.02197802197802198,0.37362637362637363,-0.2065934065934066,337,95,337,-2.8426482321788176,2026-02-24T16:01:06.280Z
2026-01-01,DEU,DEU,16,0,0,0,0,0.0,0.0,4.9875,35,16,35,0.42986518410191443,2026-02-24T16:01:06.280Z
2026-01-01,UKR,KOR,1,0,0,0,0,0.0,0.0,0.0,2,1,2,-3.24324324324324,2026-02-24T16:01:06.280Z
2026-01-01,USA,FRA,14,0,0,0,0,0.0,0.0,2.5357142857142856,45,14,45,-1.730436579034441,2026-02-24T16:01:06.280Z
2026-01-01,UKR,UKR,12,0,0,0,0,0.0,0.0,-3.35,39,12,39,-3.743375025445294,2026-02-24T16:01:06.280Z
2026-01-01,USA,RUS,26,3,0,0,0,0.0,0.0,2.8307692307692305,122,27,122,-2.742463075634456,2026-02-24T16:01:06.280Z
2026-01-01,KOR,USA,4,0,0,0,0,0.0,0.0,-2.425,9,4,9,-2.814555887501895,2026-02-24T16:01:06.280Z
2026-01-01,UKR,PRK,1,0,0,0,0,0.0,0.0,-10.0,4,1,2,0.0,2026-02-24T16:01:06.280Z
2026-01-01,ISR,GBR,4,0,0,0,0,0.0,0.0,1.75,12,4,12,1.5530303030303076,2026-02-24T16:01:06.280Z
2026-01-01,GBR,UKR,8,0,0,0,0,0.0,0.0,4.0,14,8,14,1.1875115009507429,2026-02-24T16:01:06.280Z
2026-01-01,MEX,MEX,9,1,0,0,2,0.2222222222222222,0.2222222222222222,-6.088888888888889,24,9,24,-4.577042037671985,2026-02-24T16:01:06.280Z
2026-01-01,GBR,PSE,2,0,0,0,0,0.0,0.0,-9.0,4,2,4,0.0,2026-02-24T16:01:06.280Z
2026-01-01,FRA,ISR,5,0,0,0,0,0.0,0.0,1.56,5,5,5,-5.2510351681113,2026-02-24T16:01:06.280Z
2026-01-01,KOR,TWN,2,0,0,0,0,0.0,0.0,-5.0,13,2,12,-5.52486187845304,2026-02-24T16:01:06.280Z
2026-01-01,PAK,ISR,2,0,0,0,0,0.0,0.0,1.9,2,2,2,0.021623419827009993,2026-02-24T16:01:06.280Z
2026-01-01,GBR,PAK,3,0,0,0,0,0.0,0.0,0.0,7,3,7,-9.20138888888889,2026-02-24T16:01:06.280Z
2026-01-01,IND,VEN,2,0,0,0,0,0.0,0.0,-9.5,15,2,15,-1.619436147738035,2026-02-24T16:01:06.280Z
2026-01-01,SYR,CHN,1,0,0,0,0,0.0,0.0,1.9,4,2,4,-3.21523059837993,2026-02-24T16:01:06.280Z
2026-01-01,FRA,DEU,3,0,0,0,0,0.0,0.0,5.0,14,3,14,0.0,2026-02-24T16:01:06.280Z
2026-01-01,CHN,SYR,1,0,0,0,0,0.0,0.0,2.8,4,2,4,-3.21523059837993,2026-02-24T16:01:06.280Z
2026-01-01,IRN,VEN,5,0,0,0,0,0.0,0.0,-10.0,8,8,8,-3.9446837059320017,2026-02-24T16:01:06.280Z
2026-01-01,SYR,SYR,19,0,0,0,0,0.0,0.0,-2.031578947368421,50,19,50,-3.6050216587870763,2026-02-24T16:01:06.280Z
2026-01-01,USA,SYR,5,0,0,0,0,0.0,0.0,0.9,6,5,6,-4.062497601985034,2026-02-24T16:01:06.280Z
2026-01-01,VEN,MEX,1,0,0,0,0,0.0,0.0,6.4,2,1,2,-1.50829562594269,2026-02-24T16:01:06.280Z
2026-01-01,GBR,IRN,1,0,0,0,0,0.0,0.0,3.0,1,1,1,-2.93159609120521,2026-02-24T16:01:06.280Z
2026-01-01,ISR,PAK,2,0,0,0,0,0.0,0.0,2.8,2,2,2,0.021623419827009993,2026-02-24T16:01:06.280Z
2026-01-01,FRA,UKR,7,0,0,0,0,0.0,0.0,0.0,17,7,17,-4.112403312130035,2026-02-24T16:01:06.280Z
2026-01-01,DEU,FRA,2,0,0,0,0,0.0,0.0,4.0,10,2,10,0.0,2026-02-24T16:01:06.280Z
2026-01-01,ETH,ERI,4,0,0,0,0,0.0,0.0,-9.2,17,4,17,-7.800732463142076,2026-02-24T16:01:06.280Z
2026-01-01,GBR,DEU,8,0,2,0,0,0.25,0.0,5.95,14,8,14,-0.7933154371313053,2026-02-24T16:01:06.280Z
2026-01-01,ISR,KOR,3,0,0,0,0,0.0,0.0,3.0,10,3,10,3.47593582887701,2026-02-24T16:01:06.280Z
2026-01-01,SYR,IRN,1,0,0,0,0,0.0,0.0,0.4,2,1,2,-2.82685512367491,2026-02-24T16:01:06.280Z
2026-01-01,IND,PAK,9,0,0,0,0,0.0,0.0,-4.488888888888889,20,9,20,-1.1048340093531077,2026-02-24T16:01:06.280Z
2026-01-01,VEN,RUS,1,0,0,0,0,0.0,0.0,6.4,2,1,2,2.77777777777777,2026-02-24T16:01:06.280Z
2026-01-01,MEX,CHN,7,0,0,0,0,0.0,0.0,1.8571428571428572,22,7,22,-2.52415940435943,2026-02-24T16:01:06.280Z
2026-01-01,VEN,CHN,5,0,0,0,0,0.0,0.0,4.840000000000001,5,5,5,-1.7502213501160562,2026-02-24T16:01:06.280Z
2026-01-01,RWA,COD,3,0,0,0,0,0.0,0.0,-10.0,22,3,22,-7.937320895067376,2026-02-24T16:01:06.280Z
2026-01-01,SYR,RUS,3,0,1,0,0,0.3333333333333333,0.0,1.0,8,3,8,-0.36101083032491,2026-02-24T16:01:06.280Z
2026-01-01,CHN,MEX,4,0,0,0,0,0.0,0.0,7.0,14,4,14,-0.06371695235196001,2026-02-24T16:01:06.280Z
2026-01-01,DEU,GBR,1,0,0,0,0,0.0,0.0,1.9,2,1,2,3.36879432624113,2026-02-24T16:01:06.280Z
2026-01-01,UKR,IRN,1,0,0,0,0,0.0,0.0,-2.0,3,1,3,-11.5241635687732,2026-02-24T16:01:06.280Z
2026-01-01,USA,ARG,1,0,0,0,0,0.0,0.0,2.8,2,1,2,1.52838427947599,2026-02-24T16:01:06.280Z
2026-01-01,PSE,TUR,2,0,0,0,0,0.0,0.0,1.0,4,2,4,4.91803278688525,2026-02-24T16:01:06.280Z
2026-01-01,CHN,ISR,1,0,0,0,0,0.0,0.0,1.9,4,1,4,0.0,2026-02-24T16:01:06.280Z
2026-01-01,CHN,PSE,1,0,0,0,0,0.0,0.0,1.9,2,1,2,0.0,2026-02-24T16:01:06.280Z
2026-01-01,DEU,IRN,2,0,0,0,0,0.0,0.0,3.4,2,2,2,-4.72051056338028,2026-02-24T16:01:06.280Z
2026-01-01,PSE,CHN,1,0,0,0,0,0.0,0.0,2.8,2,1,2,0.0,2026-02-24T16:01:06.280Z
2026-01-01,DEU,VEN,2,0,0,0,0,0.0,0.0,-3.25,8,2,8,-5.07462686567164,2026-02-24T16:01:06.280Z
2026-01-01,RUS,GBR,7,1,1,0,0,0.14285714285714285,0.14285714285714285,-4.142857142857143,34,7,34,-5.9106386183975355,2026-02-24T16:01:06.280Z
2026-01-01,ARG,USA,2,0,0,0,0,0.0,0.0,2.95,4,2,4,1.52838427947599,2026-02-24T16:01:06.280Z
2026-01-01,ISR,CHN,2,0,0,0,0,0.0,0.0,2.8,4,2,4,0.0,2026-02-24T16:01:06.280Z
2026-01-01,TUR,PSE,3,2,0,0,0,0.0,0.0,-3.0,8,3,8,4.91803278688525,2026-02-24T16:01:06.280Z
2026-01-01,RUS,SYR,3,0,1,0,0,0.3333333333333333,0.0,1.0,8,3,8,-0.36101083032491,2026-02-24T16:01:06.280Z
2026-01-01,TWN,CHN,2,0,0,0,0,0.0,0.0,1.9,5,2,5,3.57142857142857,2026-02-24T16:01:06.280Z
2026-01-01,FRA,IRN,2,0,0,0,0,0.0,0.0,7.0,2,2,2,-5.6980056980057,2026-02-24T16:01:06.280Z
2026-01-01,ISR,FRA,2,0,0,0,0,0.0,0.0,3.4,4,2,4,-2.21932114882506,2026-02-24T16:01:06.280Z
2026-01-01,PSE,USA,2,2,0,2,0,1.0,2.0,-7.0,7,2,7,-5.92991913746631,2026-02-24T16:01:06.280Z
2026-01-01,RUS,IND,1,0,0,0,0,0.0,0.0,3.4,2,1,2,8.39160839160839,2026-02-24T16:01:06.280Z
2026-01-01,ISR,RUS,2,0,0,0,0,0.0,0.0,3.0,2,2,2,0.68846815834768,2026-02-24T16:01:06.280Z
2026-01-01,CHN,TWN,2,0,0,0,0,0.0,0.0,2.8,5,2,5,3.57142857142857,2026-02-24T16:01:06.280Z
